customer_id,signup_date,state,acquisition_channel
1,2024-09-13,CO,organic_search
2,2025-10-21,IL,paid_search
3,2025-01-17,AZ,referral
4,2024-06-23,FL,paid_social
5,2025-04-08,IL,paid_social
6,2025-10-23,OH,paid_social
7,2024-07-23,IL,paid_social
8,2025-03-07,TX,paid_search
9,2024-05-19,WA,paid_search
10,2025-08-14,TX,organic_search
11,2024-11-23,SC,paid_search
12,2025-04-16,CO,organic_search
13,2025-07-24,TX,referral
14,2025-05-06,SC,paid_search
15,2025-07-29,CA,paid_search
16,2024-06-23,NY,paid_search
17,2025-03-08,UT,organic_search
18,2023-09-19,LA,referral
19,2024-03-29,PA,organic_search
20,2024-07-13,GA,organic_search
21,2025-05-03,WA,paid_search
22,2025-07-22,LA,paid_social
23,2025-06-01,MD,paid_social
24,2025-02-26,KS,paid_social
25,2025-10-17,FL,organic_search
26,2025-07-14,OK,organic_search
27,2025-12-02,FL,paid_search
28,2024-08-12,UT,paid_search
29,2024-08-29,TX,referral
30,2025-03-13,CA,referral
31,2025-10-27,OK,paid_search
32,2025-09-19,TX,paid_search
33,2024-04-06,PA,organic_search
34,2024-12-26,NY,paid_social
35,2025-12-19,MO,affiliate
36,2024-02-23,GA,organic_search
37,2025-03-26,CA,organic_search
38,2024-02-03,CO,referral
39,2024-08-27,CA,organic_search
40,2025-10-05,KS,paid_search
41,2025-03-03,IA,paid_search
42,2025-06-14,UT,paid_social
43,2025-06-21,NY,organic_search
44,2025-05-08,CA,organic_search
45,2025-11-08,MO,organic_search
46,2025-05-23,PA,paid_search
47,2025-04-21,NJ,affiliate
48,2024-02-02,PA,referral
49,2025-10-20,MI,paid_search
50,2024-10-18,IL,paid_search
51,2024-12-18,OH,organic_search
52,2025-07-22,IL,organic_search
53,2025-04-18,VA,organic_search
54,2024-10-26,WA,referral
55,2025-04-08,NY,email
56,2025-05-24,NY,affiliate
57,2024-02-05,NJ,paid_social
58,2025-06-12,IN,affiliate
59,2024-12-03,MI,affiliate
60,2025-06-16,CT,paid_social
61,2025-11-30,IN,affiliate
62,2023-09-20,NY,paid_social
63,2024-10-02,GA,organic_search
64,2025-10-08,FL,organic_search
65,2025-07-17,CA,referral
66,2024-01-30,CA,paid_search
67,2024-11-29,PA,organic_search
68,2024-06-01,WA,paid_social
69,2025-01-30,FL,organic_search
70,2025-01-01,MN,paid_search
71,2024-11-04,OR,organic_search
72,2024-05-05,OH,organic_search
73,2024-11-09,TX,paid_social
74,2025-06-04,NY,paid_search
75,2025-10-01,NY,referral
76,2025-12-17,VA,paid_search
77,2024-10-01,PA,organic_search
78,2024-06-15,GA,paid_search
79,2024-06-09,OR,organic_search
80,2024-12-19,AZ,paid_social
81,2025-02-15,TX,paid_search
82,2025-01-22,OH,referral
83,2025-03-12,IA,paid_social
84,2024-07-16,CA,referral
85,2024-07-28,OK,email
86,2025-09-15,NM,paid_social
87,2025-11-02,IA,paid_social
88,2025-08-08,VA,organic_search
89,2023-10-16,GA,email
90,2024-04-09,PA,paid_search
91,2025-06-06,FL,paid_search
92,2023-10-07,CA,organic_search
93,2025-03-31,WA,paid_social
94,2025-03-03,NY,email
95,2023-10-31,TX,organic_search
96,2024-05-15,NY,paid_social
97,2025-04-29,CA,paid_search
98,2024-09-07,MD,organic_search
99,2025-03-05,CO,paid_social
100,2024-06-09,NC,organic_search
101,2025-08-20,MO,paid_social
102,2025-09-18,TX,paid_social
103,2025-12-07,TN,affiliate
104,2025-03-09,OH,paid_search
105,2024-08-20,CA,paid_social
106,2025-01-22,WA,organic_search
107,2024-02-17,NY,paid_search
108,2024-05-13,AZ,paid_social
109,2025-09-22,IA,paid_social
110,2025-09-22,CA,paid_social
111,2025-11-16,CA,organic_search
112,2025-06-07,FL,organic_search
113,2025-06-21,IL,email
114,2024-03-15,CT,organic_search
115,2024-03-14,IL,organic_search
116,2024-02-22,TX,paid_search
117,2024-10-28,FL,organic_search
118,2024-11-27,FL,email
119,2024-11-11,GA,organic_search
120,2025-10-26,VA,affiliate
121,2025-08-29,FL,paid_social
122,2024-11-17,KS,organic_search
123,2024-06-01,TN,organic_search
124,2025-02-10,NY,referral
125,2024-01-17,KY,paid_social
126,2024-01-24,NJ,referral
127,2025-11-19,MI,paid_social
128,2025-11-07,MI,email
129,2024-11-05,TX,paid_search
130,2025-12-11,KY,organic_search
131,2024-10-09,CA,organic_search
132,2025-12-19,NY,paid_search
133,2024-08-29,VA,organic_search
134,2025-10-14,TX,paid_social
135,2024-06-03,CT,email
136,2025-06-06,FL,paid_social
137,2024-07-01,GA,organic_search
138,2024-12-18,OH,organic_search
139,2024-10-01,TX,organic_search
140,2024-06-07,MN,paid_social
141,2024-03-12,VA,organic_search
142,2025-09-29,OR,organic_search
143,2024-08-11,GA,paid_search
144,2024-11-23,NV,email
145,2024-09-26,CA,email
146,2024-09-30,TX,paid_search
147,2025-12-02,FL,organic_search
148,2025-08-22,OK,email
149,2025-07-19,IN,affiliate
150,2025-09-29,MD,email
151,2025-04-03,FL,paid_search
152,2025-05-23,CA,organic_search
153,2025-10-09,TX,organic_search
154,2024-01-27,IN,email
155,2024-07-30,WA,paid_social
156,2025-09-13,MO,affiliate
157,2024-09-25,OR,organic_search
158,2025-07-24,NC,referral
159,2024-03-09,GA,affiliate
160,2025-05-08,OR,organic_search
161,2025-08-12,TX,organic_search
162,2025-01-10,CA,organic_search
163,2024-01-04,FL,paid_search
164,2025-10-21,NJ,paid_social
165,2025-10-13,OH,organic_search
166,2025-04-29,CT,email
167,2025-05-30,OK,email
168,2025-03-02,MI,organic_search
169,2025-11-28,GA,paid_social
170,2024-07-30,MD,organic_search
171,2024-12-13,NC,organic_search
172,2025-01-10,TN,organic_search
173,2025-10-06,MA,organic_search
174,2025-10-28,MD,referral
175,2024-10-12,PA,organic_search
176,2025-10-05,CA,paid_search
177,2025-09-21,CA,affiliate
178,2025-10-06,CA,organic_search
179,2025-11-30,TX,email
180,2025-08-20,TX,paid_search
181,2024-03-21,CA,email
182,2025-08-24,CA,organic_search
183,2025-08-29,AZ,organic_search
184,2024-11-22,CA,paid_social
185,2025-03-16,CA,organic_search
186,2024-09-26,CO,organic_search
187,2025-06-12,TX,organic_search
188,2025-07-13,CA,organic_search
189,2024-12-17,GA,paid_search
190,2025-08-15,FL,paid_social
191,2024-06-04,CA,paid_search
192,2025-10-25,OH,organic_search
193,2025-01-26,CA,organic_search
194,2025-12-04,WA,paid_search
195,2025-03-13,MI,paid_social
196,2024-05-11,GA,affiliate
197,2025-07-23,OR,paid_social
198,2025-09-11,MO,email
199,2024-05-19,FL,organic_search
200,2025-12-07,CA,organic_search
201,2025-02-24,GA,affiliate
202,2025-05-09,TX,paid_search
203,2024-07-23,OR,organic_search
204,2025-10-15,NC,paid_social
205,2024-11-25,WA,referral
206,2024-01-31,NJ,email
207,2024-07-14,FL,affiliate
208,2024-12-27,PA,organic_search
209,2025-10-31,MI,referral
210,2025-10-07,GA,paid_search
211,2025-09-21,SC,paid_search
212,2025-06-30,NJ,paid_social
213,2025-06-14,TN,paid_social
214,2024-07-16,WA,paid_social
215,2025-05-24,SC,referral
216,2025-05-22,AL,organic_search
217,2024-05-31,WA,paid_search
218,2025-12-17,VA,organic_search
219,2024-10-17,PA,organic_search
220,2025-02-28,TX,paid_social
221,2025-06-07,TX,organic_search
222,2024-11-16,IL,organic_search
223,2025-01-05,LA,paid_social
224,2025-01-12,MA,paid_search
225,2025-10-19,CO,paid_social
226,2023-11-14,PA,organic_search
227,2025-06-07,MD,organic_search
228,2024-10-20,GA,paid_search
229,2024-06-29,CA,referral
230,2025-10-07,CA,email
231,2024-11-02,CA,paid_search
232,2025-01-01,TX,paid_search
233,2025-02-19,VA,paid_social
234,2025-06-05,VA,organic_search
235,2024-10-27,NY,email
236,2025-01-10,TX,email
237,2024-11-25,MI,referral
238,2025-03-26,CA,organic_search
239,2024-07-02,CA,referral
240,2025-02-14,MN,organic_search
241,2025-07-06,CA,organic_search
242,2025-09-13,OH,paid_social
243,2024-06-29,TX,email
244,2025-01-01,TX,paid_social
245,2025-05-04,CA,referral
246,2025-11-20,TX,organic_search
247,2024-03-05,MI,paid_search
248,2025-01-06,TX,paid_search
249,2023-07-28,FL,organic_search
250,2024-05-30,WI,email
251,2024-10-04,WA,paid_social
252,2025-09-28,CA,paid_social
253,2024-05-04,NY,paid_social
254,2024-09-21,NY,paid_social
255,2024-12-22,SC,organic_search
256,2025-01-05,AL,organic_search
257,2025-10-04,AL,organic_search
258,2024-05-10,CA,paid_social
259,2024-07-16,FL,organic_search
260,2025-06-01,VA,organic_search
261,2024-10-09,TX,organic_search
262,2025-02-03,WA,paid_social
263,2024-05-29,TX,organic_search
264,2024-10-22,OR,referral
265,2025-02-01,TX,paid_social
266,2025-08-31,NY,organic_search
267,2025-10-22,NJ,paid_social
268,2024-11-21,CA,organic_search
269,2024-08-26,FL,paid_search
270,2025-09-05,IL,email
271,2024-11-17,CA,paid_search
272,2025-12-07,CA,email
273,2024-07-26,KY,email
274,2024-07-05,NY,paid_social
275,2024-10-25,TN,organic_search
276,2025-01-26,CT,organic_search
277,2025-05-20,CA,organic_search
278,2024-11-25,FL,paid_search
279,2025-01-22,TN,organic_search
280,2025-06-09,CA,organic_search
281,2025-03-03,NY,paid_social
282,2025-09-11,KS,paid_search
283,2024-02-21,OH,organic_search
284,2024-11-03,CA,affiliate
285,2024-07-29,UT,organic_search
286,2025-02-10,AZ,paid_social
287,2023-10-28,OH,referral
288,2023-12-17,FL,organic_search
289,2025-01-27,FL,organic_search
290,2025-09-17,CA,organic_search
291,2025-10-09,FL,email
292,2025-09-25,AR,organic_search
293,2025-01-06,FL,organic_search
294,2025-01-23,FL,email
295,2024-12-18,PA,paid_search
296,2025-09-12,NJ,paid_social
297,2024-02-14,NC,paid_search
298,2024-10-13,CA,referral
299,2024-03-12,TX,referral
300,2024-09-28,NY,referral
301,2025-09-29,IL,email
302,2024-12-23,CA,organic_search
303,2024-04-07,CA,referral
304,2024-06-21,IL,paid_search
305,2025-03-31,NJ,organic_search
306,2024-10-02,MA,organic_search
307,2023-12-11,CA,referral
308,2025-08-08,MD,organic_search
309,2023-11-30,NV,email
310,2025-08-21,CA,referral
311,2025-05-03,FL,referral
312,2025-12-06,AR,paid_social
313,2025-07-27,OH,organic_search
314,2025-05-20,GA,organic_search
315,2025-11-08,GA,organic_search
316,2025-09-29,TX,email
317,2025-08-08,CA,organic_search
318,2025-11-18,IA,paid_search
319,2025-10-29,NY,paid_search
320,2024-08-14,TX,paid_social
321,2024-03-27,NC,paid_search
322,2025-04-28,CA,organic_search
323,2025-03-25,CA,paid_social
324,2025-10-31,WI,organic_search
325,2024-05-02,SC,paid_social
326,2024-08-31,VA,paid_social
327,2024-12-31,CO,organic_search
328,2025-06-02,GA,paid_search
329,2025-11-21,GA,paid_social
330,2024-10-08,CA,paid_social
331,2024-03-18,OH,paid_social
332,2024-12-22,FL,email
333,2025-05-19,GA,affiliate
334,2024-08-09,PA,referral
335,2024-06-07,OH,affiliate
336,2024-12-03,FL,paid_search
337,2025-05-19,FL,organic_search
338,2025-07-05,CA,paid_social
339,2025-01-29,KY,paid_search
340,2025-12-05,MA,paid_social
341,2024-07-02,CA,referral
342,2024-04-21,OK,organic_search
343,2023-12-27,CA,email
344,2024-12-06,NY,paid_social
345,2025-04-16,FL,paid_social
346,2025-11-04,OH,paid_social
347,2025-01-20,OR,paid_social
348,2025-04-06,IL,email
349,2024-11-01,PA,referral
350,2024-09-27,MI,referral
351,2024-10-13,MA,paid_social
352,2025-10-23,GA,affiliate
353,2025-09-27,CO,affiliate
354,2024-10-08,IN,organic_search
355,2024-12-03,FL,paid_social
356,2025-10-09,MA,organic_search
357,2025-12-19,OH,organic_search
358,2025-12-18,PA,paid_social
359,2025-05-11,NV,referral
360,2023-10-12,OR,organic_search
361,2024-01-13,MN,paid_social
362,2024-06-26,NY,affiliate
363,2025-11-02,IL,paid_social
364,2025-09-22,MN,organic_search
365,2025-05-27,GA,paid_search
366,2024-07-21,SC,paid_social
367,2025-02-20,WI,organic_search
368,2024-05-15,FL,paid_social
369,2025-11-19,PA,paid_search
370,2025-07-07,CA,referral
371,2024-08-29,MN,organic_search
372,2025-07-26,MI,paid_social
373,2025-07-27,KS,paid_social
374,2025-03-11,NY,affiliate
375,2025-08-30,MI,organic_search
376,2025-04-03,CA,email
377,2025-04-09,KY,organic_search
378,2024-06-09,PA,paid_social
379,2024-11-18,CA,email
380,2024-11-08,CA,referral
381,2025-04-15,OH,email
382,2024-08-06,MO,organic_search
383,2024-05-13,CA,organic_search
384,2025-01-14,OH,referral
385,2025-12-02,TX,organic_search
386,2024-12-24,PA,affiliate
387,2025-05-31,AZ,paid_social
388,2025-07-08,CA,email
389,2025-06-02,PA,paid_search
390,2024-06-17,LA,paid_search
391,2024-07-06,IL,email
392,2024-08-09,TN,paid_social
393,2025-08-01,TN,email
394,2024-01-23,OH,email
395,2024-10-08,CT,referral
396,2023-12-30,PA,referral
397,2023-12-27,IN,email
398,2025-08-21,FL,referral
399,2023-11-24,VA,paid_search
400,2024-05-18,SC,organic_search
401,2023-11-29,TX,organic_search
402,2025-04-23,TX,organic_search
403,2025-10-12,IA,paid_social
404,2025-07-16,TX,paid_social
405,2025-01-04,IL,paid_search
406,2025-07-03,IN,paid_search
407,2025-06-01,MD,organic_search
408,2025-12-17,MN,organic_search
409,2025-08-03,AZ,organic_search
410,2024-12-23,MN,email
411,2025-03-21,NY,email
412,2023-10-10,FL,organic_search
413,2025-11-18,GA,paid_social
414,2025-05-28,NC,email
415,2025-03-05,TX,paid_social
416,2025-03-10,MD,paid_social
417,2024-09-09,IL,paid_search
418,2025-09-14,CA,organic_search
419,2025-04-09,FL,referral
420,2025-06-30,NV,email
421,2025-07-07,CO,organic_search
422,2023-12-30,OK,paid_social
423,2024-06-04,AL,organic_search
424,2023-11-11,CA,organic_search
425,2025-01-20,TX,paid_search
426,2025-01-05,CT,paid_social
427,2025-10-30,NC,organic_search
428,2024-01-31,AL,affiliate
429,2025-08-23,MI,paid_social
430,2025-11-12,TX,organic_search
431,2024-06-13,FL,paid_social
432,2025-12-04,FL,paid_search
433,2025-02-18,PA,email
434,2024-02-13,NY,email
435,2025-01-07,CA,referral
436,2025-01-15,MO,email
437,2025-07-31,WI,paid_social
438,2024-07-29,IL,paid_search
439,2024-10-04,CA,paid_social
440,2025-02-02,MI,paid_social
441,2024-08-21,TN,paid_social
442,2025-05-09,IL,organic_search
443,2024-04-16,FL,organic_search
444,2025-12-06,NV,paid_social
445,2023-11-09,AZ,email
446,2025-08-05,PA,paid_search
447,2025-07-16,GA,organic_search
448,2025-07-18,NY,organic_search
449,2025-08-18,FL,paid_social
450,2025-06-11,CA,organic_search
451,2025-04-09,GA,paid_search
452,2025-01-16,PA,email
453,2025-10-19,FL,paid_search
454,2025-10-29,TN,organic_search
455,2025-10-16,NJ,organic_search
456,2025-02-22,MI,paid_search
457,2025-08-09,FL,organic_search
458,2023-11-22,TN,organic_search
459,2025-02-05,MI,paid_search
460,2025-07-10,UT,affiliate
461,2025-03-28,CA,organic_search
462,2025-03-31,GA,referral
463,2024-12-22,VA,email
464,2023-12-08,NJ,organic_search
465,2025-08-09,WI,referral
466,2025-01-15,PA,organic_search
467,2025-12-05,CA,organic_search
468,2025-06-11,NC,organic_search
469,2025-08-30,TN,email
470,2023-10-06,IN,referral
471,2025-09-22,NY,email
472,2024-04-30,CA,paid_search
473,2024-10-08,CT,organic_search
474,2025-09-03,OH,organic_search
475,2025-09-25,VA,organic_search
476,2025-09-09,NC,referral
477,2025-10-06,OK,paid_social
478,2025-05-30,MI,organic_search
479,2024-05-24,CA,email
480,2025-05-06,NV,organic_search
481,2025-01-25,IL,email
482,2024-11-14,FL,organic_search
483,2025-02-11,MI,paid_social
484,2024-05-19,FL,organic_search
485,2025-11-16,PA,email
486,2024-11-29,CA,organic_search
487,2025-11-09,CA,paid_search
488,2024-09-23,NJ,referral
489,2025-06-22,NY,paid_search
490,2025-01-20,NC,paid_search
491,2025-10-29,IA,paid_social
492,2025-04-14,UT,paid_social
493,2025-08-24,TN,organic_search
494,2025-01-17,NY,paid_social
495,2025-10-01,MA,organic_search
496,2025-08-11,OR,referral
497,2025-05-09,NJ,paid_search
498,2025-02-24,AZ,paid_social
499,2025-02-14,NY,organic_search
500,2024-11-08,CA,organic_search
501,2025-04-29,NJ,organic_search
502,2024-03-13,IA,organic_search
503,2025-05-25,WI,paid_social
504,2024-11-13,CA,affiliate
505,2024-09-23,TX,organic_search
506,2023-10-09,MI,paid_social
507,2024-06-06,SC,organic_search
508,2024-09-23,OR,organic_search
509,2024-02-10,UT,organic_search
510,2023-12-03,PA,paid_search
511,2023-07-21,LA,organic_search
512,2025-10-02,FL,paid_social
513,2024-08-29,NC,paid_search
514,2025-08-11,TX,paid_search
515,2025-08-02,CA,paid_social
516,2025-07-14,FL,organic_search
517,2024-10-16,MN,organic_search
518,2025-04-16,FL,affiliate
519,2024-03-19,CA,organic_search
520,2025-02-06,CA,email
521,2025-08-24,PA,paid_search
522,2025-10-29,TX,email
523,2025-09-12,LA,referral
524,2024-09-09,VA,organic_search
525,2025-03-24,WI,paid_social
526,2023-10-18,MI,paid_search
527,2025-03-18,OH,paid_social
528,2025-01-07,OH,organic_search
529,2025-06-11,CO,organic_search
530,2025-10-22,OR,organic_search
531,2024-07-03,AL,affiliate
532,2025-12-06,WI,paid_social
533,2025-08-11,NY,affiliate
534,2025-05-16,NY,paid_social
535,2024-11-01,OH,paid_social
536,2024-06-04,TX,organic_search
537,2025-09-24,CA,email
538,2024-04-14,CA,email
539,2024-08-11,SC,organic_search
540,2024-01-03,SC,referral
541,2025-06-18,IL,email
542,2023-09-27,CA,paid_social
543,2025-07-18,TX,affiliate
544,2025-02-10,PA,organic_search
545,2024-12-10,TX,paid_search
546,2025-01-15,CO,referral
547,2025-07-13,TX,organic_search
548,2024-06-05,NY,organic_search
549,2024-09-01,OH,organic_search
550,2023-08-01,NY,paid_search
551,2024-11-29,NM,organic_search
552,2025-12-06,MO,organic_search
553,2025-02-25,GA,organic_search
554,2024-07-11,AR,paid_social
555,2025-06-15,OH,affiliate
556,2024-05-01,CA,paid_search
557,2025-06-20,AL,paid_social
558,2025-04-09,IN,paid_search
559,2025-10-09,CA,email
560,2024-12-04,SC,paid_social
561,2025-02-10,CA,affiliate
562,2025-11-09,MI,paid_social
563,2024-07-07,MN,paid_social
564,2025-03-21,CA,referral
565,2025-10-29,CA,paid_social
566,2024-10-09,WI,organic_search
567,2025-12-07,SC,email
568,2023-11-18,NY,paid_social
569,2025-11-27,CA,referral
570,2025-06-23,AR,affiliate
571,2025-08-13,CA,referral
572,2023-10-31,LA,organic_search
573,2025-12-16,CT,referral
574,2025-04-28,AZ,affiliate
575,2025-07-14,IA,paid_social
576,2024-09-23,NC,affiliate
577,2024-12-04,CO,referral
578,2024-11-25,WI,paid_search
579,2025-09-12,OH,email
580,2025-01-08,OH,email
581,2023-08-13,OH,referral
582,2025-02-10,TX,paid_social
583,2025-08-20,FL,paid_social
584,2024-06-13,CA,paid_social
585,2024-07-12,MO,organic_search
586,2025-07-28,IL,organic_search
587,2025-10-23,WA,organic_search
588,2024-06-17,NJ,paid_social
589,2025-10-03,OK,organic_search
590,2024-12-29,FL,paid_search
591,2024-12-31,MO,email
592,2024-06-16,CA,organic_search
593,2025-12-17,MO,referral
594,2024-10-10,MO,paid_social
595,2025-08-21,AL,referral
596,2025-08-16,GA,paid_social
597,2024-08-26,IL,paid_search
598,2025-04-29,TX,email
599,2024-11-25,NC,paid_social
600,2024-04-20,TX,organic_search
601,2025-04-09,TN,paid_social
602,2024-01-13,VA,paid_social
603,2025-08-20,CA,paid_search
604,2023-12-24,TX,paid_search
605,2025-01-24,GA,paid_search
606,2025-07-18,NC,organic_search
607,2024-05-03,NY,email
608,2025-02-18,FL,organic_search
609,2025-07-16,MN,organic_search
610,2024-01-27,TX,organic_search
611,2024-12-21,MO,organic_search
612,2023-08-02,CA,paid_search
613,2023-08-07,PA,referral
614,2025-10-22,PA,paid_search
615,2025-12-08,NY,email
616,2025-04-26,KS,email
617,2024-02-05,NY,organic_search
618,2025-01-21,KY,email
619,2025-11-19,NC,organic_search
620,2025-11-07,NY,affiliate
621,2025-06-06,NY,organic_search
622,2025-12-19,WA,organic_search
623,2025-04-26,LA,organic_search
624,2025-01-14,FL,organic_search
625,2025-07-02,GA,paid_search
626,2025-05-09,KY,paid_search
627,2024-12-11,MO,organic_search
628,2024-09-04,UT,organic_search
629,2025-11-26,OH,organic_search
630,2025-11-27,NJ,paid_social
631,2025-04-27,IL,affiliate
632,2024-03-28,NY,email
633,2024-06-15,GA,organic_search
634,2025-08-07,MN,paid_search
635,2025-11-21,CA,paid_social
636,2025-02-26,NC,paid_search
637,2025-01-26,WA,email
638,2025-05-28,FL,paid_social
639,2024-10-22,AR,paid_social
640,2024-07-13,CA,paid_search
641,2025-08-28,CA,email
642,2025-10-31,FL,referral
643,2025-12-10,PA,email
644,2025-01-12,MO,email
645,2024-12-22,MI,paid_social
646,2025-01-15,NJ,organic_search
647,2025-10-04,IL,organic_search
648,2025-09-10,CA,referral
649,2025-11-02,WA,paid_social
650,2025-11-16,NJ,affiliate
651,2024-04-28,OK,referral
652,2025-09-06,AL,paid_social
653,2025-07-25,TX,paid_social
654,2025-08-25,IN,email
655,2025-09-19,PA,paid_social
656,2023-11-02,GA,email
657,2025-01-19,LA,organic_search
658,2024-06-17,AZ,organic_search
659,2024-10-13,KS,organic_search
660,2024-10-22,CA,paid_search
661,2024-12-20,CA,organic_search
662,2024-08-08,NC,paid_social
663,2025-05-30,CA,paid_social
664,2024-09-30,WI,email
665,2025-09-04,MN,organic_search
666,2025-07-15,CA,email
667,2025-05-03,TN,referral
668,2025-06-01,CA,email
669,2025-01-15,KY,paid_social
670,2025-07-08,WA,paid_social
671,2025-10-29,WA,referral
672,2025-07-16,CA,organic_search
673,2025-09-11,TX,organic_search
674,2025-10-13,TX,affiliate
675,2025-06-18,FL,email
676,2024-05-26,OK,paid_search
677,2025-06-25,MO,email
678,2024-11-29,FL,referral
679,2025-07-01,MD,paid_search
680,2025-05-18,CA,paid_social
681,2025-07-24,PA,paid_search
682,2024-10-16,FL,referral
683,2023-10-26,NJ,affiliate
684,2025-02-24,CO,affiliate
685,2024-08-16,CT,email
686,2023-10-14,NY,referral
687,2025-06-06,CA,paid_search
688,2025-07-09,FL,organic_search
689,2025-07-03,NV,organic_search
690,2025-05-02,PA,organic_search
691,2025-06-28,IL,paid_search
692,2025-04-13,PA,referral
693,2024-10-17,CO,referral
694,2025-11-10,CO,organic_search
695,2025-10-19,WI,organic_search
696,2024-12-24,CA,organic_search
697,2025-01-26,MI,paid_social
698,2024-03-17,NJ,paid_social
699,2025-06-20,TX,organic_search
700,2024-12-19,SC,referral
701,2024-10-07,MI,affiliate
702,2025-06-07,CA,organic_search
703,2025-10-31,CA,email
704,2025-11-07,NJ,affiliate
705,2025-08-29,NC,paid_social
706,2024-09-21,TN,organic_search
707,2025-10-06,NV,paid_search
708,2025-08-05,PA,organic_search
709,2023-11-12,FL,paid_social
710,2023-11-14,FL,organic_search
711,2024-09-04,AR,email
712,2024-11-08,CA,paid_search
713,2025-02-23,OR,organic_search
714,2023-10-29,LA,organic_search
715,2025-05-12,FL,paid_social
716,2025-09-25,IL,organic_search
717,2024-10-21,CT,email
718,2024-06-07,PA,paid_search
719,2025-09-23,NY,affiliate
720,2025-10-18,WI,paid_social
721,2024-10-03,NY,organic_search
722,2025-08-26,NJ,paid_social
723,2025-03-23,AZ,email
724,2023-12-20,FL,affiliate
725,2023-08-20,MI,paid_search
726,2025-10-08,TX,affiliate
727,2024-03-13,GA,organic_search
728,2025-08-21,PA,email
729,2025-05-24,TN,organic_search
730,2025-06-29,MN,referral
731,2024-01-29,OR,paid_search
732,2025-03-07,AR,organic_search
733,2024-01-04,GA,organic_search
734,2024-10-14,PA,paid_social
735,2023-12-28,KY,organic_search
736,2025-11-06,MI,referral
737,2024-04-01,FL,email
738,2023-11-26,CO,organic_search
739,2025-07-04,MI,paid_social
740,2025-12-15,IL,affiliate
741,2025-05-11,CA,organic_search
742,2025-10-13,FL,email
743,2025-08-15,NJ,paid_search
744,2025-01-02,NY,paid_social
745,2024-01-11,OH,referral
746,2025-10-13,OH,organic_search
747,2024-06-04,WA,referral
748,2023-10-21,NC,email
749,2025-09-19,NY,paid_social
750,2025-03-19,CA,organic_search
751,2025-10-18,TX,email
752,2025-07-18,CA,paid_social
753,2025-07-02,FL,paid_social
754,2025-02-20,VA,paid_search
755,2025-11-11,PA,paid_search
756,2024-05-18,VA,paid_social
757,2025-01-14,PA,organic_search
758,2024-10-12,CA,organic_search
759,2024-05-10,MI,paid_social
760,2025-11-11,IL,paid_social
761,2024-10-15,TN,paid_social
762,2024-06-13,WI,referral
763,2025-06-08,MD,organic_search
764,2024-03-21,FL,organic_search
765,2025-09-08,PA,organic_search
766,2023-11-19,AR,organic_search
767,2025-10-06,SC,paid_social
768,2025-04-26,TX,organic_search
769,2025-08-12,NM,organic_search
770,2024-06-27,SC,organic_search
771,2025-12-19,IN,paid_search
772,2024-02-26,MA,organic_search
773,2025-07-25,GA,email
774,2025-08-23,CA,organic_search
775,2024-09-25,NC,paid_social
776,2025-02-03,CA,organic_search
777,2025-12-04,CA,organic_search
778,2024-08-09,TX,paid_search
779,2025-11-16,NY,organic_search
780,2024-03-25,CA,organic_search
781,2025-09-30,CA,affiliate
782,2025-11-26,NY,paid_social
783,2025-01-18,VA,organic_search
784,2025-06-02,PA,organic_search
785,2025-12-17,CA,organic_search
786,2025-06-27,NC,paid_search
787,2025-07-05,OH,paid_social
788,2024-05-05,TX,email
789,2024-09-04,CA,organic_search
790,2025-09-05,TX,paid_social
791,2025-05-28,CA,organic_search
792,2025-09-12,KY,email
793,2025-08-22,WA,paid_social
794,2024-12-24,IL,organic_search
795,2025-05-02,CA,paid_social
796,2024-08-24,MI,paid_social
797,2023-12-29,NJ,paid_search
798,2025-03-29,FL,paid_social
799,2025-08-26,NJ,organic_search
800,2025-03-29,CA,paid_search
801,2024-12-14,CA,paid_social
802,2025-08-25,CA,paid_search
803,2024-10-23,WI,organic_search
804,2025-01-30,VA,paid_search
805,2025-02-23,CA,organic_search
806,2025-06-14,NV,email
807,2024-08-22,TX,email
808,2025-03-11,SC,organic_search
809,2024-12-01,LA,paid_search
810,2025-04-16,OR,paid_social
811,2025-06-08,NY,paid_social
812,2025-05-05,NY,paid_search
813,2025-12-17,GA,referral
814,2025-04-30,IN,affiliate
815,2025-09-26,IL,paid_social
816,2024-10-27,UT,organic_search
817,2025-02-12,MD,email
818,2025-04-07,NY,organic_search
819,2025-07-21,FL,organic_search
820,2025-03-15,CA,paid_search
821,2025-08-05,VA,paid_search
822,2025-05-15,AL,paid_search
823,2025-10-23,UT,paid_social
824,2025-12-12,FL,paid_search
825,2024-08-28,TX,paid_social
826,2025-01-22,MA,paid_social
827,2024-06-03,IL,paid_search
828,2025-06-13,MI,organic_search
829,2025-06-16,CA,organic_search
830,2024-01-30,OK,paid_social
831,2024-04-27,NJ,paid_social
832,2025-07-23,UT,affiliate
833,2025-09-01,IN,paid_search
834,2025-07-23,MD,organic_search
835,2024-07-12,CA,paid_social
836,2025-05-20,MA,referral
837,2024-07-22,MI,email
838,2024-10-20,NC,paid_search
839,2024-06-17,KY,paid_social
840,2023-10-30,MN,organic_search
841,2025-05-15,TX,affiliate
842,2025-08-08,NC,paid_search
843,2025-09-15,CO,paid_search
844,2025-04-26,AR,paid_social
845,2024-01-17,FL,email
846,2024-11-22,AL,organic_search
847,2024-09-15,LA,paid_social
848,2025-06-20,OH,referral
849,2025-10-11,MA,organic_search
850,2025-10-11,FL,organic_search
851,2025-05-16,WI,referral
852,2024-06-05,CA,affiliate
853,2024-02-02,IL,organic_search
854,2024-08-05,NY,organic_search
855,2024-10-12,MA,referral
856,2025-01-22,TX,organic_search
857,2025-10-12,CA,email
858,2024-07-04,CA,organic_search
859,2025-11-28,NY,referral
860,2024-03-24,OR,referral
861,2025-08-13,TX,paid_search
862,2024-07-12,TN,organic_search
863,2025-03-28,TN,organic_search
864,2025-05-14,CO,affiliate
865,2024-10-27,WA,paid_search
866,2024-09-05,TX,organic_search
867,2025-08-22,NJ,organic_search
868,2024-03-23,OK,organic_search
869,2025-03-03,LA,paid_social
870,2025-01-30,WI,organic_search
871,2025-12-06,WI,email
872,2024-11-22,NJ,referral
873,2025-02-11,OH,organic_search
874,2025-04-22,CA,organic_search
875,2024-08-29,TX,referral
876,2024-07-10,NY,affiliate
877,2024-11-14,AZ,organic_search
878,2024-09-15,OH,email
879,2024-12-28,NC,paid_social
880,2025-04-25,LA,paid_social
881,2024-11-30,WI,organic_search
882,2025-07-24,FL,organic_search
883,2025-02-18,NY,organic_search
884,2025-03-24,AL,paid_search
885,2024-02-05,AL,email
886,2025-11-08,MD,email
887,2024-03-19,NM,paid_social
888,2024-10-03,IN,paid_social
889,2024-10-06,IL,email
890,2025-05-05,LA,organic_search
891,2025-12-03,NC,email
892,2023-12-24,NY,email
893,2025-02-11,NJ,organic_search
894,2025-07-25,NJ,organic_search
895,2025-01-30,FL,organic_search
896,2024-08-24,WA,affiliate
897,2025-05-28,CT,organic_search
898,2023-12-13,SC,organic_search
899,2025-09-07,NY,paid_social
900,2024-09-26,WA,email
901,2025-03-25,NY,paid_social
902,2024-08-15,MD,organic_search
903,2024-04-05,AZ,organic_search
904,2023-11-19,VA,email
905,2025-08-27,CA,email
906,2025-11-05,TX,email
907,2024-11-10,NY,organic_search
908,2025-04-26,IL,paid_social
909,2025-10-25,MD,affiliate
910,2024-08-12,MO,organic_search
911,2024-03-15,MD,paid_social
912,2024-08-30,IL,organic_search
913,2024-02-10,OH,paid_search
914,2025-11-11,FL,referral
915,2024-08-21,GA,email
916,2025-07-31,KY,paid_search
917,2025-04-25,TN,paid_social
918,2025-04-30,CA,affiliate
919,2025-11-08,KY,paid_social
920,2023-11-14,TX,paid_search
921,2025-07-11,CA,paid_search
922,2025-06-23,TX,referral
923,2025-01-01,MI,organic_search
924,2025-05-15,CA,organic_search
925,2025-06-25,MN,organic_search
926,2024-07-09,NC,email
927,2025-02-08,KS,paid_social
928,2025-09-08,NY,referral
929,2025-07-14,NV,email
930,2024-02-15,TX,email
931,2025-08-16,TX,organic_search
932,2025-12-14,NC,organic_search
933,2025-11-17,GA,organic_search
934,2025-05-15,NC,referral
935,2025-11-11,OH,email
936,2025-01-15,OR,paid_search
937,2024-12-24,OH,paid_social
938,2025-09-06,OH,organic_search
939,2025-05-26,TX,organic_search
940,2024-12-25,OH,referral
941,2025-10-13,WI,paid_social
942,2025-01-17,LA,paid_social
943,2025-11-17,AL,referral
944,2025-03-28,PA,paid_search
945,2025-02-20,CA,paid_social
946,2024-10-28,CA,paid_social
947,2025-08-05,FL,organic_search
948,2025-09-16,CA,organic_search
949,2024-08-26,CA,referral
950,2024-09-02,SC,organic_search
951,2024-10-10,IN,paid_search
952,2025-10-06,MA,affiliate
953,2025-04-02,TN,organic_search
954,2025-03-27,CA,paid_social
955,2025-10-18,KY,email
956,2025-05-20,AR,organic_search
957,2025-10-29,MD,paid_social
958,2025-01-14,MI,paid_social
959,2025-11-18,FL,affiliate
960,2025-07-09,TX,paid_social
961,2023-08-08,CA,organic_search
962,2024-06-23,CA,paid_social
963,2024-08-20,GA,paid_search
964,2024-12-03,TX,paid_search
965,2025-10-15,KY,organic_search
966,2024-09-29,CA,organic_search
967,2024-08-19,OH,paid_search
968,2024-05-19,TN,organic_search
969,2025-07-11,AZ,paid_social
970,2025-12-09,PA,affiliate
971,2025-09-11,CA,paid_search
972,2025-08-23,TX,paid_search
973,2024-12-08,CA,paid_social
974,2025-07-18,NC,email
975,2025-11-18,OK,paid_search
976,2024-05-29,CA,organic_search
977,2024-07-09,IN,email
978,2024-12-01,CA,paid_social
979,2025-07-25,TX,organic_search
980,2025-05-28,FL,affiliate
981,2025-11-11,WA,organic_search
982,2025-10-29,LA,paid_search
983,2025-02-24,CA,organic_search
984,2025-09-14,FL,email
985,2025-04-19,FL,organic_search
986,2024-11-05,NV,paid_social
987,2023-07-29,FL,paid_search
988,2024-12-23,MD,paid_social
989,2025-11-18,FL,organic_search
990,2025-06-12,PA,email
991,2025-11-22,MD,referral
992,2025-08-24,TX,organic_search
993,2025-05-09,VA,affiliate
994,2024-10-13,FL,paid_search
995,2025-07-16,LA,paid_social
996,2025-10-17,VA,paid_social
997,2025-08-14,PA,organic_search
998,2024-05-11,GA,paid_social
999,2024-11-04,CA,email
1000,2025-05-08,AR,paid_social
1001,2024-12-05,CA,organic_search
1002,2025-05-07,CA,paid_social
1003,2025-09-11,SC,paid_search
1004,2024-11-26,OK,paid_social
1005,2025-10-02,AZ,organic_search
1006,2025-12-07,SC,organic_search
1007,2024-12-31,NY,paid_search
1008,2024-09-01,CA,email
1009,2025-11-12,WA,referral
1010,2023-08-29,KY,referral
1011,2025-01-29,CA,paid_search
1012,2024-12-02,MI,organic_search
1013,2025-05-19,AZ,paid_social
1014,2025-02-08,IL,affiliate
1015,2025-03-04,OR,organic_search
1016,2025-03-03,TN,paid_social
1017,2024-07-04,PA,paid_social
1018,2025-09-05,UT,paid_social
1019,2023-12-26,NY,organic_search
1020,2025-11-16,CO,paid_social
1021,2025-01-14,NC,email
1022,2025-03-20,TX,paid_search
1023,2024-12-08,CA,organic_search
1024,2024-05-05,NY,organic_search
1025,2025-08-05,CA,referral
1026,2025-07-31,TN,referral
1027,2024-05-06,PA,organic_search
1028,2025-08-03,CO,paid_search
1029,2025-05-15,NY,affiliate
1030,2025-12-08,OH,paid_search
1031,2025-09-23,AR,organic_search
1032,2025-06-09,TX,organic_search
1033,2024-09-12,OH,organic_search
1034,2024-03-28,NC,organic_search
1035,2025-10-03,NY,email
1036,2024-05-15,TN,email
1037,2024-12-11,TX,referral
1038,2025-09-17,CA,paid_social
1039,2024-03-21,NY,organic_search
1040,2024-09-30,TX,paid_social
1041,2025-10-07,KY,organic_search
1042,2025-02-22,CA,paid_social
1043,2025-07-03,NC,organic_search
1044,2024-11-26,CO,paid_search
1045,2025-08-13,FL,paid_social
1046,2023-12-04,CO,organic_search
1047,2023-12-19,NY,organic_search
1048,2025-06-16,GA,paid_social
1049,2023-09-12,NY,paid_social
1050,2025-03-09,MA,paid_search
1051,2025-08-12,IL,paid_social
1052,2023-12-21,PA,organic_search
1053,2024-01-02,IA,affiliate
1054,2025-11-29,FL,organic_search
1055,2025-11-29,AL,organic_search
1056,2024-09-18,TX,paid_social
1057,2025-06-17,PA,referral
1058,2024-03-07,IL,organic_search
1059,2025-06-01,IA,paid_social
1060,2025-02-11,IL,organic_search
1061,2024-09-25,AZ,paid_search
1062,2025-03-22,MN,affiliate
1063,2025-10-19,IL,paid_search
1064,2024-07-31,CA,email
1065,2024-09-16,FL,paid_social
1066,2025-05-24,NV,paid_social
1067,2025-04-30,AR,email
1068,2024-03-22,FL,affiliate
1069,2024-12-12,TX,paid_social
1070,2024-08-13,GA,organic_search
1071,2024-06-27,MD,organic_search
1072,2025-05-24,MO,organic_search
1073,2024-06-11,NY,paid_social
1074,2024-08-22,AZ,organic_search
1075,2025-06-22,CA,paid_social
1076,2024-12-16,IA,paid_search
1077,2023-10-10,MO,paid_social
1078,2024-06-03,MD,organic_search
1079,2025-11-15,CA,email
1080,2024-02-25,CA,organic_search
1081,2024-08-08,NJ,paid_search
1082,2024-09-16,CA,organic_search
1083,2025-10-16,SC,affiliate
1084,2024-01-09,MI,paid_search
1085,2024-05-26,MI,email
1086,2025-09-09,NV,email
1087,2025-05-09,MD,paid_search
1088,2025-11-23,CA,paid_search
1089,2025-05-03,NJ,organic_search
1090,2025-03-02,IL,paid_search
1091,2024-02-06,TX,organic_search
1092,2024-12-25,FL,organic_search
1093,2025-10-09,OH,paid_search
1094,2024-09-16,KS,affiliate
1095,2025-05-20,CA,paid_social
1096,2025-04-17,FL,organic_search
1097,2025-06-09,CO,affiliate
1098,2024-06-17,PA,organic_search
1099,2025-02-24,OR,paid_search
1100,2025-04-06,CO,paid_social
1101,2025-11-01,WA,organic_search
1102,2025-11-13,TX,email
1103,2025-09-28,NY,affiliate
1104,2024-08-04,IN,organic_search
1105,2025-12-03,WA,paid_social
1106,2024-02-29,TN,paid_social
1107,2024-05-08,LA,paid_social
1108,2025-03-13,NJ,organic_search
1109,2025-09-17,MN,paid_social
1110,2023-08-26,CA,organic_search
1111,2024-12-28,SC,organic_search
1112,2025-02-25,FL,paid_search
1113,2023-10-25,PA,paid_social
1114,2024-02-28,NY,paid_search
1115,2025-08-25,NC,organic_search
1116,2024-06-09,UT,paid_social
1117,2025-12-01,FL,paid_search
1118,2024-05-09,VA,paid_social
1119,2024-08-21,TX,referral
1120,2024-11-19,GA,organic_search
1121,2025-07-06,CA,email
1122,2024-10-19,CA,referral
1123,2024-07-21,NC,paid_social
1124,2024-09-20,TX,referral
1125,2025-03-14,CA,paid_social
1126,2025-03-26,CA,paid_search
1127,2025-03-22,FL,organic_search
1128,2024-03-29,NM,paid_social
1129,2025-04-07,PA,organic_search
1130,2025-07-05,MI,email
1131,2025-05-07,VA,organic_search
1132,2024-05-14,KY,referral
1133,2025-04-28,GA,organic_search
1134,2024-05-01,MI,paid_search
1135,2024-07-07,AZ,paid_social
1136,2025-06-20,PA,organic_search
1137,2024-02-21,CA,organic_search
1138,2025-06-23,NV,referral
1139,2024-03-14,VA,organic_search
1140,2024-09-11,OR,organic_search
1141,2025-07-07,VA,paid_search
1142,2025-04-07,MN,paid_social
1143,2025-03-18,MI,paid_search
1144,2025-09-15,OK,organic_search
1145,2025-11-19,NC,paid_social
1146,2025-11-02,AZ,paid_search
1147,2025-10-17,WI,organic_search
1148,2024-01-30,NC,paid_search
1149,2025-03-29,OH,email
1150,2024-12-18,TX,paid_social
1151,2024-11-30,NY,email
1152,2024-06-06,FL,paid_search
1153,2024-08-08,MO,organic_search
1154,2025-06-29,OR,paid_social
1155,2024-11-28,NC,paid_social
1156,2024-12-03,TX,email
1157,2024-12-17,GA,organic_search
1158,2025-09-12,CT,affiliate
1159,2025-04-19,NV,paid_social
1160,2025-02-21,PA,paid_search
1161,2025-09-11,FL,paid_social
1162,2024-12-06,VA,organic_search
1163,2024-05-15,WA,paid_social
1164,2025-04-05,FL,paid_social
1165,2024-08-28,GA,paid_search
1166,2025-10-18,NJ,email
1167,2025-05-02,NJ,email
1168,2025-02-03,NV,organic_search
1169,2025-09-14,NC,email
1170,2024-12-03,OK,email
1171,2025-03-23,WA,organic_search
1172,2024-01-04,CA,paid_search
1173,2025-04-03,GA,paid_social
1174,2025-01-22,FL,referral
1175,2024-06-02,KS,affiliate
1176,2025-07-13,MA,referral
1177,2025-05-23,VA,organic_search
1178,2025-10-13,AZ,email
1179,2024-01-08,NY,organic_search
1180,2025-06-14,MD,paid_social
1181,2024-08-25,MA,organic_search
1182,2024-08-11,MI,email
1183,2025-02-05,OH,paid_social
1184,2025-04-03,GA,email
1185,2025-09-03,NC,referral
1186,2025-07-01,CA,organic_search
1187,2024-02-10,AL,referral
1188,2025-04-12,MI,organic_search
1189,2025-10-27,TX,paid_social
1190,2025-08-04,CA,organic_search
1191,2025-08-25,NC,paid_search
1192,2024-01-30,CA,organic_search
1193,2025-01-18,MD,paid_social
1194,2024-09-12,MN,paid_social
1195,2024-04-26,CO,organic_search
1196,2024-03-18,CA,paid_search
1197,2024-08-21,IL,paid_social
1198,2024-02-17,CA,affiliate
1199,2025-03-17,VA,organic_search
1200,2025-02-15,FL,organic_search
1201,2025-07-19,NV,paid_search
1202,2025-05-18,WA,paid_search
1203,2024-12-09,AL,paid_social
1204,2025-11-20,VA,referral
1205,2025-06-30,TX,organic_search
1206,2025-12-15,CO,organic_search
1207,2025-05-20,MI,paid_social
1208,2024-04-23,CA,organic_search
1209,2024-01-18,NY,organic_search
1210,2024-11-30,TX,email
1211,2024-03-30,OH,organic_search
1212,2024-10-15,MN,affiliate
1213,2025-10-27,LA,paid_search
1214,2025-11-03,AL,referral
1215,2024-07-14,NY,organic_search
1216,2025-02-27,GA,paid_social
1217,2024-11-21,NY,organic_search
1218,2025-06-21,MA,paid_search
1219,2025-06-09,AZ,email
1220,2024-12-03,IL,email
1221,2024-12-16,NY,paid_social
1222,2025-11-02,MI,organic_search
1223,2025-10-02,OH,paid_social
1224,2024-03-13,GA,organic_search
1225,2024-02-25,FL,paid_search
1226,2025-07-05,TX,organic_search
1227,2025-09-24,MN,organic_search
1228,2025-08-24,MN,paid_search
1229,2024-04-11,CT,paid_search
1230,2024-08-08,WI,organic_search
1231,2024-07-20,MD,paid_social
1232,2025-08-26,CA,paid_search
1233,2025-09-23,KY,paid_search
1234,2024-11-26,MN,organic_search
1235,2024-12-19,MO,paid_search
1236,2025-11-15,CO,paid_search
1237,2025-11-07,PA,paid_social
1238,2025-01-28,WI,organic_search
1239,2025-05-31,MO,organic_search
1240,2024-11-11,MD,paid_search
1241,2025-07-02,IL,referral
1242,2025-08-22,GA,paid_search
1243,2025-07-03,MA,affiliate
1244,2024-11-05,CO,paid_search
1245,2025-02-26,CA,paid_search
1246,2024-05-26,VA,organic_search
1247,2025-08-12,TX,organic_search
1248,2025-05-28,KY,organic_search
1249,2024-09-13,AR,email
1250,2025-05-12,PA,paid_social
1251,2024-07-05,IL,organic_search
1252,2024-04-15,IN,organic_search
1253,2025-07-29,MI,paid_social
1254,2024-07-01,OK,email
1255,2024-07-29,NC,referral
1256,2024-03-28,NY,organic_search
1257,2024-12-07,IL,organic_search
1258,2025-05-20,PA,organic_search
1259,2024-11-20,NY,email
1260,2025-07-28,MA,organic_search
1261,2025-05-13,MI,paid_search
1262,2025-02-12,TN,paid_social
1263,2025-04-10,PA,organic_search
1264,2024-07-23,CO,affiliate
1265,2025-09-08,TX,referral
1266,2025-01-25,NJ,paid_social
1267,2025-07-07,GA,referral
1268,2023-10-26,OH,organic_search
1269,2025-08-04,LA,organic_search
1270,2024-12-27,CA,email
1271,2024-09-21,NV,paid_search
1272,2024-03-02,FL,organic_search
1273,2024-10-20,IL,organic_search
1274,2025-12-09,NY,organic_search
1275,2024-04-28,MO,paid_social
1276,2023-10-12,NY,organic_search
1277,2024-10-20,OK,paid_search
1278,2024-01-09,OH,paid_social
1279,2025-05-20,GA,organic_search
1280,2025-08-17,MA,organic_search
1281,2025-10-12,FL,paid_social
1282,2024-06-21,CO,referral
1283,2025-09-27,CA,paid_social
1284,2025-06-06,NY,paid_social
1285,2024-10-19,IL,organic_search
1286,2025-04-27,NJ,paid_search
1287,2025-02-15,SC,affiliate
1288,2024-08-01,CA,referral
1289,2025-07-10,CA,affiliate
1290,2025-03-25,NY,organic_search
1291,2025-11-22,CA,paid_social
1292,2023-09-09,NJ,paid_search
1293,2024-11-02,MI,paid_social
1294,2025-04-28,TX,paid_search
1295,2024-10-07,MD,affiliate
1296,2024-10-18,NY,organic_search
1297,2025-06-22,FL,referral
1298,2024-03-29,CA,email
1299,2025-02-21,CA,organic_search
1300,2025-10-04,NJ,organic_search
1301,2024-11-01,KS,organic_search
1302,2023-07-24,NC,referral
1303,2024-01-07,FL,affiliate
1304,2024-08-05,MO,paid_social
1305,2025-09-22,GA,organic_search
1306,2025-05-01,MO,paid_social
1307,2025-07-10,OH,organic_search
1308,2024-08-21,NC,paid_search
1309,2025-05-03,NJ,organic_search
1310,2025-02-17,CA,organic_search
1311,2025-11-02,CA,organic_search
1312,2024-09-03,UT,email
1313,2025-01-09,IN,email
1314,2024-11-21,NY,organic_search
1315,2025-10-04,PA,organic_search
1316,2025-02-14,MD,paid_social
1317,2025-06-13,FL,paid_social
1318,2025-01-19,GA,paid_social
1319,2025-12-02,TX,organic_search
1320,2025-02-22,SC,paid_search
1321,2025-09-04,OR,paid_social
1322,2024-04-20,FL,paid_social
1323,2024-12-29,OK,paid_social
1324,2025-11-14,TX,organic_search
1325,2025-12-16,NY,paid_social
1326,2025-02-07,CA,affiliate
1327,2024-10-14,CA,paid_search
1328,2025-11-05,FL,paid_search
1329,2024-01-29,MN,email
1330,2023-11-13,VA,paid_search
1331,2025-11-27,PA,referral
1332,2025-04-22,NY,referral
1333,2025-04-17,GA,organic_search
1334,2025-06-15,FL,organic_search
1335,2025-03-11,MD,affiliate
1336,2024-10-19,MI,email
1337,2025-10-09,NJ,paid_search
1338,2025-10-14,AZ,paid_social
1339,2025-05-18,TX,affiliate
1340,2025-05-12,VA,organic_search
1341,2024-05-10,AZ,email
1342,2024-03-22,NY,organic_search
1343,2025-10-28,CA,email
1344,2025-02-21,AZ,affiliate
1345,2024-09-20,CA,organic_search
1346,2024-08-31,VA,email
1347,2025-12-18,SC,organic_search
1348,2025-09-12,FL,organic_search
1349,2025-05-21,UT,paid_social
1350,2025-12-07,FL,organic_search
1351,2023-12-12,IL,email
1352,2024-08-06,IL,email
1353,2025-07-17,MO,paid_social
1354,2025-07-21,CO,paid_social
1355,2023-10-29,CA,affiliate
1356,2025-12-11,TX,organic_search
1357,2024-06-22,WA,organic_search
1358,2024-05-24,PA,paid_social
1359,2024-12-25,WA,organic_search
1360,2024-04-19,NC,email
1361,2025-11-28,TX,referral
1362,2023-12-19,NY,affiliate
1363,2025-11-03,IA,organic_search
1364,2025-07-03,CA,organic_search
1365,2024-12-21,NC,organic_search
1366,2025-02-03,OH,organic_search
1367,2025-11-16,OH,organic_search
1368,2025-05-06,OH,paid_social
1369,2023-12-02,WI,paid_social
1370,2025-05-29,TX,paid_social
1371,2025-03-24,IA,paid_social
1372,2025-09-14,MD,paid_social
1373,2025-08-20,SC,paid_search
1374,2025-10-15,CA,paid_search
1375,2023-10-13,FL,paid_search
1376,2025-07-08,IL,referral
1377,2025-07-25,NY,organic_search
1378,2023-12-25,TN,organic_search
1379,2025-02-05,NY,organic_search
1380,2025-07-15,MI,referral
1381,2025-06-07,FL,paid_social
1382,2025-01-11,TN,organic_search
1383,2025-01-01,MI,referral
1384,2024-04-20,IN,organic_search
1385,2025-07-23,PA,affiliate
1386,2025-06-24,IL,organic_search
1387,2025-12-14,OH,organic_search
1388,2024-07-18,NY,paid_social
1389,2024-09-01,IL,affiliate
1390,2024-05-27,MO,organic_search
1391,2025-02-14,NJ,organic_search
1392,2025-01-12,KY,referral
1393,2025-04-04,TX,referral
1394,2025-01-26,FL,paid_social
1395,2025-05-26,PA,organic_search
1396,2025-05-27,CA,referral
1397,2024-12-31,NJ,organic_search
1398,2024-10-17,VA,paid_search
1399,2025-11-03,AZ,paid_social
1400,2025-04-26,GA,organic_search
1401,2025-03-16,MN,referral
1402,2025-06-07,TX,affiliate
1403,2025-05-11,IN,paid_search
1404,2025-04-07,MA,paid_social
1405,2024-03-27,CA,organic_search
1406,2024-11-05,UT,email
1407,2025-09-03,WI,paid_search
1408,2024-10-18,CA,affiliate
1409,2024-01-25,IL,email
1410,2025-11-15,MA,organic_search
1411,2025-08-12,OK,email
1412,2025-02-15,CT,email
1413,2025-08-04,NM,organic_search
1414,2024-11-25,MI,paid_social
1415,2025-08-08,CA,email
1416,2025-10-03,GA,organic_search
1417,2025-06-16,CA,paid_search
1418,2025-01-04,IN,organic_search
1419,2025-05-30,AL,organic_search
1420,2025-04-10,PA,paid_search
1421,2025-03-13,PA,email
1422,2025-04-28,NY,email
1423,2024-10-11,PA,paid_social
1424,2023-08-06,WA,paid_social
1425,2025-01-04,OH,paid_social
1426,2025-06-29,OH,paid_search
1427,2025-07-29,IL,organic_search
1428,2024-03-01,GA,paid_search
1429,2024-09-15,MA,paid_social
1430,2025-09-22,MO,paid_social
1431,2024-06-25,UT,organic_search
1432,2023-10-31,MN,paid_social
1433,2025-11-12,TX,referral
1434,2025-04-01,NY,organic_search
1435,2024-05-05,NC,affiliate
1436,2025-08-24,TX,organic_search
1437,2025-02-06,NY,organic_search
1438,2025-05-27,KS,affiliate
1439,2024-06-13,NJ,email
1440,2024-01-31,NC,organic_search
1441,2025-01-15,CA,organic_search
1442,2024-07-15,TX,organic_search
1443,2024-05-20,CT,paid_search
1444,2024-08-23,KS,paid_search
1445,2025-11-30,MO,organic_search
1446,2025-04-13,TX,paid_social
1447,2024-08-05,AR,organic_search
1448,2025-08-30,CO,organic_search
1449,2024-06-13,FL,organic_search
1450,2024-06-06,IL,organic_search
1451,2025-08-23,OH,paid_search
1452,2025-05-23,FL,organic_search
1453,2025-05-17,OR,referral
1454,2023-12-25,AZ,paid_social
1455,2025-11-28,FL,paid_social
1456,2025-02-06,CA,paid_social
1457,2025-06-11,NC,paid_search
1458,2025-06-12,IL,organic_search
1459,2025-02-17,NV,organic_search
1460,2024-07-13,TX,paid_social
1461,2024-10-10,TX,paid_search
1462,2024-02-26,NC,paid_social
1463,2025-11-13,KY,email
1464,2025-09-28,FL,organic_search
1465,2024-12-28,PA,email
1466,2024-09-26,GA,organic_search
1467,2024-03-08,PA,referral
1468,2025-10-12,MA,paid_search
1469,2024-10-29,FL,email
1470,2024-08-12,NY,organic_search
1471,2024-12-10,NV,paid_social
1472,2024-07-31,NY,paid_search
1473,2024-12-10,GA,organic_search
1474,2025-01-06,NJ,email
1475,2024-09-29,CA,paid_social
1476,2025-12-11,CT,organic_search
1477,2025-02-11,CA,referral
1478,2024-10-22,NY,organic_search
1479,2024-09-25,OR,paid_social
1480,2024-09-13,WI,organic_search
1481,2025-10-07,MI,affiliate
1482,2025-02-11,MD,affiliate
1483,2025-08-17,OH,paid_social
1484,2025-05-13,IL,organic_search
1485,2025-05-08,FL,organic_search
1486,2024-02-20,MI,organic_search
1487,2025-06-20,CA,paid_social
1488,2024-10-17,NC,organic_search
1489,2025-04-29,CA,email
1490,2023-11-22,LA,paid_search
1491,2025-09-06,TX,organic_search
1492,2025-05-28,NC,email
1493,2025-08-16,IL,organic_search
1494,2025-10-24,NY,paid_search
1495,2025-10-03,IA,referral
1496,2025-02-01,TX,paid_social
1497,2025-12-12,MO,paid_social
1498,2025-06-14,FL,organic_search
1499,2024-08-24,WA,paid_social
1500,2025-07-27,NY,organic_search
1501,2025-10-06,OR,paid_search
1502,2025-02-17,MN,organic_search
1503,2025-08-26,TX,email
1504,2025-11-21,CA,affiliate
1505,2025-03-11,CA,affiliate
1506,2025-08-30,CA,paid_social
1507,2024-05-10,SC,paid_social
1508,2025-08-03,NM,organic_search
1509,2025-11-13,TN,paid_social
1510,2025-05-16,NY,organic_search
1511,2025-10-12,NC,organic_search
1512,2025-11-06,NJ,paid_social
1513,2025-12-05,CA,organic_search
1514,2025-01-27,TX,paid_social
1515,2024-03-15,SC,affiliate
1516,2024-08-29,TX,paid_social
1517,2025-06-13,OK,email
1518,2024-10-26,CO,paid_search
1519,2025-02-02,MO,paid_social
1520,2025-01-28,KS,paid_social
1521,2025-01-15,VA,affiliate
1522,2025-04-13,MA,email
1523,2024-01-23,IN,organic_search
1524,2025-04-10,MA,paid_social
1525,2025-11-22,WA,email
1526,2024-10-07,NY,organic_search
1527,2024-12-09,MI,referral
1528,2025-11-20,NY,paid_social
1529,2025-05-15,IA,paid_search
1530,2023-12-30,AZ,organic_search
1531,2024-10-05,NY,paid_search
1532,2025-09-15,CT,organic_search
1533,2025-02-07,GA,organic_search
1534,2025-08-02,IL,email
1535,2025-12-18,TX,referral
1536,2025-03-25,TX,email
1537,2024-12-04,TN,referral
1538,2025-08-19,WI,paid_social
1539,2025-12-15,WA,email
1540,2023-10-20,TX,referral
1541,2025-05-16,OH,affiliate
1542,2024-10-14,NY,paid_social
1543,2024-11-05,TX,paid_social
1544,2025-07-16,MD,organic_search
1545,2024-12-22,IN,organic_search
1546,2025-08-29,FL,paid_search
1547,2025-06-26,VA,organic_search
1548,2025-04-06,CA,organic_search
1549,2025-02-28,SC,organic_search
1550,2024-07-06,TX,paid_search
1551,2025-09-05,AR,organic_search
1552,2024-04-18,SC,organic_search
1553,2025-09-12,CA,organic_search
1554,2025-08-06,PA,paid_social
1555,2025-11-01,NC,paid_social
1556,2025-12-06,NY,paid_social
1557,2025-09-29,CO,organic_search
1558,2025-11-23,PA,referral
1559,2024-04-13,MD,paid_social
1560,2025-12-12,IL,affiliate
1561,2025-11-21,MD,paid_social
1562,2025-04-27,IA,paid_social
1563,2025-07-18,NJ,paid_social
1564,2025-11-17,WA,paid_search
1565,2025-03-16,CA,organic_search
1566,2024-09-16,IL,referral
1567,2025-11-27,NC,organic_search
1568,2025-05-18,KS,organic_search
1569,2025-03-12,NY,organic_search
1570,2023-09-01,TX,organic_search
1571,2024-12-12,MD,paid_social
1572,2024-11-13,NY,organic_search
1573,2025-05-21,PA,paid_social
1574,2024-05-10,MA,organic_search
1575,2024-12-13,OK,organic_search
1576,2025-06-08,GA,paid_search
1577,2025-10-15,PA,organic_search
1578,2025-06-06,NY,paid_social
1579,2023-12-13,CT,paid_social
1580,2025-10-23,WI,organic_search
1581,2025-05-12,IL,affiliate
1582,2025-10-03,VA,organic_search
1583,2024-01-05,OR,email
1584,2024-11-02,PA,email
1585,2025-07-19,MA,organic_search
1586,2024-12-17,NY,paid_search
1587,2025-12-16,KY,affiliate
1588,2025-11-29,FL,organic_search
1589,2025-09-25,OH,referral
1590,2025-02-22,NC,organic_search
1591,2025-02-22,OH,paid_social
1592,2024-10-26,CA,paid_social
1593,2024-08-17,IL,organic_search
1594,2025-05-22,GA,email
1595,2024-04-13,OK,paid_social
1596,2025-03-19,GA,organic_search
1597,2025-09-24,IL,referral
1598,2024-06-13,MD,paid_social
1599,2025-05-15,NJ,email
1600,2025-08-15,MI,paid_social
1601,2025-12-14,NY,organic_search
1602,2024-11-16,MD,email
1603,2024-09-20,NJ,affiliate
1604,2025-06-26,AL,paid_search
1605,2024-11-30,CA,organic_search
1606,2025-08-19,MI,paid_search
1607,2024-05-19,IN,organic_search
1608,2025-09-03,WA,paid_social
1609,2025-04-27,OK,paid_social
1610,2025-09-15,VA,paid_social
1611,2025-12-01,PA,paid_social
1612,2024-05-28,IL,organic_search
1613,2025-10-23,FL,organic_search
1614,2024-12-27,TX,organic_search
1615,2025-11-15,PA,paid_search
1616,2025-10-10,CA,organic_search
1617,2025-05-25,LA,paid_social
1618,2024-08-05,OH,referral
1619,2025-11-17,UT,paid_search
1620,2025-10-29,WI,paid_search
1621,2025-10-27,GA,paid_social
1622,2025-09-03,CA,organic_search
1623,2024-04-26,TX,organic_search
1624,2025-11-23,MO,organic_search
1625,2024-04-26,MN,paid_social
1626,2025-06-26,SC,organic_search
1627,2024-11-10,NY,organic_search
1628,2025-04-06,NY,organic_search
1629,2025-04-21,MD,referral
1630,2025-01-10,CA,paid_search
1631,2025-12-19,WA,organic_search
1632,2025-06-28,AR,referral
1633,2025-09-20,CA,email
1634,2025-01-07,NY,paid_search
1635,2024-08-30,IL,organic_search
1636,2024-12-29,IL,paid_search
1637,2025-10-14,WA,referral
1638,2025-05-18,PA,paid_social
1639,2025-03-07,MN,referral
1640,2025-12-12,TX,paid_social
1641,2025-08-31,CA,paid_search
1642,2025-08-18,SC,organic_search
1643,2025-01-19,OH,paid_social
1644,2024-11-03,CA,paid_social
1645,2025-04-21,AZ,paid_search
1646,2025-05-07,CT,email
1647,2025-04-22,IN,email
1648,2025-05-02,TX,referral
1649,2025-09-05,AZ,referral
1650,2023-12-11,GA,referral
1651,2025-09-26,TX,paid_search
1652,2025-02-19,TX,paid_social
1653,2024-09-14,IL,organic_search
1654,2024-07-11,IL,email
1655,2025-08-25,TX,paid_social
1656,2024-01-19,MI,email
1657,2025-07-16,MA,referral
1658,2024-10-30,VA,organic_search
1659,2025-10-21,AZ,organic_search
1660,2025-01-11,FL,paid_search
1661,2025-10-03,TX,organic_search
1662,2024-07-14,FL,paid_social
1663,2024-02-26,NY,paid_social
1664,2024-09-26,TX,paid_social
1665,2024-07-08,NC,organic_search
1666,2025-05-31,CT,referral
1667,2025-01-26,NY,paid_social
1668,2025-07-08,CO,paid_social
1669,2025-06-05,MI,email
1670,2025-10-07,NJ,organic_search
1671,2025-01-30,NC,organic_search
1672,2023-07-23,IA,email
1673,2025-08-08,MI,referral
1674,2025-02-27,CA,paid_social
1675,2025-07-16,FL,email
1676,2025-06-01,FL,paid_search
1677,2025-08-14,NY,organic_search
1678,2025-10-25,AZ,organic_search
1679,2023-07-30,TX,paid_social
1680,2025-03-22,NC,affiliate
1681,2025-09-15,IA,referral
1682,2025-03-15,AZ,organic_search
1683,2025-03-07,IL,referral
1684,2025-12-04,TX,organic_search
1685,2025-06-10,NC,paid_social
1686,2024-12-23,OK,paid_social
1687,2025-01-29,IA,referral
1688,2024-11-25,MA,email
1689,2024-09-21,FL,paid_social
1690,2025-09-13,TX,email
1691,2025-03-25,CA,organic_search
1692,2024-11-30,NJ,organic_search
1693,2025-10-06,IA,paid_social
1694,2025-02-11,IL,organic_search
1695,2025-07-24,MA,paid_social
1696,2025-07-20,CA,paid_search
1697,2025-03-30,WI,paid_social
1698,2023-09-20,NY,affiliate
1699,2024-02-17,MA,paid_social
1700,2025-02-05,OK,email
1701,2024-07-11,TX,paid_social
1702,2025-09-10,TX,paid_social
1703,2025-08-24,OK,organic_search
1704,2025-11-17,SC,organic_search
1705,2025-09-23,IL,email
1706,2024-09-11,VA,paid_social
1707,2025-11-03,CA,referral
1708,2024-12-21,OH,email
1709,2024-01-01,TN,organic_search
1710,2025-03-24,NJ,organic_search
1711,2025-11-17,KY,organic_search
1712,2025-03-18,FL,referral
1713,2024-09-19,NY,paid_social
1714,2024-05-03,MI,referral
1715,2024-03-27,PA,paid_social
1716,2025-09-17,FL,organic_search
1717,2024-08-31,TX,paid_search
1718,2025-09-21,WI,organic_search
1719,2025-09-17,TX,paid_social
1720,2025-11-20,TX,paid_search
1721,2025-07-04,PA,paid_social
1722,2025-03-06,SC,email
1723,2025-07-19,MI,paid_search
1724,2025-11-05,LA,paid_search
1725,2024-11-05,FL,organic_search
1726,2025-09-01,FL,paid_search
1727,2025-04-29,CA,referral
1728,2024-10-29,IL,referral
1729,2025-02-26,KY,paid_search
1730,2025-05-24,NJ,organic_search
1731,2025-10-22,MN,organic_search
1732,2025-04-08,CA,referral
1733,2025-05-09,TX,referral
1734,2024-03-09,NC,paid_search
1735,2025-02-18,GA,organic_search
1736,2024-08-03,MN,organic_search
1737,2024-03-26,MI,referral
1738,2025-10-25,MA,paid_search
1739,2025-12-18,CA,organic_search
1740,2025-08-07,GA,paid_social
1741,2025-08-28,NY,paid_social
1742,2025-08-02,CA,paid_social
1743,2025-03-20,WA,paid_search
1744,2025-09-14,FL,paid_social
1745,2025-07-02,LA,organic_search
1746,2024-06-29,TX,referral
1747,2025-10-19,WI,organic_search
1748,2024-05-17,NY,paid_social
1749,2025-06-05,NC,organic_search
1750,2024-12-12,FL,paid_search
1751,2025-07-29,AL,organic_search
1752,2024-01-29,CT,organic_search
1753,2024-01-16,NC,email
1754,2024-05-24,CA,paid_social
1755,2025-11-28,TX,email
1756,2023-12-07,VA,referral
1757,2025-11-01,PA,organic_search
1758,2025-05-01,TN,paid_social
1759,2024-06-24,GA,organic_search
1760,2025-11-01,TX,affiliate
1761,2025-12-06,KY,email
1762,2025-12-01,MO,email
1763,2024-04-09,OK,email
1764,2024-09-21,CA,paid_search
1765,2025-12-11,TX,paid_search
1766,2024-06-29,CA,organic_search
1767,2025-02-08,NC,referral
1768,2023-08-14,NM,organic_search
1769,2025-08-09,LA,paid_social
1770,2025-12-06,NC,organic_search
1771,2025-09-29,PA,paid_social
1772,2024-07-09,AR,paid_social
1773,2025-09-26,MO,organic_search
1774,2025-03-22,GA,paid_social
1775,2024-07-29,CT,organic_search
1776,2025-02-11,MD,email
1777,2024-10-03,MA,organic_search
1778,2025-08-26,WI,paid_social
1779,2025-03-26,IA,paid_social
1780,2025-11-29,GA,paid_social
1781,2023-07-25,WI,paid_social
1782,2025-07-10,OK,organic_search
1783,2023-10-21,TX,paid_social
1784,2025-08-24,MA,email
1785,2024-05-23,MA,affiliate
1786,2024-02-24,GA,organic_search
1787,2025-08-13,SC,organic_search
1788,2025-07-25,UT,email
1789,2025-08-17,NJ,paid_search
1790,2025-09-26,AR,paid_search
1791,2025-03-11,CA,organic_search
1792,2024-04-10,IL,referral
1793,2025-07-11,IN,paid_search
1794,2025-11-13,NM,organic_search
1795,2025-07-13,MI,paid_social
1796,2025-08-13,CA,organic_search
1797,2025-01-24,OH,affiliate
1798,2024-08-14,FL,paid_social
1799,2025-10-13,PA,paid_social
1800,2023-12-28,FL,organic_search
1801,2025-08-30,MI,organic_search
1802,2025-05-03,MA,paid_search
1803,2025-10-25,KS,organic_search
1804,2025-01-16,OK,organic_search
1805,2025-11-20,IL,organic_search
1806,2023-10-19,LA,paid_social
1807,2025-05-02,PA,referral
1808,2025-11-10,NY,paid_social
1809,2024-08-06,GA,paid_social
1810,2025-11-19,GA,organic_search
1811,2024-11-06,CA,organic_search
1812,2025-08-18,CA,organic_search
1813,2024-09-09,OH,paid_social
1814,2024-12-13,CA,paid_search
1815,2025-09-22,CA,organic_search
1816,2025-11-10,OK,affiliate
1817,2025-06-09,AL,organic_search
1818,2025-07-29,MI,organic_search
1819,2024-06-22,NJ,affiliate
1820,2025-04-04,VA,affiliate
1821,2025-07-25,WA,organic_search
1822,2025-12-14,FL,paid_social
1823,2025-04-10,MN,paid_social
1824,2024-06-24,TN,paid_search
1825,2024-11-06,NY,paid_social
1826,2024-02-07,TX,email
1827,2025-07-15,GA,organic_search
1828,2025-11-23,MA,paid_social
1829,2024-09-09,MN,paid_search
1830,2024-07-21,NY,paid_search
1831,2025-01-23,WA,referral
1832,2024-12-21,MD,organic_search
1833,2025-07-08,CA,affiliate
1834,2024-06-17,CA,paid_social
1835,2025-11-05,OH,paid_search
1836,2025-12-13,UT,organic_search
1837,2025-07-15,TX,affiliate
1838,2024-04-03,NJ,paid_social
1839,2024-06-05,AL,paid_social
1840,2025-09-23,FL,paid_search
1841,2024-04-21,TX,email
1842,2023-09-11,GA,paid_social
1843,2025-02-08,MD,email
1844,2025-04-05,MA,paid_social
1845,2025-08-05,IA,email
1846,2025-01-03,AL,paid_social
1847,2025-09-30,CA,referral
1848,2025-02-09,CT,referral
1849,2024-02-06,GA,organic_search
1850,2025-01-11,TX,email
1851,2024-12-08,CO,organic_search
1852,2025-08-20,IL,paid_search
1853,2025-09-22,TX,paid_social
1854,2025-07-24,NY,paid_social
1855,2025-10-29,PA,organic_search
1856,2025-11-10,CA,email
1857,2024-12-31,GA,organic_search
1858,2025-02-11,NV,paid_search
1859,2024-05-23,IL,referral
1860,2025-06-22,FL,organic_search
1861,2025-10-20,NY,email
1862,2025-12-01,FL,referral
1863,2025-11-19,KS,organic_search
1864,2024-12-23,PA,organic_search
1865,2025-09-30,NY,paid_search
1866,2024-10-22,NY,paid_search
1867,2023-10-15,WA,paid_social
1868,2025-04-29,FL,email
1869,2025-02-16,CA,paid_search
1870,2024-03-01,TX,organic_search
1871,2024-12-19,NY,organic_search
1872,2025-03-29,MA,email
1873,2025-03-12,AR,organic_search
1874,2025-08-28,NY,organic_search
1875,2025-10-31,WI,paid_social
1876,2023-11-11,CO,email
1877,2025-02-27,FL,paid_social
1878,2025-10-02,OH,email
1879,2025-11-18,MO,referral
1880,2025-11-10,FL,organic_search
1881,2025-01-30,SC,organic_search
1882,2025-11-26,IL,paid_social
1883,2024-08-24,CA,paid_social
1884,2025-01-30,VA,organic_search
1885,2024-06-16,FL,organic_search
1886,2024-12-24,AL,email
1887,2025-06-21,PA,referral
1888,2024-03-12,OH,paid_social
1889,2024-10-04,UT,paid_search
1890,2025-08-09,PA,email
1891,2023-10-03,FL,organic_search
1892,2025-05-04,NC,referral
1893,2025-12-08,OH,organic_search
1894,2025-08-24,LA,organic_search
1895,2025-10-19,IL,organic_search
1896,2025-10-08,CO,paid_search
1897,2025-01-21,NM,organic_search
1898,2025-04-17,NY,referral
1899,2025-10-15,SC,paid_social
1900,2025-10-20,NC,paid_social
1901,2024-10-16,CA,organic_search
1902,2025-08-12,IL,organic_search
1903,2024-05-04,MD,referral
1904,2025-08-02,NY,organic_search
1905,2025-12-17,IL,paid_social
1906,2025-03-28,KY,organic_search
1907,2024-01-05,AL,organic_search
1908,2024-06-26,NC,organic_search
1909,2025-05-22,OH,organic_search
1910,2025-10-30,TX,paid_social
1911,2024-07-30,FL,referral
1912,2025-06-06,NJ,organic_search
1913,2025-05-18,CA,affiliate
1914,2025-02-26,CA,organic_search
1915,2023-08-16,CA,referral
1916,2024-07-29,NC,paid_social
1917,2025-06-12,MA,email
1918,2024-09-20,CA,paid_search
1919,2025-01-17,CA,organic_search
1920,2023-09-17,PA,paid_social
1921,2025-03-02,TX,paid_social
1922,2025-02-23,WI,organic_search
1923,2025-01-05,OH,affiliate
1924,2025-04-14,MI,referral
1925,2025-01-08,CA,paid_search
1926,2025-09-05,NY,organic_search
1927,2025-11-22,NC,email
1928,2025-02-12,NY,paid_social
1929,2024-02-04,CO,organic_search
1930,2024-12-16,NY,paid_social
1931,2025-07-20,CA,organic_search
1932,2025-10-15,CA,paid_search
1933,2024-11-11,TX,organic_search
1934,2025-07-12,NJ,paid_social
1935,2025-01-19,TX,paid_social
1936,2023-11-25,TX,paid_social
1937,2025-01-29,CA,paid_social
1938,2024-09-23,CA,paid_social
1939,2024-06-12,MA,paid_social
1940,2025-03-31,NV,organic_search
1941,2025-12-14,TX,organic_search
1942,2025-03-18,NY,organic_search
1943,2024-08-11,IN,paid_search
1944,2025-11-23,CA,referral
1945,2024-01-08,FL,paid_social
1946,2025-01-09,VA,email
1947,2024-07-07,IL,organic_search
1948,2025-07-15,IA,paid_social
1949,2025-05-03,TX,paid_social
1950,2025-06-18,MA,referral
1951,2023-10-04,UT,paid_social
1952,2024-09-21,TX,paid_search
1953,2025-10-23,IL,referral
1954,2025-01-05,KY,paid_social
1955,2024-06-14,CO,email
1956,2025-10-26,AL,paid_search
1957,2025-06-12,NJ,email
1958,2025-04-26,MI,paid_social
1959,2025-03-30,FL,organic_search
1960,2025-02-02,OK,email
1961,2025-07-08,WA,paid_search
1962,2025-05-15,CA,affiliate
1963,2025-08-11,NC,organic_search
1964,2024-08-26,IA,paid_search
1965,2025-11-21,FL,paid_search
1966,2025-03-31,CA,organic_search
1967,2024-08-30,FL,organic_search
1968,2025-02-14,CA,email
1969,2023-10-20,NJ,organic_search
1970,2024-01-25,FL,organic_search
1971,2025-09-11,NY,paid_social
1972,2025-11-29,NY,paid_social
1973,2025-01-11,FL,organic_search
1974,2025-01-27,CA,organic_search
1975,2025-12-08,MA,organic_search
1976,2024-07-11,MA,paid_social
1977,2025-11-08,MD,organic_search
1978,2024-05-17,FL,email
1979,2023-12-28,LA,organic_search
1980,2024-11-01,CA,organic_search
1981,2025-07-08,AL,organic_search
1982,2024-05-20,OH,organic_search
1983,2024-05-17,GA,paid_social
1984,2025-02-22,AL,paid_social
1985,2025-10-16,CA,organic_search
1986,2025-01-19,NC,referral
1987,2025-04-12,MA,organic_search
1988,2024-07-25,NY,affiliate
1989,2025-10-12,OR,referral
1990,2024-12-13,CA,organic_search
1991,2024-08-19,AZ,referral
1992,2025-04-09,IN,email
1993,2024-03-25,PA,organic_search
1994,2023-12-21,PA,organic_search
1995,2025-08-23,NC,paid_social
1996,2024-11-19,TX,email
1997,2025-12-06,FL,referral
1998,2025-10-15,WA,email
1999,2025-10-29,MN,referral
2000,2025-06-09,CO,affiliate
2001,2025-05-29,TX,paid_search
2002,2025-08-31,CO,organic_search
2003,2023-08-21,LA,paid_search
2004,2024-09-01,KY,email
2005,2025-03-16,UT,email
2006,2024-02-05,WA,organic_search
2007,2023-12-18,LA,organic_search
2008,2025-11-03,IL,paid_search
2009,2025-09-29,CA,referral
2010,2025-11-19,TX,organic_search
2011,2025-03-28,AR,paid_social
2012,2024-07-07,TX,paid_search
2013,2025-04-03,CA,organic_search
2014,2024-07-14,WI,paid_social
2015,2025-03-11,MD,paid_search
2016,2023-12-14,CA,paid_search
2017,2024-09-11,MI,organic_search
2018,2024-01-13,CT,email
2019,2024-07-22,CA,paid_search
2020,2024-11-25,FL,organic_search
2021,2025-01-02,LA,organic_search
2022,2025-08-15,NJ,paid_social
2023,2024-11-08,TX,paid_search
2024,2024-04-29,AZ,email
2025,2025-03-26,NC,referral
2026,2024-07-15,CA,paid_social
2027,2025-04-03,MI,paid_social
2028,2025-11-28,NY,paid_search
2029,2024-11-19,TX,organic_search
2030,2024-03-23,TX,paid_search
2031,2025-04-05,TX,paid_search
2032,2025-03-23,MI,affiliate
2033,2024-09-17,NJ,paid_search
2034,2024-03-25,NY,paid_search
2035,2024-12-17,IL,paid_social
2036,2024-03-30,CA,paid_social
2037,2025-08-12,OR,paid_social
2038,2024-11-24,AZ,paid_social
2039,2024-03-02,FL,organic_search
2040,2025-08-15,IL,paid_social
2041,2025-10-20,LA,paid_search
2042,2024-06-25,FL,organic_search
2043,2025-11-11,CA,paid_search
2044,2025-05-30,CA,organic_search
2045,2024-10-16,UT,organic_search
2046,2025-09-16,VA,referral
2047,2024-10-24,NJ,organic_search
2048,2025-07-11,TX,affiliate
2049,2024-03-08,WA,organic_search
2050,2024-12-02,CO,paid_social
2051,2025-12-11,WA,organic_search
2052,2025-07-03,MD,organic_search
2053,2025-12-13,CA,organic_search
2054,2024-12-08,NY,referral
2055,2025-10-14,GA,paid_social
2056,2024-12-22,CO,paid_search
2057,2025-08-04,SC,organic_search
2058,2024-06-10,FL,email
2059,2023-09-30,WI,paid_search
2060,2025-03-25,FL,paid_search
2061,2024-09-30,LA,organic_search
2062,2025-11-11,TN,organic_search
2063,2025-04-24,TX,paid_search
2064,2025-10-22,NY,paid_search
2065,2025-09-17,IL,organic_search
2066,2025-02-09,KS,referral
2067,2025-05-30,MA,paid_social
2068,2024-05-20,UT,paid_social
2069,2025-05-29,GA,organic_search
2070,2025-11-01,TX,referral
2071,2023-08-07,NY,paid_social
2072,2024-02-29,NY,organic_search
2073,2025-05-18,NJ,affiliate
2074,2025-01-08,PA,organic_search
2075,2024-10-02,FL,organic_search
2076,2025-01-23,AL,referral
2077,2025-09-19,NY,paid_social
2078,2024-07-03,CA,organic_search
2079,2025-12-09,NV,paid_social
2080,2025-03-10,CT,affiliate
2081,2024-06-27,NY,paid_social
2082,2025-01-03,CA,email
2083,2025-06-28,NJ,paid_search
2084,2025-08-16,CA,organic_search
2085,2025-04-04,FL,paid_search
2086,2024-11-29,NJ,paid_search
2087,2024-12-04,TX,paid_social
2088,2025-09-13,IN,referral
2089,2024-07-13,CA,paid_social
2090,2025-04-07,IL,organic_search
2091,2025-03-22,WA,paid_search
2092,2024-06-05,CO,organic_search
2093,2024-10-23,NV,organic_search
2094,2024-12-04,NJ,paid_social
2095,2025-11-29,NJ,organic_search
2096,2025-09-10,NC,email
2097,2025-11-06,MD,paid_social
2098,2025-09-12,IN,organic_search
2099,2024-10-06,MO,paid_search
2100,2025-11-07,FL,paid_search
2101,2024-10-09,MO,organic_search
2102,2025-08-07,NY,paid_search
2103,2024-08-04,TX,paid_social
2104,2025-03-19,CA,referral
2105,2025-04-04,CA,paid_search
2106,2024-05-04,TX,paid_social
2107,2024-09-01,TX,paid_social
2108,2025-11-19,TX,referral
2109,2025-10-13,TN,email
2110,2024-12-06,CO,organic_search
2111,2024-10-10,NY,organic_search
2112,2025-02-08,MD,organic_search
2113,2024-04-30,MO,paid_search
2114,2024-10-19,PA,referral
2115,2023-12-18,NC,paid_search
2116,2024-05-03,IL,organic_search
2117,2025-10-29,OR,organic_search
2118,2024-05-17,FL,referral
2119,2023-10-16,MI,paid_search
2120,2024-07-31,IA,organic_search
2121,2025-09-18,MI,organic_search
2122,2024-07-04,OK,paid_social
2123,2025-09-05,KS,affiliate
2124,2024-06-21,IN,paid_social
2125,2024-06-06,TX,paid_search
2126,2025-02-21,FL,email
2127,2024-03-04,CA,paid_search
2128,2024-02-26,AR,paid_social
2129,2025-06-29,FL,referral
2130,2024-12-07,MD,organic_search
2131,2025-05-04,AZ,referral
2132,2024-07-08,FL,organic_search
2133,2025-05-12,TX,paid_social
2134,2025-02-08,FL,paid_social
2135,2025-10-14,MO,paid_social
2136,2025-04-08,FL,organic_search
2137,2025-01-27,TN,organic_search
2138,2025-06-10,AZ,affiliate
2139,2024-02-29,NY,email
2140,2024-02-12,SC,organic_search
2141,2025-04-09,IN,paid_social
2142,2024-09-18,AL,organic_search
2143,2025-10-09,TN,organic_search
2144,2025-03-10,NY,referral
2145,2025-05-27,NY,email
2146,2025-10-01,WA,referral
2147,2025-11-12,WI,paid_social
2148,2025-08-23,PA,paid_social
2149,2024-06-20,CT,referral
2150,2024-02-11,PA,organic_search
2151,2024-11-21,TX,referral
2152,2024-06-03,TX,paid_social
2153,2025-07-26,NJ,organic_search
2154,2024-09-19,FL,organic_search
2155,2025-09-27,CA,organic_search
2156,2025-03-16,TX,paid_search
2157,2024-08-12,GA,paid_social
2158,2024-08-15,IL,paid_search
2159,2025-09-19,CA,email
2160,2024-08-22,TX,email
2161,2025-05-09,TX,paid_social
2162,2024-03-09,PA,referral
2163,2025-06-30,TN,organic_search
2164,2024-02-17,FL,referral
2165,2024-01-27,NY,organic_search
2166,2025-11-12,IA,paid_social
2167,2024-04-16,TX,paid_social
2168,2024-06-11,CA,organic_search
2169,2024-04-19,NJ,organic_search
2170,2025-08-05,TX,affiliate
2171,2024-06-23,AZ,organic_search
2172,2025-07-02,NY,paid_search
2173,2025-04-04,MN,organic_search
2174,2024-06-01,TN,organic_search
2175,2024-12-22,VA,affiliate
2176,2025-12-11,IL,paid_social
2177,2025-08-28,CA,affiliate
2178,2025-06-17,NC,referral
2179,2024-11-05,MI,paid_social
2180,2025-12-07,IL,paid_social
2181,2024-04-28,MA,referral
2182,2024-06-20,SC,email
2183,2024-08-06,OK,referral
2184,2025-12-07,NY,organic_search
2185,2025-09-16,LA,email
2186,2024-10-04,FL,organic_search
2187,2024-12-20,NY,email
2188,2025-03-20,NY,paid_social
2189,2024-02-27,MA,referral
2190,2024-10-28,TX,paid_social
2191,2025-09-28,CA,organic_search
2192,2023-11-16,NJ,organic_search
2193,2025-11-18,FL,paid_search
2194,2025-08-12,NY,paid_search
2195,2024-11-19,TX,organic_search
2196,2023-11-08,IL,paid_social
2197,2024-09-09,NY,paid_search
2198,2025-10-30,MO,affiliate
2199,2025-09-01,MA,paid_search
2200,2024-09-17,NJ,referral
2201,2024-07-23,WA,referral
2202,2024-06-01,CA,organic_search
2203,2024-01-03,VA,paid_social
2204,2024-12-02,LA,organic_search
2205,2025-09-13,PA,referral
2206,2025-05-19,SC,organic_search
2207,2025-11-20,TN,email
2208,2025-11-25,TX,organic_search
2209,2025-10-29,MI,organic_search
2210,2024-10-24,FL,paid_search
2211,2024-01-03,CA,organic_search
2212,2025-04-20,IA,paid_social
2213,2025-08-01,GA,organic_search
2214,2025-07-27,CO,email
2215,2025-07-07,CA,paid_social
2216,2025-06-09,CA,referral
2217,2025-05-16,FL,organic_search
2218,2024-12-26,NY,paid_search
2219,2025-08-05,NY,paid_social
2220,2025-05-22,MI,paid_social
2221,2023-12-13,NY,organic_search
2222,2024-02-11,NC,organic_search
2223,2025-03-21,FL,organic_search
2224,2025-05-09,MO,affiliate
2225,2025-08-16,IA,referral
2226,2025-07-14,GA,organic_search
2227,2025-03-18,CA,referral
2228,2025-12-15,NJ,referral
2229,2025-07-23,IL,affiliate
2230,2025-08-28,NY,organic_search
2231,2024-03-06,IL,organic_search
2232,2025-08-17,TN,paid_social
2233,2025-03-16,VA,email
2234,2025-01-23,CA,email
2235,2024-03-11,AL,paid_social
2236,2025-06-12,WI,referral
2237,2024-07-25,PA,email
2238,2024-10-15,GA,email
2239,2024-08-10,SC,paid_social
2240,2025-08-10,NY,email
2241,2024-12-27,UT,paid_social
2242,2025-07-22,FL,organic_search
2243,2025-06-12,SC,paid_social
2244,2024-02-25,NY,referral
2245,2025-10-22,NY,referral
2246,2025-11-12,OH,organic_search
2247,2025-09-15,TX,organic_search
2248,2024-09-11,GA,affiliate
2249,2023-10-12,MI,email
2250,2025-08-26,NY,organic_search
2251,2025-12-19,TN,paid_search
2252,2025-02-24,PA,organic_search
2253,2025-09-22,CA,affiliate
2254,2025-08-30,NJ,organic_search
2255,2025-08-16,TX,referral
2256,2025-07-15,MD,paid_search
2257,2025-08-25,PA,email
2258,2025-04-09,TX,organic_search
2259,2025-12-08,NY,organic_search
2260,2025-10-10,IN,referral
2261,2023-10-05,MI,referral
2262,2024-07-02,TX,organic_search
2263,2025-03-09,NY,organic_search
2264,2025-01-03,KY,email
2265,2025-01-30,SC,affiliate
2266,2025-10-01,FL,organic_search
2267,2024-04-08,IL,referral
2268,2024-08-18,TX,paid_social
2269,2024-09-23,WA,organic_search
2270,2024-06-23,CA,referral
2271,2025-07-07,NV,organic_search
2272,2024-07-28,OR,organic_search
2273,2025-06-30,CA,paid_social
2274,2024-11-15,CT,paid_search
2275,2024-01-16,WA,organic_search
2276,2025-02-24,CA,organic_search
2277,2024-03-22,CA,organic_search
2278,2024-09-15,OH,paid_search
2279,2025-06-19,IL,paid_social
2280,2025-04-06,MD,paid_social
2281,2024-06-19,CA,organic_search
2282,2025-04-06,WA,paid_search
2283,2024-10-24,NY,email
2284,2024-12-04,NY,organic_search
2285,2024-02-24,VA,email
2286,2025-10-18,TX,paid_social
2287,2025-03-19,CA,organic_search
2288,2025-12-09,TN,paid_social
2289,2025-07-01,TX,paid_search
2290,2025-01-11,MI,email
2291,2025-06-26,AZ,paid_social
2292,2024-08-23,UT,email
2293,2025-11-19,TX,paid_search
2294,2025-08-21,WA,email
2295,2025-09-03,SC,paid_social
2296,2024-10-19,UT,organic_search
2297,2025-01-01,CA,paid_search
2298,2025-03-21,OR,organic_search
2299,2025-02-13,NY,referral
2300,2024-01-17,NY,paid_search
2301,2024-07-05,CA,organic_search
2302,2025-03-03,IL,organic_search
2303,2025-03-26,CA,organic_search
2304,2025-08-22,WA,organic_search
2305,2025-11-18,NY,paid_social
2306,2025-02-05,FL,organic_search
2307,2024-05-23,NV,paid_social
2308,2025-04-21,MI,email
2309,2025-03-24,MI,paid_social
2310,2025-04-02,NC,organic_search
2311,2024-10-04,TX,paid_social
2312,2025-06-22,PA,organic_search
2313,2023-11-21,SC,paid_social
2314,2025-08-11,NV,email
2315,2025-11-11,NY,referral
2316,2025-08-13,MI,paid_search
2317,2024-04-02,KS,organic_search
2318,2025-10-08,TX,paid_social
2319,2025-02-02,NC,paid_search
2320,2025-07-09,NY,organic_search
2321,2025-06-24,TN,affiliate
2322,2025-07-19,PA,paid_social
2323,2025-10-03,FL,organic_search
2324,2025-05-09,TX,affiliate
2325,2025-07-20,WI,email
2326,2025-01-14,AZ,paid_search
2327,2024-09-21,NC,email
2328,2025-04-02,NV,paid_social
2329,2025-01-02,CO,paid_social
2330,2024-02-23,MD,organic_search
2331,2024-04-03,IL,organic_search
2332,2024-06-20,CA,organic_search
2333,2024-07-20,CA,email
2334,2025-03-15,MI,paid_social
2335,2025-12-03,AL,organic_search
2336,2025-03-13,NY,referral
2337,2023-09-13,OH,affiliate
2338,2025-08-15,WA,email
2339,2025-02-02,KY,organic_search
2340,2025-10-27,FL,paid_search
2341,2024-08-12,IN,organic_search
2342,2025-10-31,TX,organic_search
2343,2024-08-29,OH,email
2344,2024-02-04,TX,paid_social
2345,2025-05-01,MA,paid_social
2346,2023-08-12,SC,referral
2347,2025-09-07,CA,paid_search
2348,2025-07-24,PA,referral
2349,2024-07-14,NC,organic_search
2350,2025-11-22,NY,organic_search
2351,2025-01-29,KS,affiliate
2352,2025-09-10,NJ,organic_search
2353,2025-01-05,NY,paid_search
2354,2024-10-23,PA,paid_social
2355,2024-08-19,MA,paid_social
2356,2025-01-24,FL,paid_search
2357,2025-12-14,MO,email
2358,2025-08-15,VA,email
2359,2025-08-07,NY,paid_social
2360,2024-03-20,CA,organic_search
2361,2024-08-20,NY,organic_search
2362,2024-01-21,UT,organic_search
2363,2024-04-02,VA,organic_search
2364,2025-08-04,NY,organic_search
2365,2025-09-03,CO,paid_social
2366,2025-11-06,PA,organic_search
2367,2025-05-18,CA,organic_search
2368,2024-07-03,OH,referral
2369,2024-06-04,VA,organic_search
2370,2025-03-11,CA,organic_search
2371,2024-09-18,IL,referral
2372,2025-10-31,FL,email
2373,2025-07-09,OK,paid_social
2374,2025-06-15,NY,email
2375,2024-02-29,MN,organic_search
2376,2025-08-20,VA,paid_social
2377,2025-11-25,WA,organic_search
2378,2025-10-25,IA,organic_search
2379,2025-08-19,PA,paid_social
2380,2025-09-19,GA,referral
2381,2025-11-21,OH,paid_search
2382,2024-10-27,CT,affiliate
2383,2024-11-03,WI,organic_search
2384,2025-10-06,TX,email
2385,2025-11-13,FL,email
2386,2025-07-13,TX,affiliate
2387,2024-10-18,IA,organic_search
2388,2025-09-09,NY,referral
2389,2025-03-24,KY,paid_social
2390,2025-04-30,PA,organic_search
2391,2024-11-09,OH,email
2392,2025-05-11,IL,paid_social
2393,2024-12-24,WI,organic_search
2394,2024-09-27,NC,organic_search
2395,2023-10-26,TX,referral
2396,2024-02-06,VA,organic_search
2397,2024-05-24,GA,organic_search
2398,2025-12-03,NY,email
2399,2025-04-09,NV,paid_search
2400,2025-09-18,CA,organic_search
2401,2024-11-21,IL,organic_search
2402,2025-10-30,MN,referral
2403,2025-08-05,IN,paid_social
2404,2024-04-14,WI,email
2405,2025-12-01,TX,paid_social
2406,2025-10-06,MN,organic_search
2407,2024-09-18,IL,affiliate
2408,2025-07-12,NY,paid_social
2409,2023-11-25,PA,paid_search
2410,2025-10-01,NV,paid_social
2411,2023-12-19,CA,email
2412,2023-10-07,TX,paid_social
2413,2025-07-17,GA,email
2414,2025-03-13,CO,organic_search
2415,2025-06-28,AL,paid_search
2416,2025-09-23,TX,email
2417,2025-07-04,FL,paid_search
2418,2025-05-31,CA,paid_social
2419,2025-08-28,CA,referral
2420,2024-05-21,MI,organic_search
2421,2025-05-02,AL,email
2422,2025-03-10,CA,organic_search
2423,2025-12-06,TX,paid_social
2424,2025-11-13,CT,organic_search
2425,2025-01-10,AR,organic_search
2426,2024-10-12,WI,referral
2427,2025-08-04,CA,paid_social
2428,2025-08-11,NV,paid_social
2429,2024-10-11,TX,paid_search
2430,2025-10-03,NY,paid_social
2431,2024-08-31,NV,paid_social
2432,2025-02-18,IN,organic_search
2433,2025-09-30,FL,organic_search
2434,2024-12-05,FL,organic_search
2435,2024-04-22,TX,email
2436,2024-08-03,TX,referral
2437,2025-07-28,MO,referral
2438,2024-03-16,NV,paid_social
2439,2023-12-23,FL,organic_search
2440,2025-11-06,FL,organic_search
2441,2024-12-22,UT,email
2442,2025-07-06,SC,organic_search
2443,2025-06-20,NY,paid_search
2444,2025-11-08,WA,paid_search
2445,2025-01-31,KS,paid_social
2446,2025-01-29,WI,paid_social
2447,2025-04-24,TN,paid_social
2448,2025-12-06,NC,paid_social
2449,2024-06-19,MN,paid_search
2450,2025-01-11,CA,organic_search
2451,2024-12-24,NC,email
2452,2025-06-27,OH,organic_search
2453,2024-05-10,CA,referral
2454,2025-11-23,TX,paid_search
2455,2025-10-06,PA,paid_social
2456,2025-10-31,CA,paid_search
2457,2025-03-12,CA,email
2458,2024-08-02,AZ,organic_search
2459,2025-03-23,NJ,organic_search
2460,2024-10-16,CA,organic_search
2461,2024-02-26,TX,paid_search
2462,2025-06-23,FL,paid_social
2463,2025-05-23,WA,referral
2464,2024-02-21,AZ,paid_social
2465,2023-09-13,NV,organic_search
2466,2024-04-17,LA,paid_social
2467,2025-02-13,TX,paid_social
2468,2025-05-24,FL,affiliate
2469,2024-10-01,MD,email
2470,2025-10-27,CA,organic_search
2471,2024-06-07,FL,paid_search
2472,2024-12-16,LA,organic_search
2473,2025-09-13,IL,email
2474,2025-10-07,NM,paid_social
2475,2024-03-10,NY,paid_search
2476,2024-03-13,NJ,paid_social
2477,2024-08-31,OR,organic_search
2478,2025-06-09,NY,organic_search
2479,2024-06-08,MD,paid_search
2480,2024-07-04,WI,organic_search
2481,2025-09-27,TX,organic_search
2482,2024-01-01,FL,paid_social
2483,2025-12-11,CO,paid_social
2484,2024-06-15,NJ,paid_search
2485,2025-09-23,CA,organic_search
2486,2025-10-04,MA,referral
2487,2024-05-10,CA,paid_social
2488,2024-02-02,MA,organic_search
2489,2025-12-06,TN,organic_search
2490,2024-09-07,CA,affiliate
2491,2025-07-09,IL,email
2492,2025-02-06,WA,organic_search
2493,2025-03-10,AZ,referral
2494,2025-06-03,WI,organic_search
2495,2025-05-27,FL,affiliate
2496,2024-10-15,OH,organic_search
2497,2025-04-02,AZ,organic_search
2498,2025-11-18,CA,email
2499,2025-06-20,NY,organic_search
2500,2023-11-21,PA,paid_search
2501,2024-02-26,VA,referral
2502,2024-07-29,WA,email
2503,2025-06-13,WI,paid_social
2504,2025-06-14,TX,organic_search
2505,2024-05-18,WI,paid_search
2506,2025-03-08,FL,organic_search
2507,2025-07-20,IL,referral
2508,2025-05-30,PA,paid_social
2509,2024-04-09,KY,paid_search
2510,2025-07-27,TX,paid_social
2511,2024-09-13,TX,referral
2512,2024-03-02,FL,paid_social
2513,2025-04-09,TN,paid_social
2514,2025-06-17,CA,email
2515,2024-12-17,OH,email
2516,2025-04-28,PA,organic_search
2517,2023-11-16,CA,paid_social
2518,2025-01-01,MI,paid_social
2519,2025-06-01,MI,organic_search
2520,2024-07-18,OK,organic_search
2521,2025-08-19,TN,paid_social
2522,2025-01-30,MO,organic_search
2523,2024-09-17,UT,referral
2524,2025-11-28,MO,referral
2525,2025-07-19,NY,organic_search
2526,2025-03-08,NC,paid_search
2527,2024-02-27,GA,organic_search
2528,2025-02-02,NY,paid_search
2529,2024-11-25,OR,email
2530,2025-06-29,GA,paid_social
2531,2025-08-12,TN,referral
2532,2025-09-03,IL,organic_search
2533,2025-11-12,IN,paid_search
2534,2025-11-12,TN,paid_search
2535,2024-08-29,CA,paid_social
2536,2025-01-17,NY,organic_search
2537,2025-06-28,NY,paid_search
2538,2024-07-21,CA,organic_search
2539,2024-02-21,CA,organic_search
2540,2025-07-08,FL,paid_social
2541,2024-11-14,TN,affiliate
2542,2025-08-05,TX,organic_search
2543,2023-07-31,NC,paid_search
2544,2025-04-10,MI,organic_search
2545,2025-05-13,CA,affiliate
2546,2025-09-08,AZ,paid_search
2547,2023-12-25,CA,paid_search
2548,2025-11-14,AL,organic_search
2549,2024-09-24,WA,organic_search
2550,2024-11-05,PA,affiliate
2551,2025-04-14,IN,paid_social
2552,2024-01-19,TX,paid_social
2553,2025-12-09,NY,paid_search
2554,2025-05-11,IL,paid_social
2555,2025-01-10,NY,paid_social
2556,2025-08-13,OH,paid_search
2557,2025-08-04,FL,organic_search
2558,2025-05-10,NY,email
2559,2024-06-03,NY,email
2560,2025-04-14,OR,paid_search
2561,2025-11-10,SC,organic_search
2562,2025-01-25,MI,paid_social
2563,2025-05-16,IL,paid_search
2564,2025-03-28,FL,paid_search
2565,2025-10-27,FL,referral
2566,2025-09-18,NY,paid_search
2567,2024-08-28,OH,paid_search
2568,2025-07-16,TN,referral
2569,2024-06-24,OH,organic_search
2570,2024-07-30,FL,email
2571,2025-10-04,AZ,organic_search
2572,2025-11-15,OH,referral
2573,2025-06-28,MI,affiliate
2574,2024-04-14,IL,organic_search
2575,2025-04-08,WA,paid_social
2576,2025-07-23,AL,paid_search
2577,2023-12-28,TX,organic_search
2578,2025-04-22,NY,paid_social
2579,2024-07-12,CA,email
2580,2024-07-11,NV,referral
2581,2024-11-24,CA,organic_search
2582,2025-12-07,FL,email
2583,2024-12-19,FL,organic_search
2584,2025-09-25,FL,email
2585,2025-06-13,NY,email
2586,2025-12-06,CA,paid_search
2587,2025-06-08,SC,referral
2588,2025-05-09,CO,organic_search
2589,2024-06-03,MI,paid_search
2590,2025-05-07,CA,paid_social
2591,2025-02-25,NY,referral
2592,2025-07-02,FL,paid_search
2593,2024-09-05,IN,paid_social
2594,2025-09-03,CA,paid_social
2595,2025-07-13,CA,referral
2596,2025-09-11,GA,affiliate
2597,2025-09-28,GA,referral
2598,2025-10-19,AL,organic_search
2599,2024-11-07,NC,affiliate
2600,2024-09-18,WA,paid_search
2601,2025-05-30,IL,paid_social
2602,2024-05-26,SC,organic_search
2603,2024-03-24,FL,paid_social
2604,2025-08-24,CA,organic_search
2605,2025-10-01,WA,paid_social
2606,2025-01-26,FL,paid_search
2607,2025-08-05,PA,paid_search
2608,2024-02-22,WA,email
2609,2025-11-16,MA,paid_social
2610,2025-11-01,PA,affiliate
2611,2025-10-08,CA,paid_social
2612,2025-04-28,TX,email
2613,2025-08-30,PA,email
2614,2024-09-23,GA,affiliate
2615,2025-08-20,FL,organic_search
2616,2024-11-20,GA,paid_social
2617,2024-12-21,GA,paid_search
2618,2025-01-31,NY,email
2619,2024-07-06,CA,organic_search
2620,2025-01-31,TX,referral
2621,2025-07-26,OK,organic_search
2622,2024-07-23,TN,paid_social
2623,2024-04-26,VA,organic_search
2624,2024-07-06,TX,organic_search
2625,2025-06-22,MO,referral
2626,2025-08-18,TX,organic_search
2627,2024-12-26,KY,email
2628,2025-11-01,TX,organic_search
2629,2023-12-13,IL,organic_search
2630,2025-02-27,PA,referral
2631,2025-10-29,FL,paid_social
2632,2024-11-18,NY,paid_social
2633,2024-07-16,AL,paid_social
2634,2024-09-25,NY,paid_social
2635,2024-06-28,VA,paid_social
2636,2024-04-21,NJ,paid_search
2637,2024-09-07,CA,organic_search
2638,2024-08-29,IL,organic_search
2639,2024-10-10,CA,paid_social
2640,2024-09-08,TN,paid_search
2641,2025-11-08,FL,paid_social
2642,2024-08-08,TX,paid_social
2643,2025-09-23,NC,organic_search
2644,2025-01-29,MA,organic_search
2645,2025-01-08,CA,email
2646,2024-04-29,TX,referral
2647,2024-07-11,KY,paid_social
2648,2025-03-27,MN,organic_search
2649,2025-11-08,IA,paid_search
2650,2024-09-03,TX,paid_social
2651,2024-03-18,AZ,paid_search
2652,2023-11-29,AL,organic_search
2653,2025-09-10,NY,organic_search
2654,2025-09-29,FL,organic_search
2655,2025-08-29,OH,organic_search
2656,2025-02-27,NY,paid_social
2657,2025-03-05,GA,paid_social
2658,2024-12-22,PA,organic_search
2659,2025-12-06,TX,email
2660,2025-04-26,CA,paid_search
2661,2024-12-01,FL,paid_social
2662,2025-06-20,TX,paid_social
2663,2025-07-28,TX,email
2664,2024-02-03,NJ,organic_search
2665,2025-11-24,SC,organic_search
2666,2025-07-23,FL,organic_search
2667,2025-08-22,KY,paid_social
2668,2024-01-24,TX,paid_social
2669,2023-10-24,CA,organic_search
2670,2025-07-07,TX,paid_search
2671,2025-03-01,AL,paid_social
2672,2025-11-18,MD,organic_search
2673,2025-01-21,NY,organic_search
2674,2025-09-02,OH,referral
2675,2025-08-10,GA,paid_social
2676,2025-08-20,OH,referral
2677,2025-09-17,CA,organic_search
2678,2024-04-02,PA,referral
2679,2025-06-04,FL,email
2680,2025-05-07,KY,organic_search
2681,2025-11-15,GA,email
2682,2025-08-25,CA,organic_search
2683,2024-09-25,NJ,paid_social
2684,2025-10-31,CA,paid_search
2685,2025-07-03,GA,paid_search
2686,2025-10-11,FL,paid_social
2687,2025-09-15,CA,organic_search
2688,2025-11-18,CT,paid_search
2689,2025-10-01,PA,affiliate
2690,2024-06-28,NY,organic_search
2691,2025-04-27,VA,organic_search
2692,2025-09-04,UT,organic_search
2693,2024-11-02,NY,referral
2694,2025-08-16,CA,organic_search
2695,2025-06-15,FL,referral
2696,2025-11-29,TX,email
2697,2025-11-26,CA,paid_social
2698,2025-08-20,IL,organic_search
2699,2024-12-03,NC,organic_search
2700,2025-10-12,SC,paid_social
2701,2025-01-17,KS,organic_search
2702,2025-06-17,CA,email
2703,2025-05-06,FL,paid_social
2704,2025-01-21,MN,referral
2705,2025-08-27,MO,paid_search
2706,2025-01-27,TX,paid_social
2707,2024-07-18,PA,paid_search
2708,2025-04-15,FL,paid_search
2709,2025-03-06,FL,organic_search
2710,2025-10-11,CA,organic_search
2711,2024-12-22,TX,paid_social
2712,2025-01-20,CA,paid_search
2713,2025-04-16,OK,paid_social
2714,2025-03-13,NC,affiliate
2715,2025-11-21,OH,organic_search
2716,2024-03-31,NJ,paid_social
2717,2024-04-15,GA,organic_search
2718,2024-01-08,NY,organic_search
2719,2025-09-18,MD,organic_search
2720,2025-02-17,SC,paid_social
2721,2025-02-14,OH,organic_search
2722,2024-11-26,CA,organic_search
2723,2025-12-06,AR,paid_search
2724,2024-12-16,CA,organic_search
2725,2024-12-15,MD,organic_search
2726,2025-02-28,TX,organic_search
2727,2025-08-15,PA,organic_search
2728,2024-02-10,LA,paid_search
2729,2025-02-16,IN,paid_search
2730,2025-10-29,CA,email
2731,2025-12-16,IL,referral
2732,2025-07-01,CA,affiliate
2733,2025-09-15,WI,affiliate
2734,2025-02-18,NM,paid_social
2735,2025-09-21,NY,organic_search
2736,2025-03-29,CA,paid_search
2737,2025-10-22,PA,paid_social
2738,2024-09-09,TX,paid_social
2739,2024-10-24,NJ,organic_search
2740,2024-10-13,GA,email
2741,2024-12-17,CA,paid_search
2742,2024-09-18,NV,organic_search
2743,2024-09-10,NV,referral
2744,2025-12-17,OH,paid_search
2745,2024-11-01,NJ,email
2746,2025-11-03,OH,organic_search
2747,2024-10-07,MA,organic_search
2748,2024-07-11,TX,email
2749,2025-03-01,GA,paid_search
2750,2025-11-25,PA,email
2751,2023-06-20,IL,referral
2752,2024-04-23,MI,paid_search
2753,2024-06-01,IN,email
2754,2025-09-07,NY,paid_social
2755,2024-06-12,IN,email
2756,2025-06-24,OH,paid_social
2757,2025-06-13,NY,organic_search
2758,2025-03-26,IA,referral
2759,2025-03-18,VA,email
2760,2024-11-24,CA,organic_search
2761,2025-01-03,MA,email
2762,2025-06-22,KY,organic_search
2763,2024-10-09,LA,paid_social
2764,2024-05-17,OH,paid_social
2765,2024-06-09,NJ,paid_social
2766,2024-06-18,IL,paid_social
2767,2024-06-20,IL,paid_social
2768,2025-09-09,GA,organic_search
2769,2025-10-01,AL,email
2770,2025-01-04,VA,organic_search
2771,2025-04-15,KY,email
2772,2023-12-06,MO,paid_search
2773,2024-03-20,TN,referral
2774,2025-03-12,NC,paid_social
2775,2025-08-21,CO,referral
2776,2025-01-25,AZ,email
2777,2025-06-24,FL,paid_search
2778,2023-08-08,CA,paid_search
2779,2025-11-19,MN,organic_search
2780,2025-08-01,OH,paid_search
2781,2025-12-12,CA,email
2782,2025-06-28,MI,email
2783,2025-01-11,MO,paid_social
2784,2025-05-12,MD,organic_search
2785,2025-06-28,OH,affiliate
2786,2025-03-07,NC,paid_search
2787,2025-02-06,TX,organic_search
2788,2025-08-18,WA,paid_social
2789,2025-11-13,GA,email
2790,2025-02-10,OR,organic_search
2791,2025-11-19,VA,paid_social
2792,2025-09-08,KY,email
2793,2025-10-06,CA,organic_search
2794,2025-08-02,LA,paid_social
2795,2025-09-24,CA,paid_search
2796,2024-06-13,UT,organic_search
2797,2025-09-03,TX,referral
2798,2025-02-10,MO,organic_search
2799,2023-09-10,MA,paid_social
2800,2023-06-18,PA,organic_search
2801,2024-01-09,GA,organic_search
2802,2025-12-17,CA,paid_search
2803,2025-08-05,TX,email
2804,2025-08-28,TN,organic_search
2805,2025-05-23,IA,organic_search
2806,2025-03-31,TX,referral
2807,2025-05-10,AZ,paid_search
2808,2024-06-21,FL,email
2809,2025-12-09,CO,organic_search
2810,2025-11-29,NY,affiliate
2811,2025-08-16,FL,organic_search
2812,2024-02-19,NJ,paid_social
2813,2024-11-17,NY,organic_search
2814,2025-07-30,KY,referral
2815,2025-05-27,NJ,email
2816,2025-08-31,TX,affiliate
2817,2025-11-14,VA,organic_search
2818,2025-08-30,CO,organic_search
2819,2025-04-30,CA,referral
2820,2025-01-10,TX,affiliate
2821,2024-05-10,MI,organic_search
2822,2025-01-27,CA,paid_social
2823,2025-01-16,CA,paid_search
2824,2025-09-13,OR,paid_social
2825,2025-03-16,CO,paid_search
2826,2024-04-15,NY,paid_social
2827,2025-12-13,MA,referral
2828,2025-11-04,SC,email
2829,2025-07-12,CA,affiliate
2830,2025-03-15,TX,email
2831,2025-11-08,CA,organic_search
2832,2025-01-08,TX,referral
2833,2024-09-27,IN,organic_search
2834,2025-03-24,FL,referral
2835,2025-11-21,FL,organic_search
2836,2025-10-20,CA,paid_social
2837,2023-08-23,CA,organic_search
2838,2025-02-28,MD,referral
2839,2024-06-27,KY,email
2840,2024-03-05,FL,organic_search
2841,2025-09-07,MD,referral
2842,2024-08-02,CA,organic_search
2843,2025-04-13,TN,email
2844,2025-04-21,CT,email
2845,2024-04-04,CA,organic_search
2846,2024-02-02,FL,paid_social
2847,2025-01-25,TX,paid_search
2848,2025-09-27,PA,email
2849,2025-04-14,CA,paid_search
2850,2025-05-15,TX,referral
2851,2025-11-13,KS,paid_search
2852,2025-04-21,AZ,organic_search
2853,2025-07-16,NC,paid_social
2854,2024-08-08,AZ,paid_social
2855,2024-04-26,IL,paid_search
2856,2024-09-21,CA,email
2857,2025-10-12,GA,organic_search
2858,2025-01-17,PA,affiliate
2859,2025-05-19,NY,paid_social
2860,2025-06-15,CA,organic_search
2861,2024-12-27,PA,paid_social
2862,2024-12-06,NY,paid_social
2863,2023-08-27,CA,paid_search
2864,2025-03-25,MA,paid_search
2865,2025-06-16,MA,email
2866,2025-05-17,CA,paid_social
2867,2025-01-09,IL,affiliate
2868,2025-03-21,CO,organic_search
2869,2025-06-25,FL,paid_search
2870,2025-08-01,MD,affiliate
2871,2023-12-18,CA,organic_search
2872,2024-07-02,CA,organic_search
2873,2025-10-03,CT,email
2874,2025-10-07,TX,paid_search
2875,2025-09-13,CA,organic_search
2876,2025-06-04,NY,paid_social
2877,2025-07-13,MO,referral
2878,2024-11-16,WI,organic_search
2879,2023-11-12,NY,paid_social
2880,2025-09-26,OR,paid_social
2881,2025-12-16,OK,paid_search
2882,2025-09-09,TX,referral
2883,2025-05-23,WI,organic_search
2884,2025-03-09,FL,organic_search
2885,2024-08-23,MD,organic_search
2886,2025-09-16,FL,organic_search
2887,2024-08-09,WA,organic_search
2888,2025-02-08,LA,referral
2889,2025-03-28,SC,affiliate
2890,2025-08-02,NY,organic_search
2891,2024-05-26,WA,affiliate
2892,2024-12-01,KY,organic_search
2893,2024-11-12,TX,organic_search
2894,2025-05-15,FL,organic_search
2895,2025-07-30,NY,paid_search
2896,2024-10-03,IA,paid_social
2897,2025-05-19,NY,paid_search
2898,2024-09-26,OH,organic_search
2899,2024-04-24,NY,organic_search
2900,2024-09-09,NY,paid_social
2901,2024-12-19,NY,email
2902,2024-11-08,NY,organic_search
2903,2024-08-21,GA,paid_search
2904,2024-01-24,TN,organic_search
2905,2024-07-09,PA,organic_search
2906,2024-09-20,IL,affiliate
2907,2025-07-04,GA,email
2908,2024-01-21,CA,paid_search
2909,2025-05-06,NC,organic_search
2910,2023-08-10,UT,organic_search
2911,2025-07-22,IA,paid_search
2912,2025-08-03,FL,paid_social
2913,2024-07-16,CO,organic_search
2914,2024-01-12,AL,organic_search
2915,2024-08-11,IL,paid_search
2916,2025-12-04,NY,paid_search
2917,2025-07-27,PA,email
2918,2023-10-31,NY,email
2919,2024-04-20,AL,organic_search
2920,2025-06-29,AL,referral
2921,2025-08-25,AL,email
2922,2025-12-03,AL,paid_social
2923,2025-03-07,MI,referral
2924,2025-04-15,NC,email
2925,2024-11-04,NJ,organic_search
2926,2025-08-09,WA,paid_search
2927,2025-09-20,AZ,organic_search
2928,2025-01-01,CO,email
2929,2025-12-07,FL,organic_search
2930,2025-06-14,TX,paid_social
2931,2023-12-04,CA,email
2932,2024-09-15,NC,paid_search
2933,2025-09-05,UT,paid_search
2934,2025-07-28,SC,organic_search
2935,2025-11-12,VA,affiliate
2936,2025-08-20,CA,paid_social
2937,2025-12-13,NV,paid_social
2938,2024-07-02,WI,referral
2939,2025-10-29,FL,organic_search
2940,2025-04-16,CA,paid_social
2941,2024-08-05,GA,paid_search
2942,2023-11-29,NY,paid_social
2943,2025-08-31,NC,paid_social
2944,2024-06-21,TN,organic_search
2945,2025-04-22,CA,paid_social
2946,2024-08-11,TX,affiliate
2947,2024-05-03,OK,paid_search
2948,2025-03-08,IL,paid_social
2949,2024-07-29,IN,paid_social
2950,2024-11-22,TX,organic_search
2951,2024-05-30,MA,paid_social
2952,2025-11-15,IN,organic_search
2953,2025-11-27,MA,paid_search
2954,2025-05-07,CA,paid_search
2955,2025-09-15,IL,paid_social
2956,2025-09-10,IA,organic_search
2957,2024-06-25,MN,paid_search
2958,2024-06-11,MA,organic_search
2959,2025-06-22,FL,organic_search
2960,2024-07-30,MI,paid_search
2961,2025-09-21,CA,paid_social
2962,2024-09-15,SC,referral
2963,2024-06-24,IL,organic_search
2964,2025-08-28,LA,paid_social
2965,2025-08-23,SC,organic_search
2966,2025-12-01,CA,paid_social
2967,2024-12-11,MD,email
2968,2025-06-30,TN,organic_search
2969,2025-05-13,UT,paid_social
2970,2025-07-31,OH,referral
2971,2024-12-10,CA,paid_search
2972,2025-12-01,IL,organic_search
2973,2025-05-20,NY,organic_search
2974,2024-07-27,OR,paid_search
2975,2025-11-28,MI,paid_social
2976,2024-08-22,TN,referral
2977,2025-04-12,MI,organic_search
2978,2025-09-25,NC,organic_search
2979,2024-08-14,IL,paid_search
2980,2025-04-17,WA,referral
2981,2025-01-25,PA,email
2982,2025-04-12,WI,organic_search
2983,2025-09-11,MO,paid_search
2984,2025-02-14,CA,organic_search
2985,2025-01-04,GA,paid_social
2986,2024-05-21,IA,organic_search
2987,2024-04-24,PA,organic_search
2988,2024-08-19,NM,paid_social
2989,2025-07-04,TX,email
2990,2025-01-07,PA,paid_social
2991,2025-07-08,TX,organic_search
2992,2025-10-23,NY,email
2993,2024-11-19,OK,paid_search
2994,2025-10-11,MA,paid_social
2995,2024-01-23,NC,organic_search
2996,2025-06-22,AL,paid_social
2997,2025-09-10,OH,email
2998,2025-12-07,CA,affiliate
2999,2025-08-11,LA,referral
3000,2025-10-02,NJ,organic_search
3001,2025-12-18,SC,paid_search
3002,2025-08-02,WI,email
3003,2025-08-04,FL,organic_search
3004,2025-08-31,TX,paid_social
3005,2025-05-20,MD,paid_social
3006,2025-02-19,TX,organic_search
3007,2023-09-19,PA,referral
3008,2025-06-28,CA,referral
3009,2024-01-04,OH,paid_search
3010,2025-11-09,MN,email
3011,2025-08-28,LA,paid_search
3012,2024-07-13,CA,email
3013,2024-12-27,FL,paid_social
3014,2024-08-08,GA,referral
3015,2024-09-15,PA,email
3016,2024-12-07,WA,organic_search
3017,2025-08-16,CT,organic_search
3018,2024-07-18,AZ,referral
3019,2024-09-08,NJ,organic_search
3020,2025-07-19,OR,organic_search
3021,2024-07-18,OK,email
3022,2025-08-20,TX,paid_social
3023,2023-12-27,FL,organic_search
3024,2025-10-22,AR,paid_social
3025,2024-12-08,AZ,email
3026,2025-07-01,OH,paid_social
3027,2024-07-18,CA,organic_search
3028,2024-05-02,TN,organic_search
3029,2025-04-18,PA,organic_search
3030,2025-04-30,GA,email
3031,2025-08-18,IN,paid_social
3032,2024-11-24,NC,organic_search
3033,2024-01-16,CA,organic_search
3034,2025-11-08,SC,organic_search
3035,2024-11-04,TX,referral
3036,2024-11-17,OH,paid_social
3037,2025-07-20,VA,paid_social
3038,2025-03-22,NV,affiliate
3039,2025-08-24,AZ,organic_search
3040,2025-12-12,NY,referral
3041,2024-08-21,OR,paid_social
3042,2025-12-08,VA,organic_search
3043,2025-06-12,WI,referral
3044,2024-01-14,IN,paid_search
3045,2025-05-21,GA,paid_social
3046,2025-07-02,TN,organic_search
3047,2024-09-28,SC,organic_search
3048,2023-10-13,MD,referral
3049,2025-09-04,NY,affiliate
3050,2024-10-26,SC,paid_social
3051,2025-06-22,OK,paid_search
3052,2025-07-09,NY,organic_search
3053,2024-10-29,KY,email
3054,2025-11-26,MO,referral
3055,2025-08-03,OK,paid_social
3056,2025-07-17,SC,email
3057,2023-09-29,UT,email
3058,2025-04-13,WI,email
3059,2024-09-07,CO,paid_social
3060,2025-04-26,OR,referral
3061,2024-06-21,TX,organic_search
3062,2025-02-24,OR,organic_search
3063,2025-07-10,TX,referral
3064,2025-06-15,NM,paid_social
3065,2024-10-17,CO,paid_search
3066,2025-09-11,WI,paid_social
3067,2025-06-23,VA,organic_search
3068,2025-11-21,TX,email
3069,2024-02-25,CA,referral
3070,2024-03-12,LA,paid_search
3071,2025-07-31,PA,organic_search
3072,2025-06-09,GA,organic_search
3073,2025-12-15,MO,affiliate
3074,2025-07-22,CA,organic_search
3075,2025-07-12,MA,paid_search
3076,2024-11-24,KY,organic_search
3077,2025-12-10,OK,organic_search
3078,2024-05-25,VA,email
3079,2024-09-14,NY,paid_social
3080,2024-02-20,CA,organic_search
3081,2024-04-23,NY,organic_search
3082,2025-08-18,CA,affiliate
3083,2025-10-09,AZ,organic_search
3084,2025-09-28,OR,organic_search
3085,2025-06-15,WI,paid_social
3086,2025-03-12,TX,paid_social
3087,2025-04-23,TX,organic_search
3088,2025-09-13,CA,paid_search
3089,2023-09-17,KS,organic_search
3090,2024-12-13,PA,affiliate
3091,2025-01-06,LA,organic_search
3092,2025-12-15,MI,organic_search
3093,2023-12-28,CA,paid_social
3094,2025-07-06,IL,paid_social
3095,2025-08-08,CA,organic_search
3096,2024-09-23,PA,organic_search
3097,2025-07-23,NY,paid_social
3098,2025-04-03,OR,referral
3099,2024-03-05,MA,organic_search
3100,2025-03-13,OK,organic_search
3101,2025-07-11,NV,organic_search
3102,2024-06-23,PA,referral
3103,2025-06-14,TX,paid_social
3104,2024-12-10,CA,referral
3105,2024-09-09,MA,email
3106,2025-09-02,CA,organic_search
3107,2025-02-13,MI,organic_search
3108,2024-10-02,MD,organic_search
3109,2024-08-02,OR,paid_social
3110,2024-11-22,NV,paid_search
3111,2025-08-24,NJ,referral
3112,2025-05-04,PA,organic_search
3113,2025-05-22,OH,organic_search
3114,2024-01-03,NY,organic_search
3115,2025-03-02,OH,paid_search
3116,2025-06-21,MI,organic_search
3117,2024-12-25,IL,paid_search
3118,2025-07-27,NJ,paid_social
3119,2025-07-17,WA,paid_social
3120,2025-11-23,IN,organic_search
3121,2025-07-16,NY,paid_search
3122,2024-08-26,PA,email
3123,2025-08-06,MI,paid_social
3124,2024-09-03,OH,organic_search
3125,2024-03-30,NY,organic_search
3126,2025-07-28,NY,referral
3127,2024-08-11,VA,organic_search
3128,2024-05-18,TX,paid_search
3129,2025-12-08,PA,affiliate
3130,2025-10-09,NV,paid_social
3131,2025-09-01,SC,email
3132,2025-07-10,FL,organic_search
3133,2025-05-10,CO,referral
3134,2024-12-15,PA,referral
3135,2025-12-04,NC,organic_search
3136,2025-09-01,NC,paid_social
3137,2025-10-17,MO,affiliate
3138,2025-09-17,CA,paid_search
3139,2025-05-17,NC,referral
3140,2025-07-11,OH,paid_search
3141,2025-11-02,IN,paid_social
3142,2025-09-04,NY,organic_search
3143,2024-09-02,CA,organic_search
3144,2024-03-08,MA,email
3145,2025-07-06,FL,paid_search
3146,2024-07-16,NJ,email
3147,2024-10-16,CO,paid_search
3148,2025-07-07,NY,organic_search
3149,2025-07-02,FL,organic_search
3150,2024-12-16,IL,paid_social
3151,2025-09-09,NV,paid_social
3152,2024-03-01,NC,paid_social
3153,2024-11-03,CA,organic_search
3154,2025-03-28,OH,organic_search
3155,2025-06-01,GA,organic_search
3156,2025-02-20,FL,paid_social
3157,2025-11-20,NY,referral
3158,2024-09-17,NY,affiliate
3159,2025-04-11,FL,paid_search
3160,2025-05-30,TN,paid_search
3161,2024-06-26,AZ,paid_social
3162,2025-06-06,CA,paid_social
3163,2025-06-19,MD,organic_search
3164,2025-01-28,NY,referral
3165,2025-06-02,NJ,paid_social
3166,2025-09-07,CA,paid_search
3167,2025-03-23,CA,paid_social
3168,2024-04-16,TX,paid_social
3169,2025-02-14,CO,paid_search
3170,2023-11-13,FL,organic_search
3171,2025-02-18,LA,paid_social
3172,2025-02-15,CA,email
3173,2025-07-01,CO,organic_search
3174,2024-07-04,CA,organic_search
3175,2024-07-23,TX,organic_search
3176,2025-02-11,AZ,organic_search
3177,2025-10-09,SC,referral
3178,2025-03-14,MI,paid_social
3179,2025-11-03,TX,organic_search
3180,2025-11-27,CA,organic_search
3181,2025-09-17,TX,paid_social
3182,2025-02-14,NY,organic_search
3183,2024-09-04,CA,organic_search
3184,2024-07-30,OH,organic_search
3185,2025-06-23,MA,organic_search
3186,2025-09-04,MI,email
3187,2025-03-27,FL,organic_search
3188,2025-11-21,NY,paid_search
3189,2025-11-30,NJ,referral
3190,2025-07-15,WA,organic_search
3191,2025-08-03,WA,paid_social
3192,2025-12-15,NC,email
3193,2025-08-30,TX,paid_social
3194,2024-06-01,NJ,paid_search
3195,2025-05-30,MD,organic_search
3196,2025-05-21,MD,organic_search
3197,2025-07-18,AZ,paid_search
3198,2024-03-15,GA,organic_search
3199,2025-09-13,FL,paid_social
3200,2024-03-19,CT,paid_search
3201,2024-09-21,TX,organic_search
3202,2025-09-25,TX,organic_search
3203,2024-09-14,MA,organic_search
3204,2024-04-27,CA,organic_search
3205,2025-06-05,CA,paid_social
3206,2024-10-22,TX,paid_search
3207,2025-03-28,IL,referral
3208,2024-07-17,MI,paid_social
3209,2024-07-05,OH,organic_search
3210,2025-03-08,NY,organic_search
3211,2025-11-14,KY,paid_search
3212,2024-04-17,CA,affiliate
3213,2025-05-01,IA,referral
3214,2024-10-27,NY,paid_social
3215,2025-11-19,TX,paid_search
3216,2024-06-17,GA,organic_search
3217,2025-01-28,NY,paid_search
3218,2024-08-23,AZ,paid_social
3219,2025-03-27,MI,paid_social
3220,2025-06-01,WA,paid_social
3221,2025-10-19,IN,email
3222,2024-08-26,FL,paid_social
3223,2025-11-28,AL,affiliate
3224,2025-11-23,AZ,organic_search
3225,2025-10-09,NY,referral
3226,2025-07-20,NY,paid_search
3227,2024-12-07,NY,affiliate
3228,2023-10-14,MN,organic_search
3229,2025-11-24,NV,organic_search
3230,2025-09-21,IL,paid_social
3231,2023-10-29,GA,organic_search
3232,2025-03-24,AR,paid_social
3233,2023-11-10,MD,organic_search
3234,2025-03-31,PA,paid_search
3235,2024-08-15,NC,organic_search
3236,2025-12-17,NY,referral
3237,2025-10-03,NC,organic_search
3238,2024-05-10,NY,paid_search
3239,2025-08-12,PA,email
3240,2025-06-13,VA,organic_search
3241,2025-06-18,TX,email
3242,2024-05-07,OH,paid_search
3243,2025-09-18,OH,paid_search
3244,2025-01-28,NC,email
3245,2024-04-18,TX,paid_social
3246,2025-07-14,CO,paid_search
3247,2025-03-31,OH,organic_search
3248,2025-07-01,VA,organic_search
3249,2024-07-22,UT,paid_search
3250,2023-07-27,CA,organic_search
3251,2025-10-17,FL,organic_search
3252,2024-06-23,TX,referral
3253,2025-06-22,CA,paid_social
3254,2025-06-13,CT,affiliate
3255,2024-11-16,CA,email
3256,2024-11-23,SC,organic_search
3257,2025-03-17,GA,email
3258,2024-03-26,NY,paid_social
3259,2025-04-18,CA,organic_search
3260,2023-11-11,MD,paid_social
3261,2024-05-21,SC,organic_search
3262,2024-06-25,IN,referral
3263,2025-01-26,OH,paid_search
3264,2025-10-21,PA,organic_search
3265,2024-08-19,IN,email
3266,2025-12-11,MA,referral
3267,2025-06-05,AZ,affiliate
3268,2025-01-16,CT,referral
3269,2024-06-11,TX,paid_search
3270,2024-08-16,NC,paid_social
3271,2025-04-12,MI,paid_search
3272,2024-02-23,WA,referral
3273,2024-12-30,AL,referral
3274,2025-08-12,CA,paid_search
3275,2025-01-30,CA,email
3276,2025-02-12,CA,paid_search
3277,2023-09-15,AZ,affiliate
3278,2024-12-26,WI,organic_search
3279,2025-01-02,IL,paid_social
3280,2024-08-11,TX,organic_search
3281,2025-02-07,VA,paid_social
3282,2025-02-25,VA,paid_social
3283,2024-08-08,SC,paid_social
3284,2024-03-02,GA,paid_social
3285,2025-07-24,NY,organic_search
3286,2025-06-06,NC,paid_search
3287,2025-08-16,MD,paid_social
3288,2025-02-08,AR,paid_social
3289,2025-08-31,GA,paid_social
3290,2025-09-05,MO,organic_search
3291,2024-05-07,NC,referral
3292,2025-10-20,MD,referral
3293,2025-03-22,AZ,organic_search
3294,2024-10-08,GA,paid_social
3295,2024-01-31,FL,paid_social
3296,2025-08-02,CA,referral
3297,2023-11-16,TX,paid_social
3298,2025-01-13,OH,paid_search
3299,2025-06-25,NJ,paid_search
3300,2025-10-01,LA,organic_search
3301,2024-09-07,MO,organic_search
3302,2024-08-28,CA,organic_search
3303,2025-05-17,PA,email
3304,2024-11-02,TX,organic_search
3305,2025-01-16,MI,email
3306,2025-11-26,MN,organic_search
3307,2025-03-11,GA,paid_social
3308,2025-04-13,TN,organic_search
3309,2025-06-14,CA,organic_search
3310,2025-06-09,TX,organic_search
3311,2025-02-06,FL,referral
3312,2025-02-08,MN,paid_social
3313,2025-10-12,TX,paid_social
3314,2024-04-17,MN,organic_search
3315,2025-08-17,OH,paid_search
3316,2025-03-18,GA,referral
3317,2024-10-21,IL,organic_search
3318,2024-04-21,WI,organic_search
3319,2025-10-28,WI,paid_social
3320,2023-11-11,AZ,organic_search
3321,2023-09-13,CA,paid_social
3322,2025-12-15,NC,referral
3323,2025-02-18,OH,paid_social
3324,2024-11-06,LA,referral
3325,2025-01-31,CO,referral
3326,2025-10-19,NY,organic_search
3327,2024-09-09,OR,paid_search
3328,2025-11-18,PA,email
3329,2024-05-27,CO,organic_search
3330,2025-03-30,CO,paid_social
3331,2025-07-20,NY,paid_search
3332,2024-01-04,MO,organic_search
3333,2024-06-30,CA,paid_social
3334,2025-10-29,OR,email
3335,2025-05-24,NC,organic_search
3336,2025-04-29,LA,referral
3337,2024-03-25,CA,paid_search
3338,2024-02-18,IL,paid_search
3339,2025-08-04,GA,referral
3340,2024-06-27,NJ,paid_search
3341,2025-11-28,TX,paid_search
3342,2024-11-22,WI,organic_search
3343,2025-01-13,CO,email
3344,2025-04-17,TX,email
3345,2024-10-23,FL,paid_social
3346,2025-04-04,FL,paid_search
3347,2024-05-06,TX,paid_search
3348,2024-04-08,PA,organic_search
3349,2025-09-05,NM,affiliate
3350,2025-10-10,CA,paid_social
3351,2025-09-15,TN,paid_search
3352,2024-09-10,TX,organic_search
3353,2025-12-18,TX,affiliate
3354,2024-05-19,FL,paid_search
3355,2025-06-24,CA,paid_social
3356,2024-07-19,CA,paid_social
3357,2024-03-13,CA,paid_search
3358,2025-02-27,IL,organic_search
3359,2025-09-24,NY,referral
3360,2025-05-24,TN,organic_search
3361,2024-04-23,WA,paid_social
3362,2025-08-21,OH,referral
3363,2025-05-28,WA,organic_search
3364,2025-04-30,TX,organic_search
3365,2024-11-28,MO,paid_social
3366,2025-09-21,TX,organic_search
3367,2025-09-15,TX,paid_social
3368,2024-09-06,FL,email
3369,2025-07-21,AL,paid_social
3370,2025-07-29,FL,organic_search
3371,2025-06-27,IL,referral
3372,2024-09-24,NC,organic_search
3373,2025-11-11,UT,organic_search
3374,2024-02-23,GA,paid_social
3375,2024-03-31,IL,organic_search
3376,2024-03-31,NY,organic_search
3377,2025-08-06,NY,paid_social
3378,2024-08-03,IL,organic_search
3379,2025-05-19,FL,paid_search
3380,2024-03-24,MI,email
3381,2023-10-31,LA,affiliate
3382,2025-08-15,FL,paid_social
3383,2025-08-08,SC,organic_search
3384,2024-08-21,AR,organic_search
3385,2025-01-03,MI,paid_social
3386,2025-05-26,MN,paid_search
3387,2025-07-25,PA,organic_search
3388,2025-02-03,TN,paid_search
3389,2023-06-05,NJ,organic_search
3390,2025-12-18,TN,email
3391,2025-11-27,MI,email
3392,2024-11-26,NY,paid_social
3393,2024-09-13,VA,paid_search
3394,2024-09-13,KY,paid_search
3395,2025-07-21,CO,organic_search
3396,2025-08-19,MI,email
3397,2025-04-07,NJ,paid_social
3398,2025-10-20,AL,paid_search
3399,2024-01-07,PA,paid_social
3400,2025-02-21,NJ,organic_search
3401,2024-09-01,WI,organic_search
3402,2025-05-29,TX,paid_search
3403,2024-06-07,VA,paid_search
3404,2025-06-29,TX,paid_social
3405,2025-10-31,VA,paid_social
3406,2024-11-20,TX,paid_social
3407,2025-10-22,MD,affiliate
3408,2025-08-03,IN,paid_social
3409,2025-05-23,NY,organic_search
3410,2025-12-17,FL,organic_search
3411,2025-01-27,MA,email
3412,2025-07-13,IL,paid_search
3413,2025-01-11,MI,organic_search
3414,2024-12-08,NY,paid_social
3415,2025-02-26,PA,email
3416,2024-08-31,NY,organic_search
3417,2025-01-20,PA,referral
3418,2024-05-05,MA,referral
3419,2024-08-05,CO,organic_search
3420,2025-10-17,GA,paid_social
3421,2025-07-24,AR,organic_search
3422,2025-03-29,PA,paid_search
3423,2025-11-09,CA,referral
3424,2025-11-28,TN,affiliate
3425,2025-03-31,CA,organic_search
3426,2024-09-29,TX,paid_social
3427,2025-11-14,SC,organic_search
3428,2025-01-11,TN,paid_search
3429,2025-09-11,FL,paid_social
3430,2025-04-30,CA,paid_search
3431,2024-05-08,AZ,referral
3432,2024-11-03,AZ,paid_social
3433,2025-06-18,TX,affiliate
3434,2024-07-17,NY,referral
3435,2024-12-22,MO,referral
3436,2024-05-03,CA,referral
3437,2025-01-11,NJ,affiliate
3438,2024-08-09,MI,organic_search
3439,2024-10-08,OH,paid_social
3440,2025-01-03,MN,paid_social
3441,2025-02-05,IA,email
3442,2024-04-24,AL,paid_social
3443,2025-01-16,NJ,organic_search
3444,2025-08-13,FL,paid_social
3445,2025-05-04,NY,organic_search
3446,2025-07-14,MI,email
3447,2025-06-28,FL,email
3448,2025-11-24,CA,paid_social
3449,2025-05-28,FL,paid_search
3450,2024-11-10,MI,paid_social
3451,2024-09-24,MD,organic_search
3452,2023-07-08,TX,paid_social
3453,2025-05-09,TX,organic_search
3454,2024-02-18,SC,paid_social
3455,2025-08-27,MD,affiliate
3456,2025-08-05,NY,organic_search
3457,2025-07-01,LA,paid_search
3458,2025-07-14,CT,organic_search
3459,2024-12-27,TX,paid_search
3460,2023-12-25,VA,paid_social
3461,2023-12-31,WA,email
3462,2025-01-10,NC,organic_search
3463,2025-12-09,NC,email
3464,2025-09-02,OH,paid_social
3465,2025-04-21,IL,organic_search
3466,2024-11-30,NY,referral
3467,2024-05-07,TN,paid_social
3468,2025-07-08,TX,paid_search
3469,2025-08-28,CO,referral
3470,2025-11-17,AZ,organic_search
3471,2024-12-29,TX,paid_search
3472,2024-09-16,NY,email
3473,2025-11-29,IL,referral
3474,2025-03-03,TN,organic_search
3475,2024-07-16,NC,paid_social
3476,2025-06-28,IL,email
3477,2025-01-11,MO,paid_social
3478,2025-02-08,NC,paid_social
3479,2024-10-31,KS,paid_social
3480,2025-08-24,VA,referral
3481,2024-09-21,IL,email
3482,2023-06-22,IA,organic_search
3483,2025-01-20,CA,affiliate
3484,2025-05-09,OH,organic_search
3485,2024-12-19,MI,paid_social
3486,2025-01-05,TX,paid_social
3487,2024-09-14,NJ,referral
3488,2024-05-31,KS,email
3489,2025-05-31,AZ,paid_search
3490,2025-09-27,NY,email
3491,2025-05-20,IL,paid_social
3492,2025-04-16,IL,paid_search
3493,2024-04-24,FL,referral
3494,2024-06-03,IL,paid_social
3495,2023-12-10,MI,paid_search
3496,2025-05-29,OR,organic_search
3497,2025-01-18,FL,affiliate
3498,2025-11-04,NV,paid_social
3499,2025-12-12,PA,referral
3500,2025-04-25,NJ,organic_search
3501,2023-12-09,AL,organic_search
3502,2025-03-13,TX,organic_search
3503,2024-09-13,WI,referral
3504,2025-06-11,IA,organic_search
3505,2023-10-02,GA,organic_search
3506,2025-03-10,CA,paid_search
3507,2025-03-09,MO,paid_search
3508,2025-01-06,OH,paid_search
3509,2024-02-26,NC,organic_search
3510,2025-07-14,NC,organic_search
3511,2025-10-12,CA,organic_search
3512,2025-03-06,GA,organic_search
3513,2025-07-25,NY,organic_search
3514,2024-06-27,TX,organic_search
3515,2024-12-24,FL,paid_social
3516,2025-09-20,LA,email
3517,2024-01-27,UT,paid_social
3518,2025-04-20,NV,organic_search
3519,2025-08-21,TX,paid_social
3520,2023-12-09,KY,organic_search
3521,2025-07-16,FL,paid_search
3522,2024-12-10,FL,paid_social
3523,2025-09-11,MN,email
3524,2025-03-09,NY,email
3525,2024-08-01,TN,paid_social
3526,2024-03-28,MI,paid_search
3527,2025-01-28,IL,paid_social
3528,2025-04-18,CA,paid_search
3529,2025-05-24,MO,organic_search
3530,2024-08-25,AL,paid_social
3531,2023-11-19,VA,organic_search
3532,2024-03-07,CA,affiliate
3533,2024-08-13,SC,organic_search
3534,2025-08-14,TX,email
3535,2025-10-18,OK,email
3536,2024-03-25,MI,organic_search
3537,2023-11-13,NY,organic_search
3538,2025-06-05,TX,organic_search
3539,2024-10-27,CA,paid_social
3540,2025-09-06,NY,email
3541,2025-10-05,PA,paid_social
3542,2025-04-19,FL,organic_search
3543,2024-06-05,PA,affiliate
3544,2025-08-24,TX,email
3545,2025-05-20,AL,affiliate
3546,2025-07-09,TX,paid_social
3547,2024-06-07,IL,paid_search
3548,2024-11-09,LA,email
3549,2023-12-24,OK,paid_social
3550,2025-07-10,MO,paid_social
3551,2025-09-10,IL,referral
3552,2024-05-02,NC,organic_search
3553,2025-03-24,IN,organic_search
3554,2025-01-08,TX,paid_search
3555,2024-12-22,NY,organic_search
3556,2025-05-12,NY,organic_search
3557,2025-08-07,MO,email
3558,2024-12-07,CT,paid_social
3559,2023-11-02,IN,paid_social
3560,2024-08-28,NJ,organic_search
3561,2025-01-10,FL,paid_search
3562,2025-03-15,CA,paid_social
3563,2024-11-19,TX,referral
3564,2024-11-05,VA,organic_search
3565,2023-08-06,TX,organic_search
3566,2025-02-18,CA,organic_search
3567,2024-12-31,TX,organic_search
3568,2024-03-03,NY,paid_social
3569,2025-04-11,MO,organic_search
3570,2024-09-17,NY,organic_search
3571,2023-10-15,OH,paid_social
3572,2025-12-09,NC,organic_search
3573,2025-03-28,TX,paid_social
3574,2025-10-22,MI,paid_search
3575,2025-10-07,OK,organic_search
3576,2024-07-10,KY,organic_search
3577,2023-07-07,AR,affiliate
3578,2025-05-12,GA,organic_search
3579,2025-07-24,AZ,paid_social
3580,2025-06-10,TX,paid_social
3581,2025-08-12,FL,paid_search
3582,2024-08-09,FL,affiliate
3583,2025-05-30,GA,email
3584,2024-12-22,CA,organic_search
3585,2025-11-30,OK,organic_search
3586,2025-05-18,WA,paid_social
3587,2025-02-26,AZ,paid_search
3588,2025-08-03,WI,referral
3589,2025-01-17,NY,organic_search
3590,2024-12-03,TN,paid_search
3591,2025-02-19,AL,organic_search
3592,2025-02-02,NY,organic_search
3593,2025-08-03,GA,organic_search
3594,2025-09-20,PA,organic_search
3595,2024-12-15,CO,paid_social
3596,2025-11-14,LA,referral
3597,2025-05-27,WA,paid_search
3598,2024-06-03,CA,paid_search
3599,2025-08-23,LA,organic_search
3600,2024-10-19,NY,organic_search
