order_id,product_id,quantity,unit_price,discount_amount
100001,1031,1,38.99,0
100002,1087,1,45.99,0
100002,1072,1,141.99,0
100003,1048,1,139.99,0
100004,1083,1,19.99,2
100004,1023,1,135.99,13.6
100004,1051,1,53.99,5.4
100005,1013,1,124.99,0
100006,1002,1,138.99,0
100006,1077,1,25.99,0
100007,1003,1,22.99,0
100007,1039,1,483.99,0
100007,1074,1,19.99,0
100008,1050,1,146.99,0
100008,1031,1,38.99,0
100009,1048,1,139.99,0
100010,1075,1,50.99,0
100010,1008,1,43.99,0
100010,1028,1,77.99,0
100011,1008,2,43.99,0
100011,1007,4,71.99,0
100012,1024,1,59.99,0
100013,1076,1,138.99,0
100014,1014,1,36.99,0
100015,1085,1,115.99,0
100015,1057,4,205.99,0
100016,1005,1,79.99,0
100017,1017,1,86.99,0
100018,1007,1,71.99,0
100019,1034,1,68.99,0
100019,1024,1,59.99,0
100020,1082,4,104.99,0
100020,1006,1,16.99,0
100020,1034,1,68.99,0
100021,1046,1,142.99,0
100021,1033,1,85.99,0
100022,1017,1,86.99,0
100023,1009,1,131.99,0
100024,1057,1,205.99,0
100024,1087,4,45.99,0
100025,1025,1,166.99,0
100026,1001,2,61.99,0
100027,1018,1,212.99,0
100028,1014,1,36.99,0
100028,1055,1,200.99,0
100029,1034,1,68.99,0
100029,1082,1,104.99,0
100029,1090,1,17.99,0
100029,1027,1,90.99,0
100030,1011,2,34.99,0
100031,1071,1,9.99,0
100032,1031,1,38.99,0
100032,1067,1,34.99,0
100032,1086,4,97.99,0
100033,1088,2,20.99,0
100033,1086,1,,0
100034,1072,1,141.99,0
100035,1007,2,71.99,0
100035,1064,1,153.99,0
100035,1072,1,141.99,0
100035,1086,1,97.99,0
100036,1072,2,141.99,0
100037,1032,2,81.99,0
100037,1004,1,75.99,0
100038,1046,1,142.99,0
100038,1075,1,50.99,0
100038,1011,1,34.99,0
100039,1009,1,131.99,0
100039,1054,2,229.99,0
100040,1036,1,58.99,0
100040,1075,1,50.99,0
100041,1083,1,19.99,0
100041,1021,1,123.99,0
100041,1085,2,115.99,0
100041,1072,1,141.99,0
100042,1058,1,93.99,9.4
100042,1088,1,20.99,2.1
100042,1074,2,19.99,4
100042,1010,1,96.99,9.7
100043,1026,1,161.99,0
100044,1049,1,126.99,0
100045,1034,1,68.99,0
100045,1007,1,71.99,0
100046,1070,1,122.99,0
100046,1079,2,61.99,0
100046,1074,1,19.99,0
100046,1025,1,166.99,0
100047,1037,1,28.99,0
100047,1076,1,138.99,0
100047,1075,1,50.99,0
100048,1001,1,61.99,0
100049,1027,1,90.99,0
100049,1075,1,50.99,0
100050,1053,2,37.99,0
100051,1025,1,166.99,0
100052,1055,1,200.99,0
100053,1049,1,126.99,0
100054,1085,1,115.99,0
100054,1030,1,7.99,0
100054,1087,1,45.99,0
100055,1038,1,313.99,0
100055,1080,1,134.99,0
100056,1079,1,61.99,6.2
100057,1076,4,138.99,0
100058,1011,2,34.99,0
100058,1080,1,134.99,0
100058,1016,1,180.99,0
100059,1014,1,36.99,0
100060,1089,1,53.99,0
100061,1030,1,7.99,0
100062,1020,1,,0
100063,1054,1,229.99,0
100063,1053,1,37.99,0
100064,1050,1,146.99,14.7
100065,1044,1,529.99,0
100065,1073,1,69.99,0
100066,1085,1,115.99,0
100066,1089,1,53.99,0
100066,1035,2,51.99,0
100067,1042,1,773.99,0
100068,1030,1,7.99,0
100069,1078,1,85.99,0
100070,1009,1,131.99,0
100071,1016,1,180.99,18.1
100072,1033,1,85.99,0
100073,1074,2,19.99,0
100073,1003,1,22.99,0
100074,1034,1,68.99,0
100074,1055,1,200.99,0
100075,1051,1,53.99,0
100075,1074,1,19.99,0
100075,1008,1,43.99,0
100076,1081,2,74.99,0
100077,1074,1,19.99,0
100078,1047,1,194.99,0
100078,1023,1,135.99,0
100078,1014,1,36.99,0
100079,1027,1,90.99,0
100080,1090,1,17.99,0
100081,1088,1,20.99,0
100082,1002,1,138.99,0
100083,1001,4,61.99,0
100083,1018,1,212.99,0
100084,1023,2,135.99,0
100084,1013,3,124.99,0
100085,1055,1,200.99,0
100085,1008,1,43.99,0
100085,1009,1,131.99,0
100086,1036,2,58.99,0
100087,1028,1,77.99,0
100088,1027,1,90.99,0
100088,1018,4,212.99,0
100088,1048,1,139.99,0
100088,1025,1,166.99,0
100089,1010,1,96.99,0
100089,1003,1,22.99,0
100090,1019,1,77.99,0
100091,1087,1,45.99,0
100092,1072,1,141.99,0
100092,1034,1,68.99,0
100092,1082,1,104.99,0
100092,1077,1,25.99,0
100093,1076,1,138.99,0
100093,1017,1,86.99,0
100093,1020,3,54.99,0
100094,1056,1,239.99,0
100094,1085,1,115.99,0
100095,1058,2,93.99,0
100096,1024,1,59.99,0
100097,1079,1,61.99,0
100098,1042,1,773.99,0
100099,1075,1,50.99,0
100099,1009,1,131.99,0
100100,1039,1,483.99,0
100101,1005,2,79.99,0
100102,1018,3,212.99,0
100103,1024,1,59.99,0
100104,1040,1,476.99,0
100105,1060,1,134.99,0
100106,1072,1,141.99,0
100106,1057,1,205.99,0
100107,1072,4,141.99,0
100107,1039,1,483.99,0
100108,1030,1,7.99,0
100108,1005,1,79.99,0
100109,1028,1,77.99,0
100109,1058,1,93.99,0
100109,1034,2,68.99,0
100110,1085,1,115.99,0
100110,1057,1,205.99,0
100111,1052,1,208.99,0
100112,1026,2,161.99,0
100113,1001,2,61.99,0
100113,1035,1,51.99,0
100114,1003,4,22.99,0
100115,1087,1,45.99,0
100116,1014,1,36.99,0
100116,1087,2,,0
100117,1024,1,59.99,0
100118,1037,1,28.99,0
100119,1044,1,529.99,0
100120,1059,1,467.99,0
100120,1026,1,161.99,0
100120,1054,1,229.99,0
100120,1052,1,208.99,0
100121,1001,1,61.99,0
100121,1012,1,109.99,0
100122,1002,1,138.99,0
100122,1088,1,20.99,0
100122,1075,1,50.99,0
100122,1026,1,161.99,0
100123,1002,1,138.99,0
100123,1048,1,139.99,0
100123,1069,1,26.99,0
100124,1022,3,88.99,0
100124,1015,1,96.99,0
100125,1032,1,81.99,0
100126,1074,1,19.99,0
100127,1079,2,61.99,0
100128,1075,1,50.99,0
100129,1008,1,43.99,0
100129,1016,1,180.99,0
100130,1013,1,124.99,0
100131,1082,2,104.99,0
100132,1009,1,131.99,0
100133,1007,2,71.99,0
100133,1024,1,59.99,0
100133,1006,1,16.99,0
100133,1049,1,126.99,0
100134,1085,1,115.99,0
100135,1032,1,81.99,0
100135,1075,1,50.99,0
100135,1034,1,68.99,0
100136,1003,1,22.99,0
100136,1058,2,93.99,0
100136,1090,1,17.99,0
100136,1027,1,90.99,0
100137,1004,1,75.99,0
100138,1031,2,38.99,0
100138,1023,2,135.99,0
100139,1077,1,25.99,0
100140,1058,1,93.99,0
100140,1078,1,85.99,0
100140,1004,1,75.99,0
100141,1026,1,161.99,0
100142,1017,1,86.99,0
100143,1033,1,85.99,0
100143,1055,1,200.99,0
100143,1003,3,22.99,0
100144,1001,1,61.99,0
100145,1025,1,166.99,0
100146,1029,1,30.99,0
100146,1026,2,161.99,0
100147,1080,1,134.99,0
100148,1022,1,88.99,0
100149,1081,1,74.99,0
100149,1010,2,96.99,0
100150,1055,2,200.99,0
100151,1058,1,93.99,0
100152,1079,1,61.99,0
100153,1032,1,81.99,0
100154,1050,1,146.99,0
100155,1014,1,36.99,0
100156,1084,1,112.99,0
100157,1038,1,313.99,0
100157,1050,3,146.99,0
100157,1074,1,19.99,0
100157,1014,1,36.99,0
100158,1012,1,109.99,0
100158,1015,1,96.99,0
100158,1007,3,71.99,0
100159,1003,1,22.99,0
100160,1023,2,135.99,0
100161,1012,1,109.99,0
100162,1001,1,61.99,0
100162,1084,1,112.99,0
100163,1054,1,229.99,0
100164,1007,1,71.99,0
100164,1024,1,59.99,0
100164,1071,1,9.99,0
100165,1021,1,123.99,12.4
100165,1087,1,45.99,4.6
100165,1009,1,131.99,13.2
100165,1002,1,138.99,13.9
100166,1018,3,212.99,0
100167,1019,1,77.99,0
100167,1073,1,69.99,0
100167,1035,1,51.99,0
100168,1076,1,138.99,0
100169,1014,2,36.99,0
100170,1069,1,26.99,0
100170,1024,1,59.99,0
100170,1083,1,19.99,0
100171,1071,1,9.99,0
100172,1032,1,81.99,0
100173,1020,2,54.99,0
100174,1040,1,476.99,0
100174,1058,1,93.99,0
100174,1078,1,85.99,0
100175,1011,1,34.99,0
100176,1001,1,61.99,0
100177,1001,1,61.99,0
100177,1045,1,506.99,0
100178,1014,1,36.99,0
100178,1036,1,58.99,0
100179,1036,1,58.99,0
100180,1073,1,69.99,0
100180,1052,1,208.99,0
100180,1044,1,529.99,0
100180,1061,1,45.99,0
100181,1036,2,58.99,0
100181,1030,1,7.99,0
100181,1074,1,19.99,0
100182,1075,1,50.99,5.1
100183,1006,1,16.99,0
100184,1074,1,19.99,0
100184,1023,1,135.99,0
100184,1018,2,212.99,0
100185,1084,1,112.99,0
100185,1070,4,122.99,0
100185,1040,1,476.99,0
100186,1090,1,17.99,0
100187,1019,1,77.99,0
100187,1069,1,26.99,0
100188,1001,1,61.99,0
100188,1089,1,53.99,0
100189,1051,1,53.99,0
100189,1055,1,200.99,0
100189,1007,1,71.99,0
100190,1035,2,51.99,0
100191,1033,1,85.99,0
100192,1010,1,96.99,0
100192,1026,1,161.99,0
100192,1041,1,553.99,0
100192,1017,2,86.99,0
100193,1078,1,85.99,0
100193,1029,1,30.99,0
100193,1030,1,7.99,0
100194,1016,1,180.99,0
100194,1058,2,93.99,0
100195,1059,1,467.99,0
100196,1082,1,104.99,0
100196,1051,3,53.99,0
100197,1080,1,134.99,0
100197,1034,1,68.99,0
100197,1077,1,25.99,0
100198,1020,2,54.99,0
100199,1043,1,127.99,0
100199,1074,1,19.99,0
100199,1077,1,25.99,0
100200,1043,1,127.99,0
100200,1081,1,74.99,0
100201,1081,1,74.99,0
100202,1030,2,7.99,0
100203,1076,2,138.99,0
100203,1060,1,134.99,0
100204,1014,1,36.99,0
100205,1037,1,28.99,2.9
100206,1072,1,141.99,0
100207,1078,1,85.99,0
100207,1071,1,9.99,0
100207,1001,1,61.99,0
100208,1080,1,134.99,0
100209,1052,4,208.99,0
100209,1053,1,37.99,0
100209,1050,2,146.99,0
100210,1014,1,,0
100211,1030,1,7.99,0
100212,1031,1,38.99,0
100212,1001,1,61.99,0
100213,1078,1,85.99,0
100213,1004,1,75.99,0
100214,1017,1,86.99,0
100214,1008,1,43.99,0
100214,1034,1,68.99,0
100215,1081,2,74.99,0
100216,1087,1,45.99,0
100217,1019,3,77.99,0
100218,1008,1,43.99,0
100218,1019,1,77.99,0
100218,1049,1,126.99,0
100218,1017,1,86.99,0
100219,1003,3,22.99,0
100219,1019,2,77.99,0
100220,1090,2,17.99,0
100221,1071,1,9.99,0
100222,1028,2,77.99,0
100223,1035,1,51.99,0
100223,1079,1,61.99,0
100224,1053,1,37.99,0
100225,1034,1,68.99,0
100226,1071,1,9.99,0
100227,1090,1,17.99,0
100227,1087,1,45.99,0
100227,1078,1,85.99,0
100228,1075,2,50.99,0
100229,1052,1,208.99,0
100229,1081,2,74.99,0
100230,1010,1,96.99,0
100231,1089,1,53.99,5.4
100232,1028,1,77.99,0
100233,1001,1,61.99,0
100234,1087,1,45.99,0
100234,1035,1,51.99,0
100235,1012,1,109.99,0
100235,1051,1,53.99,0
100236,1082,2,104.99,0
100237,1074,1,19.99,0
100238,1043,1,127.99,0
100238,1015,2,96.99,0
100239,1021,1,123.99,0
100240,1034,2,68.99,0
100241,1024,1,59.99,0
100242,1009,1,131.99,0
100243,1015,1,96.99,0
100244,1015,1,96.99,0
100244,1078,1,85.99,0
100245,1009,1,131.99,0
100246,1022,1,88.99,0
100246,1079,1,61.99,0
100247,1090,1,17.99,0
100248,1035,2,51.99,0
100248,1008,1,43.99,0
100249,1002,1,138.99,0
100250,1015,1,96.99,0
100250,1072,1,141.99,0
100251,1071,1,9.99,0
100252,1034,2,68.99,0
100253,1080,1,134.99,0
100254,1032,1,81.99,0
100255,1090,1,17.99,0
100255,1057,1,205.99,0
100255,1028,2,77.99,0
100255,1050,1,146.99,0
100256,1073,1,69.99,0
100256,1085,2,115.99,0
100256,1009,1,131.99,0
100257,1070,3,122.99,0
100258,1028,2,77.99,0
100258,1072,1,141.99,0
100259,1025,1,166.99,0
100260,1087,3,45.99,0
100261,1015,1,96.99,0
100262,1055,1,200.99,0
100262,1023,1,135.99,0
100262,1008,1,43.99,0
100262,1062,1,152.99,0
100263,1074,1,19.99,0
100263,1076,1,138.99,0
100263,1082,1,104.99,0
100264,1002,1,138.99,0
100265,1053,1,37.99,0
100266,1080,1,134.99,0
100266,1076,1,138.99,0
100266,1009,1,131.99,0
100267,1009,1,131.99,0
100268,1082,2,104.99,0
100269,1053,2,37.99,0
100270,1074,1,19.99,0
100271,1016,1,180.99,0
100271,1089,1,53.99,0
100272,1004,1,75.99,7.6
100273,1027,1,90.99,0
100273,1030,1,7.99,0
100273,1071,1,9.99,0
100274,1014,1,36.99,0
100275,1070,1,122.99,0
100275,1017,1,86.99,0
100275,1010,1,96.99,0
100276,1031,1,38.99,0
100277,1024,1,59.99,0
100277,1080,1,134.99,0
100277,1082,1,104.99,0
100277,1051,2,53.99,0
100278,1088,1,20.99,0
100279,1014,1,36.99,0
100279,1084,1,112.99,0
100280,1010,1,96.99,0
100281,1031,1,38.99,0
100282,1075,1,50.99,0
100282,1073,1,69.99,0
100283,1038,1,313.99,0
100284,1011,2,34.99,0
100285,1080,1,134.99,0
100285,1084,1,112.99,0
100285,1086,1,97.99,0
100286,1070,1,122.99,0
100286,1086,1,97.99,0
100287,1082,2,104.99,0
100288,1004,1,75.99,0
100289,1009,1,131.99,0
100289,1004,1,75.99,0
100290,1072,2,141.99,0
100290,1065,1,164.99,0
100291,1051,3,53.99,0
100291,1012,1,109.99,0
100292,1088,3,20.99,0
100293,1017,2,86.99,0
100294,1066,1,171.99,0
100294,1029,1,30.99,0
100295,1001,1,61.99,0
100296,1006,1,16.99,0
100297,1070,1,122.99,0
100297,1051,1,53.99,0
100297,1045,1,506.99,0
100297,1009,4,131.99,0
100298,1074,1,19.99,0
100299,1090,3,17.99,0
100300,1005,1,79.99,8
100301,1086,1,97.99,0
100301,1009,1,131.99,0
100301,1036,1,58.99,0
100301,1081,1,74.99,0
100302,1001,1,61.99,0
100303,1073,3,69.99,0
100304,1088,2,20.99,0
100304,1032,1,81.99,0
100304,1076,3,138.99,0
100305,1056,2,239.99,0
100306,1089,1,53.99,0
100307,1057,1,205.99,0
100308,1035,1,51.99,0
100308,1057,1,205.99,0
100308,1088,1,20.99,0
100308,1077,2,25.99,0
100309,1020,1,54.99,0
100310,1057,1,205.99,0
100310,1035,2,51.99,0
100310,1056,1,239.99,0
100311,1037,1,28.99,0
100311,1014,1,36.99,0
100311,1003,2,22.99,0
100312,1023,1,135.99,0
100312,1029,2,30.99,0
100312,1051,1,53.99,0
100312,1013,2,124.99,0
100313,1072,4,141.99,0
100313,1026,3,161.99,0
100314,1073,2,69.99,0
100314,1047,1,194.99,0
100314,1058,1,93.99,0
100315,1075,1,50.99,0
100315,1015,4,96.99,0
100316,1013,1,124.99,0
100316,1009,1,131.99,0
100317,1057,1,205.99,0
100317,1049,1,126.99,0
100318,1090,1,17.99,0
100319,1045,1,506.99,0
100319,1079,1,61.99,0
100319,1055,3,200.99,0
100320,1083,1,19.99,0
100321,1082,1,104.99,0
100321,1086,1,97.99,0
100321,1018,2,212.99,0
100322,1014,2,36.99,0
100323,1002,1,138.99,0
100323,1071,1,9.99,0
100323,1005,1,79.99,0
100323,1027,1,90.99,0
100324,1087,1,45.99,4.6
100324,1013,1,124.99,12.5
100325,1088,1,20.99,0
100326,1073,1,69.99,0
100327,1002,1,138.99,13.9
100327,1013,1,124.99,12.5
100328,1087,2,45.99,0
100329,1003,1,22.99,0
100330,1029,1,30.99,0
100331,1055,1,200.99,0
100331,1089,1,53.99,0
100332,1084,1,112.99,0
100333,1074,3,19.99,0
100333,1006,1,16.99,0
100333,1089,4,53.99,0
100333,1057,1,205.99,0
100334,1082,1,104.99,0
100335,1073,1,69.99,0
100335,1011,1,34.99,0
100336,1008,2,43.99,8.8
100336,1053,1,37.99,3.8
100337,1073,1,69.99,0
100337,1074,1,19.99,0
100338,1042,1,773.99,0
100339,1072,1,141.99,0
100339,1050,1,146.99,0
100339,1004,1,75.99,0
100340,1002,1,138.99,0
100340,1063,1,245.99,0
100340,1050,1,146.99,0
100341,1087,2,45.99,0
100342,1027,1,90.99,0
100343,1007,1,71.99,0
100343,1030,1,7.99,0
100344,1015,1,96.99,0
100344,1016,1,180.99,0
100344,1047,1,194.99,0
100345,1078,1,85.99,0
100345,1043,1,127.99,0
100346,1031,3,38.99,0
100347,1056,1,239.99,24
100347,1004,2,75.99,15.2
100347,1002,2,138.99,27.8
100348,1026,1,161.99,0
100348,1002,1,138.99,0
100349,1019,1,77.99,0
100349,1036,2,58.99,0
100349,1053,1,37.99,0
100350,1071,1,9.99,0
100350,1001,1,61.99,0
100350,1003,2,22.99,0
100351,1001,2,61.99,0
100352,1004,1,75.99,0
100353,1039,1,483.99,0
100353,1049,1,126.99,0
100354,1048,1,139.99,14
100354,1087,1,45.99,4.6
100355,1054,1,229.99,0
100355,1053,1,37.99,0
100355,1006,1,16.99,0
100356,1033,1,85.99,0
100357,1062,1,152.99,0
100357,1079,1,61.99,0
100358,1057,2,205.99,0
100359,1016,1,180.99,0
100360,1035,1,51.99,0
100361,1077,1,,0
100361,1018,2,212.99,0
100361,1011,1,34.99,0
100362,1054,1,229.99,0
100362,1012,1,109.99,0
100363,1006,2,16.99,0
100363,1063,1,245.99,0
100364,1073,1,69.99,0
100364,1035,1,51.99,0
100364,1012,1,109.99,0
100364,1008,1,43.99,0
100365,1002,1,138.99,0
100366,1074,1,19.99,0
100366,1050,3,146.99,0
100367,1031,1,38.99,0
100367,1086,2,97.99,0
100368,1015,1,96.99,0
100369,1022,1,88.99,0
100369,1074,1,19.99,0
100370,1012,1,109.99,0
100370,1017,1,86.99,0
100371,1058,1,93.99,0
100371,1010,1,96.99,0
100372,1023,1,135.99,0
100372,1078,1,85.99,0
100373,1010,1,96.99,0
100374,1023,2,135.99,0
100375,1050,1,146.99,0
100376,1081,2,74.99,0
100377,1076,1,138.99,0
100378,1090,1,17.99,0
100378,1016,1,180.99,0
100379,1026,1,161.99,0
100380,1027,1,90.99,0
100380,1036,1,58.99,0
100381,1079,1,61.99,0
100382,1090,4,17.99,0
100383,1003,1,22.99,0
100383,1010,1,96.99,0
100384,1012,1,109.99,0
100385,1051,1,53.99,0
100386,1001,1,61.99,0
100387,1077,1,25.99,0
100387,1008,1,43.99,0
100388,1022,2,88.99,0
100388,1090,1,17.99,0
100389,1023,1,135.99,0
100390,1087,2,45.99,0
100391,1076,3,138.99,0
100391,1007,2,71.99,0
100392,1049,1,126.99,0
100393,1031,1,38.99,0
100393,1020,1,54.99,0
100393,1017,1,86.99,0
100394,1011,2,34.99,7
100394,1033,1,85.99,8.6
100394,1030,1,7.99,0.8
100395,1090,1,17.99,0
100395,1052,1,208.99,0
100396,1015,1,,0
100396,1038,1,313.99,0
100397,1029,1,30.99,0
100397,1082,1,104.99,0
100397,1055,1,200.99,0
100397,1008,1,43.99,0
100398,1087,1,45.99,0
100398,1003,1,22.99,0
100398,1080,2,134.99,0
100399,1054,1,229.99,0
100399,1081,1,74.99,0
100400,1073,1,69.99,0
100400,1034,1,68.99,0
100400,1084,1,112.99,0
100400,1075,4,50.99,0
100401,1018,1,212.99,0
100401,1075,1,50.99,0
100401,1013,1,124.99,0
100402,1084,1,112.99,0
100402,1014,1,36.99,0
100402,1078,1,85.99,0
100403,1007,1,71.99,0
100404,1034,1,68.99,0
100405,1081,3,74.99,0
100406,1073,1,69.99,7
100407,1052,1,208.99,0
100407,1057,1,205.99,0
100407,1050,1,146.99,0
100408,1039,1,483.99,0
100409,1014,1,36.99,0
100409,1008,1,43.99,0
100409,1076,1,138.99,0
100410,1032,1,81.99,0
100410,1088,1,20.99,0
100411,1018,2,212.99,0
100412,1033,1,85.99,0
100413,1058,1,93.99,0
100414,1015,1,96.99,0
100415,1084,2,112.99,0
100415,1078,1,85.99,0
100416,1080,1,134.99,0
100417,1073,1,69.99,0
100418,1076,1,138.99,0
100419,1073,1,69.99,0
100420,1027,1,90.99,0
100421,1017,1,86.99,0
100422,1088,3,20.99,0
100423,1034,1,68.99,0
100424,1079,1,61.99,0
100425,1022,2,88.99,0
100425,1058,2,93.99,0
100426,1018,1,212.99,0
100427,1081,2,74.99,0
100428,1084,1,112.99,0
100429,1016,1,180.99,0
100429,1044,1,529.99,0
100430,1085,1,115.99,0
100431,1085,1,115.99,0
100432,1028,1,77.99,0
100432,1088,1,20.99,0
100433,1009,1,131.99,0
100433,1028,1,77.99,0
100433,1011,2,34.99,0
100433,1010,1,96.99,0
100434,1066,3,171.99,0
100435,1024,1,59.99,0
100435,1083,1,19.99,0
100435,1009,4,131.99,0
100435,1074,1,19.99,0
100436,1041,1,553.99,0
100436,1074,1,19.99,0
100436,1046,1,142.99,0
100437,1019,1,77.99,0
100437,1013,1,124.99,0
100437,1082,2,104.99,0
100437,1036,1,58.99,0
100438,1067,1,34.99,0
100438,1003,2,22.99,0
100439,1072,2,141.99,0
100440,1074,4,19.99,0
100441,1029,1,30.99,0
100442,1073,1,69.99,0
100442,1035,1,51.99,0
100442,1083,2,19.99,0
100442,1066,1,171.99,0
100443,1011,1,34.99,0
100443,1005,1,79.99,0
100443,1087,1,45.99,0
100444,1056,1,239.99,0
100445,1014,1,36.99,0
100446,1072,1,141.99,14.2
100446,1026,2,161.99,32.4
100447,1019,2,77.99,0
100448,1078,4,85.99,0
100448,1073,2,69.99,0
100448,1074,1,19.99,0
100449,1050,1,146.99,0
100449,1008,1,43.99,0
100450,1001,2,61.99,0
100450,1083,1,19.99,0
100450,1026,1,161.99,0
100450,1073,1,69.99,0
100451,1012,1,109.99,0
100452,1065,1,164.99,0
100452,1073,1,69.99,0
100453,1036,1,58.99,0
100453,1034,2,68.99,0
100454,1031,2,38.99,0
100455,1086,1,97.99,0
100456,1026,2,161.99,0
100456,1073,2,69.99,0
100456,1043,1,127.99,0
100456,1008,1,43.99,0
100457,1054,2,229.99,0
100457,1047,1,194.99,0
100457,1024,1,59.99,0
100457,1027,1,90.99,0
100458,1015,1,96.99,0
100458,1076,1,138.99,0
100459,1005,1,79.99,0
100459,1054,1,229.99,0
100459,1033,1,85.99,0
100460,1041,1,553.99,55.4
100461,1089,1,53.99,0
100461,1023,2,135.99,0
100462,1001,1,61.99,0
100462,1003,4,22.99,0
100462,1072,1,141.99,0
100463,1044,1,529.99,53
100463,1084,1,112.99,11.3
100463,1088,1,20.99,2.1
100463,1070,1,122.99,12.3
100464,1037,1,28.99,0
100465,1083,1,19.99,0
100466,1069,1,26.99,0
100466,1060,1,134.99,0
100467,1074,1,19.99,2
100468,1004,2,,0
100468,1019,3,77.99,0
100469,1050,1,146.99,0
100469,1081,1,74.99,0
100470,1021,1,123.99,0
100471,1029,1,30.99,0
100471,1019,1,77.99,0
100471,1031,1,38.99,0
100472,1005,1,79.99,0
100473,1027,2,90.99,0
100474,1032,1,81.99,0
100475,1076,1,138.99,0
100475,1090,1,17.99,0
100476,1087,2,45.99,0
100476,1083,1,19.99,0
100477,1038,1,313.99,0
100477,1012,2,109.99,0
100477,1074,1,19.99,0
100478,1006,1,16.99,0
100478,1027,1,90.99,0
100479,1035,2,51.99,0
100480,1064,1,153.99,0
100480,1047,1,194.99,0
100481,1070,1,122.99,0
100482,1015,1,96.99,0
100483,1076,1,138.99,0
100483,1037,1,28.99,0
100483,1006,1,16.99,0
100483,1083,1,19.99,0
100484,1055,1,200.99,0
100485,1003,1,22.99,0
100485,1010,1,96.99,0
100485,1001,1,61.99,0
100485,1037,1,28.99,0
100486,1005,1,79.99,0
100487,1050,1,146.99,0
100488,1037,2,28.99,0
100488,1006,1,16.99,0
100488,1046,1,142.99,0
100488,1031,1,38.99,0
100489,1031,1,38.99,0
100490,1032,2,81.99,0
100490,1086,1,97.99,0
100491,1022,2,88.99,0
100491,1014,1,36.99,0
100492,1087,1,45.99,0
100492,1036,2,58.99,0
100493,1027,1,90.99,0
100493,1037,1,28.99,0
100494,1007,2,71.99,0
100494,1014,3,36.99,0
100494,1075,2,50.99,0
100495,1084,1,112.99,0
100495,1076,1,138.99,0
100496,1037,1,28.99,0
100496,1055,1,200.99,0
100497,1032,1,81.99,0
100498,1034,3,68.99,0
100498,1087,1,45.99,0
100499,1084,1,112.99,11.3
100499,1059,1,467.99,46.8
100499,1007,1,71.99,7.2
100499,1020,2,54.99,11
100500,1026,1,161.99,0
100500,1001,1,61.99,0
100501,1020,1,54.99,0
100502,1083,1,19.99,0
100503,1060,1,134.99,0
100504,1018,1,212.99,0
100505,1016,2,180.99,0
100506,1077,1,25.99,0
100507,1027,1,90.99,0
100508,1013,1,124.99,0
100508,1074,1,19.99,0
100508,1036,1,58.99,0
100509,1031,1,38.99,0
100509,1001,1,61.99,0
100510,1060,1,134.99,0
100510,1081,2,74.99,0
100511,1025,1,166.99,0
100512,1033,1,85.99,0
100513,1026,1,161.99,0
100513,1077,1,25.99,0
100514,1090,1,17.99,0
100515,1076,1,138.99,0
100516,1080,4,134.99,0
100516,1078,1,85.99,0
100517,1076,1,138.99,13.9
100517,1037,1,28.99,2.9
100518,1031,1,38.99,0
100519,1007,1,71.99,0
100519,1039,1,483.99,0
100519,1001,1,61.99,0
100520,1008,1,43.99,0
100520,1075,1,50.99,0
100521,1006,1,16.99,0
100522,1080,1,134.99,0
100522,1004,1,75.99,0
100522,1070,1,122.99,0
100522,1008,1,43.99,0
100523,1012,2,109.99,0
100523,1017,1,86.99,0
100523,1025,2,166.99,0
100524,1076,2,138.99,0
100525,1025,1,166.99,0
100525,1058,2,93.99,0
100526,1007,1,71.99,0
100526,1006,1,16.99,0
100527,1075,1,50.99,0
100528,1045,1,506.99,0
100528,1013,1,124.99,0
100528,1040,1,476.99,0
100529,1073,1,69.99,0
100529,1078,1,85.99,0
100530,1035,1,51.99,0
100531,1090,1,17.99,0
100532,1027,1,90.99,0
100532,1058,1,93.99,0
100533,1090,3,17.99,0
100533,1089,2,53.99,0
100534,1075,1,50.99,0
100534,1019,1,77.99,0
100534,1035,1,51.99,0
100535,1008,1,43.99,0
100536,1029,1,30.99,0
100537,1070,1,122.99,0
100537,1073,1,69.99,0
100538,1076,1,138.99,0
100539,1015,1,96.99,0
100540,1034,1,68.99,0
100541,1053,2,37.99,0
100542,1049,1,126.99,0
100542,1050,1,146.99,0
100543,1035,1,51.99,0
100544,1053,2,37.99,0
100545,1085,1,115.99,0
100545,1090,2,,0
100546,1022,1,88.99,0
100547,1029,3,30.99,0
100548,1071,1,9.99,0
100548,1010,1,96.99,0
100548,1003,1,22.99,0
100548,1065,1,164.99,0
100549,1049,1,126.99,0
100550,1047,1,194.99,0
100551,1074,1,19.99,0
100552,1028,1,77.99,0
100552,1012,1,109.99,0
100553,1057,1,205.99,0
100554,1036,1,58.99,0
100554,1007,2,71.99,0
100554,1016,1,180.99,0
100555,1044,1,529.99,0
100555,1017,1,86.99,0
100555,1090,1,17.99,0
100555,1001,1,61.99,0
100556,1070,1,122.99,0
100556,1004,1,75.99,0
100557,1001,1,61.99,0
100558,1090,1,17.99,0
100559,1050,1,146.99,0
100560,1042,1,773.99,0
100560,1012,1,109.99,0
100561,1021,2,123.99,0
100562,1073,1,69.99,0
100563,1057,1,205.99,0
100563,1041,1,553.99,0
100563,1015,1,96.99,0
100563,1008,2,43.99,0
100564,1079,1,61.99,0
100565,1047,1,194.99,0
100566,1088,3,20.99,0
100567,1003,1,22.99,0
100567,1079,1,61.99,0
100567,1070,1,122.99,0
100568,1074,1,19.99,0
100569,1050,1,146.99,0
100569,1052,1,208.99,0
100570,1029,1,30.99,0
100570,1019,1,77.99,0
100570,1018,1,212.99,0
100571,1055,2,200.99,0
100571,1072,2,141.99,0
100572,1074,1,19.99,0
100572,1028,1,77.99,0
100573,1090,1,,0
100574,1011,1,34.99,0
100575,1001,1,61.99,0
100575,1013,1,124.99,0
100576,1032,1,81.99,0
100577,1023,1,135.99,0
100578,1077,1,25.99,0
100578,1003,1,22.99,0
100578,1083,2,19.99,0
100579,1029,1,30.99,0
100580,1080,1,134.99,0
100580,1088,1,20.99,0
100581,1030,1,7.99,0.8
100582,1033,2,85.99,0
100582,1037,1,28.99,0
100582,1020,1,54.99,0
100583,1026,2,161.99,0
100584,1084,1,112.99,0
100584,1072,1,141.99,0
100584,1006,2,16.99,0
100585,1064,1,153.99,0
100586,1061,1,45.99,0
100587,1089,2,53.99,0
100587,1087,1,45.99,0
100587,1067,1,34.99,0
100588,1026,1,161.99,16.2
100588,1062,2,152.99,30.6
100589,1034,2,68.99,0
100589,1054,1,229.99,0
100590,1079,1,61.99,0
100591,1078,1,85.99,0
100591,1058,1,93.99,0
100592,1035,1,51.99,0
100592,1064,2,153.99,0
100593,1032,1,81.99,0
100594,1084,2,112.99,22.6
100595,1048,1,139.99,0
100596,1081,1,74.99,0
100596,1016,1,180.99,0
100596,1046,1,142.99,0
100596,1060,1,134.99,0
100597,1007,1,71.99,0
100597,1058,2,93.99,0
100597,1050,3,146.99,0
100598,1080,1,134.99,0
100599,1012,2,109.99,0
100599,1057,1,205.99,0
100599,1054,1,229.99,0
100600,1033,1,85.99,0
100601,1012,1,109.99,0
100602,1075,2,50.99,0
100603,1063,1,245.99,24.6
100604,1087,1,45.99,0
100604,1085,2,115.99,0
100605,1057,1,205.99,0
100606,1016,2,180.99,54.3
100606,1007,2,71.99,21.6
100607,1077,1,25.99,0
100607,1086,2,97.99,0
100607,1004,1,75.99,0
100608,1079,2,61.99,0
100609,1089,1,53.99,8.1
100610,1059,1,467.99,0
100610,1086,1,97.99,0
100610,1020,2,54.99,0
100610,1081,1,74.99,0
100611,1084,1,112.99,0
100612,1089,1,53.99,0
100612,1011,1,34.99,0
100613,1016,3,180.99,0
100614,1084,1,112.99,0
100614,1003,1,22.99,0
100615,1076,1,138.99,20.85
100615,1009,1,131.99,19.8
100615,1075,4,50.99,30.59
100616,1059,1,467.99,0
100617,1019,4,77.99,0
100618,1040,1,476.99,0
100618,1002,1,138.99,0
100619,1009,1,131.99,0
100620,1004,2,75.99,22.8
100621,1006,1,16.99,0
100622,1051,1,53.99,0
100622,1074,2,19.99,0
100622,1028,1,77.99,0
100623,1009,1,131.99,13.2
100624,1057,2,205.99,0
100624,1052,2,208.99,0
100625,1034,2,68.99,0
100625,1036,1,58.99,0
100625,1018,1,212.99,0
100626,1059,1,467.99,0
100627,1080,1,134.99,13.5
100627,1037,1,28.99,2.9
100628,1089,1,53.99,0
100629,1006,1,16.99,2.55
100629,1016,1,180.99,27.15
100629,1009,1,131.99,19.8
100630,1068,1,49.99,0
100631,1083,1,19.99,3
100631,1025,1,166.99,25.05
100632,1010,1,96.99,0
100633,1018,1,212.99,0
100633,1081,2,74.99,0
100633,1083,1,19.99,0
100634,1084,1,112.99,0
100634,1003,1,22.99,0
100634,1010,1,96.99,0
100635,1068,1,49.99,0
100635,1070,1,122.99,0
100635,1074,1,19.99,0
100636,1012,1,109.99,0
100637,1016,1,180.99,0
100637,1028,1,77.99,0
100638,1081,1,74.99,11.25
100638,1034,1,68.99,10.35
100639,1017,2,86.99,0
100639,1019,1,77.99,0
100639,1087,2,,0
100640,1008,1,43.99,0
100641,1090,1,17.99,0
100642,1087,2,45.99,0
100642,1073,1,69.99,0
100643,1034,2,68.99,0
100643,1037,1,28.99,0
100643,1076,1,138.99,0
100644,1086,1,97.99,0
100645,1021,1,123.99,0
100646,1071,1,9.99,0
100647,1060,1,134.99,0
100647,1034,1,68.99,0
100648,1012,1,109.99,0
100649,1077,1,25.99,0
100650,1078,1,85.99,12.9
100651,1089,1,53.99,0
100652,1038,1,313.99,47.1
100653,1042,1,773.99,0
100653,1021,1,123.99,0
100653,1009,1,131.99,0
100654,1026,1,161.99,0
100655,1011,2,34.99,10.5
100655,1086,1,97.99,14.7
100656,1011,1,34.99,0
100657,1077,1,25.99,0
100658,1062,1,152.99,22.95
100659,1001,3,61.99,0
100659,1058,2,93.99,0
100660,1019,1,77.99,0
100660,1084,2,112.99,0
100660,1049,1,126.99,0
100660,1052,2,208.99,0
100661,1003,1,22.99,3.45
100662,1067,1,34.99,0
100662,1020,1,54.99,0
100662,1081,1,74.99,0
100663,1008,1,43.99,0
100663,1037,1,28.99,0
100663,1072,1,141.99,0
100663,1005,1,79.99,0
100664,1056,1,239.99,36
100664,1037,1,,4.35
100664,1046,1,142.99,21.45
100664,1010,1,96.99,14.55
100665,1069,1,26.99,0
100666,1004,4,75.99,45.59
100666,1020,3,54.99,24.75
100667,1043,1,127.99,0
100668,1061,4,45.99,27.59
100668,1018,1,212.99,31.95
100668,1081,1,74.99,11.25
100669,1035,1,51.99,0
100669,1028,1,77.99,0
100670,1010,2,96.99,0
100671,1068,1,49.99,7.5
100671,1014,1,36.99,5.55
100671,1030,2,7.99,2.4
100672,1034,1,68.99,0
100672,1011,4,34.99,0
100672,1020,2,54.99,0
100672,1088,2,20.99,0
100673,1014,1,36.99,0
100673,1052,1,208.99,0
100674,1081,1,74.99,0
100674,1083,1,19.99,0
100675,1004,1,75.99,0
100676,1011,1,34.99,0
100677,1035,1,51.99,0
100678,1031,1,38.99,0
100679,1055,1,200.99,0
100679,1035,1,51.99,0
100679,1020,1,54.99,0
100680,1035,1,51.99,7.8
100681,1054,1,229.99,0
100682,1055,1,200.99,0
100683,1018,1,212.99,0
100684,1015,2,96.99,29.1
100685,1011,1,34.99,0
100686,1087,1,45.99,6.9
100687,1037,1,28.99,0
100688,1069,1,26.99,0
100689,1028,1,77.99,0
100689,1046,1,142.99,0
100690,1041,1,553.99,0
100690,1079,2,61.99,0
100691,1058,1,93.99,14.1
100691,1024,1,59.99,9
100691,1065,1,164.99,24.75
100691,1014,1,36.99,5.55
100692,1027,1,90.99,0
100693,1051,1,53.99,0
100693,1052,1,208.99,0
100693,1068,1,49.99,0
100693,1042,1,773.99,0
100694,1048,1,139.99,0
100694,1036,1,58.99,0
100695,1087,1,45.99,0
100696,1009,1,131.99,0
100696,1013,2,124.99,0
100696,1010,1,96.99,0
100697,1070,1,122.99,0
100698,1026,1,161.99,0
100699,1050,1,146.99,0
100699,1072,1,141.99,0
100700,1078,2,85.99,0
100700,1062,1,152.99,0
100701,1026,1,161.99,0
100701,1036,3,58.99,0
100702,1073,1,69.99,0
100703,1007,1,71.99,0
100704,1008,2,43.99,0
100704,1058,1,93.99,0
100704,1063,1,245.99,0
100705,1023,1,135.99,0
100706,1002,1,138.99,0
100706,1090,1,17.99,0
100706,1052,1,208.99,0
100707,1057,1,205.99,0
100707,1016,1,180.99,0
100708,1018,2,212.99,63.9
100708,1010,1,96.99,14.55
100709,1081,1,74.99,0
100709,1013,1,124.99,0
100710,1057,1,205.99,0
100710,1014,1,36.99,0
100711,1077,1,25.99,0
100712,1078,3,85.99,0
100712,1028,1,77.99,0
100712,1003,1,22.99,0
100713,1073,1,69.99,0
100714,1032,2,81.99,0
100714,1083,1,19.99,0
100715,1033,1,85.99,0
100716,1027,1,90.99,0
100716,1004,2,75.99,0
100717,1039,1,483.99,0
100718,1031,1,38.99,0
100718,1012,1,109.99,0
100718,1027,1,90.99,0
100719,1063,1,245.99,0
100719,1082,1,104.99,0
100719,1009,2,131.99,0
100719,1003,1,22.99,0
100720,1074,3,19.99,0
100720,1038,1,313.99,0
100721,1070,1,122.99,12.3
100721,1090,1,17.99,1.8
100721,1048,1,139.99,14
100722,1085,1,115.99,0
100723,1024,2,59.99,0
100724,1072,1,141.99,0
100724,1077,1,25.99,0
100725,1006,1,16.99,0
100726,1079,1,61.99,0
100727,1019,1,77.99,0
100727,1072,1,141.99,0
100727,1086,2,97.99,0
100728,1003,1,22.99,0
100729,1003,1,22.99,3.45
100729,1037,1,28.99,4.35
100729,1085,2,115.99,34.8
100730,1007,1,71.99,0
100731,1087,1,45.99,0
100731,1005,1,79.99,0
100732,1075,1,50.99,0
100733,1087,3,45.99,0
100734,1003,1,22.99,0
100734,1079,1,61.99,0
100735,1054,1,229.99,0
100736,1060,1,134.99,0
100736,1065,1,164.99,0
100737,1021,1,123.99,0
100738,1021,1,123.99,0
100738,1042,1,773.99,0
100739,1066,1,171.99,17.2
100740,1027,1,90.99,0
100740,1067,1,34.99,0
100741,1035,1,51.99,0
100742,1072,1,141.99,0
100742,1083,1,19.99,0
100742,1073,1,69.99,0
100743,1033,1,85.99,0
100743,1003,1,22.99,0
100743,1085,1,115.99,0
100743,1056,2,239.99,0
100744,1036,1,58.99,0
100744,1006,1,16.99,0
100745,1020,1,54.99,0
100746,1015,2,96.99,0
100747,1056,1,239.99,24
100748,1087,2,45.99,9.2
100748,1006,2,16.99,3.4
100749,1061,1,45.99,0
100749,1068,1,49.99,0
100750,1078,1,85.99,0
100751,1019,2,77.99,0
100752,1070,1,122.99,0
100753,1036,1,58.99,0
100754,1040,1,476.99,71.55
100754,1001,1,61.99,9.3
100754,1077,2,25.99,7.8
100755,1074,1,19.99,0
100756,1089,1,53.99,0
100756,1016,1,180.99,0
100756,1087,1,45.99,0
100757,1033,1,85.99,0
100758,1088,2,20.99,0
100758,1026,1,161.99,0
100758,1019,4,77.99,0
100759,1090,1,17.99,0
100760,1073,3,69.99,0
100760,1066,2,171.99,0
100761,1024,1,59.99,0
100762,1055,1,200.99,0
100762,1086,1,97.99,0
100762,1064,1,153.99,0
100762,1034,1,68.99,0
100763,1051,2,53.99,0
100763,1070,1,122.99,0
100764,1063,1,245.99,0
100764,1019,2,77.99,0
100764,1008,1,43.99,0
100764,1042,1,773.99,0
100765,1049,1,126.99,0
100765,1016,1,180.99,0
100766,1074,3,19.99,0
100766,1029,1,30.99,0
100766,1081,1,74.99,0
100766,1053,1,37.99,0
100767,1076,1,138.99,0
100767,1064,1,153.99,0
100768,1078,1,85.99,12.9
100768,1008,1,43.99,6.6
100769,1017,1,86.99,0
100770,1007,1,71.99,10.8
100770,1072,1,141.99,21.3
100771,1023,2,135.99,0
100772,1015,1,96.99,0
100772,1045,1,506.99,0
100773,1089,1,53.99,0
100773,1037,1,28.99,0
100773,1045,1,506.99,0
100774,1085,4,115.99,0
100775,1055,1,200.99,0
100775,1014,1,36.99,0
100776,1059,2,467.99,0
100776,1045,1,506.99,0
100776,1041,1,553.99,0
100776,1046,1,142.99,0
100777,1075,1,50.99,0
100777,1085,1,115.99,0
100778,1073,3,69.99,0
100778,1082,2,104.99,0
100778,1015,2,96.99,0
100778,1034,2,68.99,0
100779,1034,1,68.99,0
100779,1078,1,85.99,0
100780,1022,3,88.99,0
100780,1048,1,139.99,0
100781,1062,1,152.99,15.3
100782,1015,1,96.99,0
100783,1038,1,313.99,0
100784,1072,1,141.99,0
100784,1080,1,134.99,0
100785,1034,1,68.99,0
100786,1027,1,90.99,0
100786,1072,1,141.99,0
100787,1052,1,208.99,0
100787,1025,1,166.99,0
100788,1009,1,131.99,19.8
100789,1036,1,58.99,0
100790,1015,2,96.99,0
100790,1038,1,313.99,0
100791,1001,1,61.99,0
100791,1061,1,45.99,0
100792,1054,1,229.99,0
100792,1017,1,86.99,0
100793,1006,1,16.99,0
100793,1069,1,26.99,0
100793,1080,2,134.99,0
100793,1009,1,131.99,0
100794,1072,1,141.99,0
100795,1007,2,71.99,0
100796,1041,1,553.99,0
100797,1021,1,123.99,0
100798,1087,2,45.99,13.8
100799,1009,1,131.99,19.8
100800,1053,1,37.99,0
100801,1030,1,7.99,1.2
100802,1055,1,200.99,30.15
100803,1078,2,85.99,0
100804,1086,1,97.99,0
100804,1003,1,22.99,0
100805,1026,1,161.99,0
100806,1012,2,109.99,0
100807,1002,1,138.99,0
100807,1024,1,59.99,0
100808,1011,1,34.99,5.25
100809,1090,1,17.99,2.7
100809,1041,1,553.99,83.1
100810,1034,1,68.99,0
100811,1019,1,77.99,0
100811,1070,1,122.99,0
100811,1023,2,135.99,0
100812,1040,1,476.99,0
100813,1022,1,88.99,13.35
100813,1079,1,61.99,9.3
100814,1012,2,109.99,0
100814,1015,1,96.99,0
100815,1004,1,75.99,0
100816,1021,1,123.99,0
100816,1033,2,85.99,0
100816,1088,1,20.99,0
100817,1083,1,19.99,0
100818,1055,1,200.99,0
100819,1017,1,86.99,8.7
100819,1083,1,19.99,2
100820,1037,1,28.99,0
100820,1006,1,16.99,0
100820,1080,1,134.99,0
100821,1050,1,146.99,0
100822,1026,2,161.99,0
100822,1005,1,79.99,0
100823,1022,1,88.99,0
100823,1037,1,28.99,0
100823,1020,1,54.99,0
100823,1050,1,146.99,0
100824,1039,1,483.99,0
100824,1043,1,127.99,0
100825,1075,1,50.99,0
100825,1015,1,96.99,0
100826,1068,1,49.99,0
100827,1001,1,61.99,0
100828,1077,1,25.99,0
100828,1090,1,17.99,0
100829,1021,2,123.99,0
100830,1086,1,97.99,0
100830,1025,1,166.99,0
100830,1074,2,19.99,0
100831,1038,1,313.99,0
100831,1053,1,37.99,0
100832,1030,1,7.99,0
100832,1007,1,71.99,0
100832,1032,1,81.99,0
100833,1040,1,476.99,0
100833,1072,1,141.99,0
100834,1041,1,,0
100835,1015,1,96.99,0
100835,1084,1,112.99,0
100836,1075,1,50.99,7.65
100837,1013,1,124.99,0
100837,1084,1,112.99,0
100837,1015,4,96.99,0
100838,1087,1,45.99,0
100839,1059,1,467.99,0
100839,1064,1,153.99,0
100839,1048,1,139.99,0
100839,1083,1,19.99,0
100840,1025,1,166.99,0
100841,1077,1,25.99,0
100842,1084,1,112.99,0
100843,1001,1,61.99,6.2
100844,1082,1,104.99,0
100844,1027,3,90.99,0
100845,1082,1,104.99,15.75
100846,1081,1,74.99,0
100846,1037,1,28.99,0
100847,1035,1,51.99,0
100848,1055,1,200.99,0
100848,1013,1,124.99,0
100849,1035,1,51.99,0
100849,1043,1,127.99,0
100850,1047,1,194.99,0
100851,1072,3,141.99,0
100852,1014,1,36.99,0
100853,1023,1,135.99,20.4
100854,1031,1,38.99,0
100855,1047,1,194.99,0
100856,1072,1,141.99,0
100856,1041,1,553.99,0
100856,1057,1,205.99,0
100857,1009,1,131.99,0
100858,1080,1,134.99,0
100859,1057,1,205.99,0
100860,1081,4,74.99,0
100861,1065,1,164.99,0
100861,1054,2,229.99,0
100862,1083,1,19.99,0
100862,1029,1,30.99,0
100862,1019,2,77.99,0
100862,1018,1,212.99,0
100863,1007,1,71.99,0
100864,1021,1,123.99,0
100864,1031,4,38.99,0
100864,1088,4,20.99,0
100865,1086,1,97.99,0
100866,1074,1,19.99,0
100866,1040,1,476.99,0
100867,1026,1,161.99,24.3
100867,1044,1,529.99,79.5
100868,1081,2,74.99,0
100868,1014,2,36.99,0
100869,1085,1,,17.4
100870,1074,1,19.99,0
100870,1012,1,109.99,0
100871,1052,1,208.99,0
100872,1034,1,68.99,0
100872,1074,2,19.99,0
100873,1008,1,43.99,0
100873,1036,1,58.99,0
100873,1030,1,7.99,0
100873,1024,1,59.99,0
100874,1011,1,34.99,0
100875,1077,2,25.99,0
100875,1036,1,58.99,0
100876,1011,1,34.99,0
100877,1033,4,85.99,0
100877,1035,1,51.99,0
100878,1001,1,61.99,0
100879,1039,1,483.99,0
100880,1028,1,77.99,0
100880,1082,2,104.99,0
100880,1046,1,142.99,0
100881,1076,1,138.99,0
100881,1008,2,43.99,0
100882,1010,1,96.99,0
100882,1004,1,75.99,0
100883,1008,1,43.99,6.6
100884,1011,2,34.99,0
100885,1009,2,131.99,0
100885,1072,1,141.99,0
100886,1015,1,96.99,0
100887,1024,1,59.99,0
100888,1078,1,85.99,0
100888,1053,1,37.99,0
100889,1012,1,109.99,0
100890,1078,3,85.99,0
100890,1019,2,77.99,0
100891,1008,1,43.99,0
100891,1002,1,,0
100892,1085,1,115.99,0
100893,1025,1,166.99,0
100893,1006,1,16.99,0
100893,1060,1,134.99,0
100894,1037,1,28.99,0
100894,1042,1,773.99,0
100895,1066,1,171.99,0
100896,1029,1,30.99,0
100897,1076,1,138.99,0
100898,1047,1,194.99,0
100898,1004,2,75.99,0
100899,1027,1,90.99,0
100899,1053,1,37.99,0
100900,1008,3,43.99,19.8
100900,1070,2,122.99,36.9
100901,1060,1,134.99,0
100901,1075,2,50.99,0
100902,1033,1,85.99,0
100902,1030,1,7.99,0
100902,1029,2,30.99,0
100902,1043,1,127.99,0
100903,1032,1,81.99,0
100904,1072,2,141.99,0
100905,1019,1,77.99,0
100905,1025,1,166.99,0
100905,1079,1,61.99,0
100906,1048,1,139.99,0
100907,1071,2,9.99,0
100908,1080,1,134.99,0
100909,1028,2,77.99,23.4
100910,1061,1,45.99,0
100911,1083,2,19.99,0
100912,1060,1,134.99,0
100912,1010,1,96.99,0
100913,1055,1,200.99,0
100914,1081,1,74.99,11.25
100915,1019,1,77.99,0
100916,1007,1,71.99,0
100917,1030,1,7.99,0
100918,1060,1,134.99,0
100918,1065,1,164.99,0
100919,1071,1,9.99,0
100920,1032,2,81.99,0
100921,1080,3,134.99,0
100922,1020,1,54.99,0
100923,1020,1,54.99,0
100923,1049,1,126.99,0
100923,1056,1,239.99,0
100923,1019,1,77.99,0
100924,1054,1,229.99,34.5
100924,1074,2,19.99,6
100925,1020,1,54.99,8.25
100925,1016,2,180.99,54.3
100925,1052,1,208.99,31.35
100926,1078,1,85.99,0
100927,1088,1,20.99,0
100928,1065,2,164.99,0
100928,1043,1,127.99,0
100929,1011,1,34.99,3.5
100930,1039,1,483.99,0
100930,1009,2,131.99,0
100930,1008,1,43.99,0
100930,1066,1,171.99,0
100931,1081,1,74.99,0
100931,1076,1,138.99,0
100932,1083,1,19.99,0
100933,1018,1,212.99,0
100934,1066,1,171.99,0
100934,1063,1,245.99,0
100934,1060,1,134.99,0
100935,1032,1,81.99,0
100936,1045,1,506.99,0
100937,1009,1,131.99,19.8
100937,1083,1,19.99,3
100938,1014,2,36.99,0
100939,1074,3,19.99,0
100939,1087,1,45.99,0
100940,1078,1,85.99,0
100940,1090,1,17.99,0
100941,1066,2,171.99,0
100942,1021,1,123.99,0
100943,1088,1,20.99,0
100943,1042,1,773.99,0
100944,1001,2,61.99,0
100944,1053,2,37.99,0
100945,1006,2,16.99,0
100945,1033,1,85.99,0
100945,1064,1,153.99,0
100946,1049,1,126.99,0
100946,1065,1,164.99,0
100947,1026,1,161.99,0
100948,1021,1,123.99,0
100949,1018,1,212.99,0
100950,1015,1,96.99,0
100950,1089,2,53.99,0
100951,1047,1,194.99,0
100951,1007,1,71.99,0
100952,1032,1,81.99,8.2
100953,1057,1,205.99,0
100954,1017,3,86.99,0
100955,1039,1,483.99,0
100956,1090,1,17.99,0
100956,1009,1,131.99,0
100957,1029,2,30.99,0
100958,1011,1,34.99,0
100958,1061,1,45.99,0
100958,1088,1,20.99,0
100959,1064,1,153.99,0
100960,1066,1,171.99,0
100960,1007,1,71.99,0
100960,1052,1,208.99,0
100961,1040,1,476.99,0
100962,1013,1,124.99,18.75
100963,1055,1,200.99,30.15
100964,1088,1,20.99,0
100965,1031,1,38.99,0
100965,1088,1,20.99,0
100966,1076,1,138.99,0
100966,1060,1,134.99,0
100967,1058,1,93.99,0
100968,1069,1,,4.05
100968,1003,1,22.99,3.45
100968,1009,1,131.99,19.8
100969,1034,1,68.99,0
100970,1032,1,81.99,0
100970,1057,1,205.99,0
100971,1066,2,171.99,0
100972,1005,1,79.99,0
100973,1023,1,135.99,0
100974,1028,1,77.99,11.7
100975,1019,1,77.99,0
100976,1085,1,115.99,0
100977,1078,1,85.99,0
100978,1036,1,58.99,0
100979,1017,1,86.99,0
100979,1069,2,26.99,0
100980,1090,1,17.99,0
100980,1087,1,45.99,0
100981,1027,1,90.99,0
100982,1009,1,131.99,0
100982,1012,2,109.99,0
100983,1003,1,22.99,0
100983,1051,1,53.99,0
100984,1010,1,96.99,0
100984,1050,1,146.99,0
100985,1016,1,180.99,0
100986,1063,1,245.99,0
100987,1079,1,61.99,6.2
100987,1074,1,19.99,2
100987,1075,1,50.99,5.1
100988,1080,1,134.99,0
100989,1088,2,20.99,6.3
100989,1080,2,134.99,40.5
100989,1064,4,153.99,92.39
100990,1061,1,45.99,0
100990,1089,1,53.99,0
100991,1003,2,22.99,0
100991,1029,1,30.99,0
100991,1082,1,104.99,0
100992,1042,1,773.99,116.1
100993,1041,1,553.99,0
100993,1062,1,152.99,0
100994,1029,1,30.99,0
100994,1061,1,45.99,0
100995,1065,1,164.99,24.75
100996,1027,2,,0
100997,1050,1,146.99,0
100998,1069,1,26.99,4.05
100998,1063,1,245.99,36.9
100999,1034,1,68.99,0
100999,1069,1,26.99,0
101000,1009,1,131.99,0
101001,1015,2,96.99,0
101002,1033,1,85.99,0
101002,1090,2,17.99,0
101002,1019,1,77.99,0
101003,1065,1,164.99,0
101004,1027,1,90.99,0
101004,1034,1,68.99,0
101004,1052,1,208.99,0
101005,1015,3,96.99,0
101005,1070,1,122.99,0
101005,1087,2,45.99,0
101006,1035,1,51.99,0
101007,1032,1,81.99,0
101007,1026,1,161.99,0
101007,1060,1,134.99,0
101008,1047,1,194.99,0
101008,1069,1,26.99,0
101009,1080,1,134.99,0
101010,1021,4,123.99,74.39
101011,1034,1,68.99,0
101011,1047,1,194.99,0
101011,1077,2,25.99,0
101012,1089,1,53.99,5.4
101013,1027,1,90.99,0
101014,1054,1,229.99,0
101014,1066,1,171.99,0
101014,1060,1,134.99,0
101015,1009,1,131.99,0
101016,1089,1,53.99,0
101017,1088,3,20.99,0
101017,1052,1,208.99,0
101018,1069,1,26.99,0
101019,1012,1,109.99,0
101020,1055,2,200.99,60.3
101021,1007,1,71.99,0
101021,1017,1,86.99,0
101022,1014,3,36.99,0
101023,1073,1,69.99,0
101024,1031,1,38.99,3.9
101025,1007,1,71.99,0
101025,1004,1,75.99,0
101025,1086,2,97.99,0
101025,1089,2,53.99,0
101026,1012,2,109.99,0
101026,1072,1,141.99,0
101027,1030,1,7.99,0
101027,1033,1,85.99,0
101028,1076,1,138.99,20.85
101028,1084,1,112.99,16.95
101029,1010,1,96.99,0
101030,1084,1,112.99,11.3
101031,1067,1,34.99,0
101031,1066,1,171.99,0
101032,1063,1,245.99,0
101033,1073,2,69.99,21
101034,1013,1,124.99,0
101034,1071,1,9.99,0
101034,1028,1,77.99,0
101034,1087,1,45.99,0
101035,1080,1,134.99,0
101035,1015,2,96.99,0
101036,1010,1,96.99,0
101036,1071,1,9.99,0
101036,1021,1,123.99,0
101037,1032,1,81.99,0
101038,1081,1,74.99,0
101038,1050,2,146.99,0
101039,1073,1,69.99,7
101040,1055,1,200.99,0
101041,1066,2,171.99,0
101041,1088,2,20.99,0
101042,1024,2,59.99,0
101043,1067,1,34.99,3.5
101043,1020,1,54.99,5.5
101044,1076,1,138.99,0
101044,1085,2,115.99,0
101044,1074,1,19.99,0
101044,1012,2,109.99,0
101045,1060,1,134.99,0
101046,1062,1,152.99,0
101046,1021,1,123.99,0
101046,1051,1,53.99,0
101046,1022,3,88.99,0
101047,1079,1,61.99,0
101048,1025,3,166.99,0
101049,1068,1,49.99,7.5
101050,1058,1,93.99,0
101051,1055,1,200.99,0
101052,1078,1,85.99,0
101053,1074,1,19.99,0
101053,1023,1,135.99,0
101054,1023,1,135.99,0
101054,1066,1,171.99,0
101054,1067,2,34.99,0
101054,1069,1,26.99,0
101055,1064,1,153.99,0
101055,1080,1,134.99,0
101056,1024,1,59.99,0
101057,1074,1,19.99,2
101058,1003,1,22.99,0
101059,1080,1,134.99,0
101060,1049,1,126.99,0
101061,1090,1,17.99,0
101061,1067,1,34.99,0
101061,1065,1,164.99,0
101061,1079,1,61.99,0
101062,1062,1,152.99,0
101062,1072,4,141.99,0
101062,1016,1,180.99,0
101063,1051,1,53.99,0
101063,1087,1,45.99,0
101064,1056,1,239.99,0
101064,1079,1,61.99,0
101065,1077,1,25.99,0
101066,1005,1,79.99,0
101067,1012,2,109.99,0
101067,1085,1,115.99,0
101067,1003,1,22.99,0
101068,1010,1,96.99,0
101068,1041,1,553.99,0
101068,1077,1,25.99,0
101069,1068,1,49.99,0
101070,1075,1,50.99,7.65
101071,1068,1,49.99,0
101072,1026,1,161.99,0
101073,1089,1,53.99,0
101073,1071,1,9.99,0
101073,1007,1,71.99,0
101074,1003,2,22.99,0
101074,1031,1,38.99,0
101075,1050,1,146.99,0
101076,1010,4,96.99,0
101076,1058,1,93.99,0
101077,1020,1,54.99,0
101077,1073,1,69.99,0
101077,1041,1,553.99,0
101078,1090,1,17.99,0
101078,1053,1,37.99,0
101079,1019,1,77.99,0
101080,1087,1,45.99,6.9
101080,1051,1,53.99,8.1
101081,1071,1,9.99,0
101082,1061,1,45.99,0
101082,1028,1,,0
101083,1010,1,96.99,14.55
101083,1075,1,50.99,7.65
101083,1060,1,134.99,20.25
101083,1029,1,30.99,4.65
101084,1076,1,138.99,0
101085,1054,3,229.99,0
101085,1088,2,20.99,0
101085,1034,1,68.99,0
101086,1086,1,97.99,9.8
101086,1073,1,69.99,7
101086,1063,1,245.99,24.6
101087,1031,2,38.99,0
101087,1088,1,20.99,0
101087,1053,1,37.99,0
101088,1064,1,153.99,15.4
101088,1016,2,180.99,36.2
101088,1024,1,59.99,6
101089,1015,1,96.99,0
101090,1061,1,45.99,0
101091,1079,4,61.99,0
101091,1046,1,142.99,0
101092,1008,1,43.99,0
101092,1082,1,104.99,0
101092,1017,1,86.99,0
101093,1061,1,45.99,0
101094,1011,1,34.99,0
101094,1015,1,96.99,0
101094,1017,1,86.99,0
101095,1008,1,43.99,0
101096,1052,1,208.99,0
101097,1077,1,25.99,0
101098,1022,1,88.99,0
101099,1066,1,171.99,0
101100,1063,1,245.99,0
101100,1052,1,208.99,0
101100,1068,1,49.99,0
101101,1059,1,467.99,0
101101,1082,1,104.99,0
101102,1004,1,75.99,0
101103,1036,4,58.99,0
101103,1006,1,16.99,0
101104,1015,1,96.99,0
101104,1061,2,45.99,0
101104,1067,1,34.99,0
101104,1077,1,25.99,0
101105,1006,1,16.99,0
101106,1071,2,9.99,0
101107,1088,1,20.99,0
101108,1063,1,245.99,0
101108,1003,1,22.99,0
101109,1088,1,20.99,0
101110,1066,1,171.99,0
101111,1014,1,36.99,0
101111,1078,1,,0
101111,1037,1,28.99,0
101112,1010,1,96.99,0
101113,1012,2,109.99,0
101114,1082,1,104.99,0
101115,1071,1,9.99,0
101115,1089,1,53.99,0
101116,1026,1,,0
101117,1065,1,164.99,0
101118,1062,1,152.99,0
101119,1040,1,476.99,0
101120,1003,2,22.99,0
101120,1034,1,68.99,0
101121,1024,1,59.99,0
101122,1009,1,131.99,0
101122,1077,1,25.99,0
101122,1041,1,553.99,0
101123,1035,1,51.99,0
101123,1012,1,109.99,0
101124,1041,1,553.99,0
101125,1012,1,109.99,0
101126,1037,1,28.99,0
101126,1084,1,112.99,0
101126,1087,1,45.99,0
101127,1060,3,134.99,0
101128,1006,2,16.99,5.1
101129,1055,2,200.99,0
101129,1079,1,61.99,0
101130,1061,2,45.99,0
101130,1033,1,85.99,0
101131,1023,1,135.99,20.4
101131,1062,1,152.99,22.95
101132,1072,1,141.99,0
101133,1061,1,45.99,0
101134,1081,1,74.99,0
101135,1024,1,59.99,0
101135,1080,1,134.99,0
101135,1076,1,138.99,0
101136,1007,1,71.99,0
101137,1070,1,122.99,0
101138,1071,1,9.99,0
101138,1007,1,71.99,0
101138,1065,1,164.99,0
101138,1079,1,61.99,0
101139,1012,1,109.99,0
101139,1081,1,74.99,0
101140,1068,1,49.99,0
101141,1004,4,75.99,0
101142,1054,1,229.99,0
101143,1002,2,138.99,41.7
101144,1010,1,96.99,0
101145,1014,1,36.99,0
101146,1087,1,45.99,0
101147,1005,2,79.99,0
101148,1070,1,,18.45
101149,1010,1,96.99,0
101150,1085,1,115.99,0
101151,1041,1,553.99,0
101152,1070,1,122.99,0
101152,1059,2,467.99,0
101153,1068,1,49.99,0
101153,1034,1,68.99,0
101153,1001,1,61.99,0
101154,1038,1,313.99,0
101155,1068,2,49.99,0
101156,1086,1,97.99,9.8
101157,1004,1,75.99,0
101158,1071,1,9.99,0
101159,1049,1,126.99,0
101159,1030,1,7.99,0
101159,1059,1,467.99,0
101160,1020,1,54.99,0
101160,1025,1,166.99,0
101160,1029,2,30.99,0
101161,1068,1,49.99,0
101161,1074,1,19.99,0
101161,1072,1,141.99,0
101162,1064,1,153.99,0
101162,1004,1,75.99,0
101163,1087,1,45.99,6.9
101164,1051,1,53.99,0
101165,1064,1,153.99,0
101165,1028,1,77.99,0
101165,1044,1,529.99,0
101165,1070,1,122.99,0
101166,1082,1,104.99,0
101167,1024,2,,0
101168,1073,1,69.99,0
101168,1072,1,141.99,0
101169,1019,1,77.99,0
101169,1058,1,93.99,0
101170,1041,1,553.99,0
101170,1034,1,68.99,0
101171,1005,1,79.99,12
101172,1037,1,28.99,4.35
101173,1004,1,75.99,0
101174,1035,1,51.99,0
101174,1028,2,77.99,0
101174,1020,2,54.99,0
101174,1073,1,69.99,0
101175,1072,1,141.99,14.2
101176,1069,1,26.99,2.7
101177,1020,1,54.99,0
101177,1029,1,30.99,0
101177,1054,1,229.99,0
101178,1024,1,59.99,0
101178,1040,1,476.99,0
101179,1022,1,88.99,0
101179,1021,1,123.99,0
101180,1089,1,53.99,0
101181,1002,2,138.99,0
101182,1062,1,152.99,0
101183,1078,1,85.99,0
101183,1024,2,59.99,0
101183,1055,1,200.99,0
101183,1079,1,61.99,0
101184,1040,1,476.99,0
101184,1086,1,97.99,0
101184,1029,2,30.99,0
101185,1027,1,90.99,0
101186,1004,1,75.99,0
101186,1066,1,171.99,0
101186,1085,1,115.99,0
101186,1081,1,74.99,0
101187,1075,1,50.99,0
101187,1076,1,138.99,0
101188,1004,1,75.99,0
101188,1054,2,229.99,0
101189,1059,1,467.99,0
101190,1043,1,127.99,0
101191,1040,1,476.99,0
101191,1006,1,16.99,0
101191,1056,1,239.99,0
101191,1088,1,,0
101192,1081,1,74.99,7.5
101192,1087,1,45.99,4.6
101193,1020,1,54.99,0
101194,1068,3,49.99,0
101195,1065,1,164.99,16.5
101196,1079,2,61.99,0
101196,1049,1,126.99,0
101197,1084,1,112.99,0
101198,1078,1,85.99,0
101199,1037,1,28.99,4.35
101199,1026,1,161.99,24.3
101199,1056,1,239.99,36
101200,1063,1,245.99,0
101200,1019,1,77.99,0
101201,1077,1,25.99,0
101202,1071,1,9.99,0
101203,1045,1,506.99,0
101203,1012,1,109.99,0
101203,1032,1,81.99,0
101204,1030,1,7.99,0
101205,1073,1,69.99,0
101206,1060,1,134.99,0
101206,1013,1,124.99,0
101207,1010,2,96.99,0
101207,1074,1,19.99,0
101207,1040,1,476.99,0
101207,1072,1,141.99,0
101208,1052,1,208.99,0
101208,1060,1,134.99,0
101209,1052,2,208.99,0
101210,1089,1,53.99,0
101211,1069,1,26.99,0
101212,1077,1,25.99,0
101213,1040,1,476.99,0
101213,1058,2,93.99,0
101213,1018,1,212.99,0
101213,1075,1,50.99,0
101214,1085,1,115.99,0
101214,1065,1,164.99,0
101214,1063,1,245.99,0
101214,1079,1,61.99,0
101215,1034,1,68.99,0
101216,1043,1,127.99,0
101217,1067,1,34.99,5.25
101217,1089,1,53.99,8.1
101218,1081,1,74.99,0
101219,1007,1,71.99,0
101220,1007,2,71.99,0
101220,1060,2,134.99,0
101221,1059,1,467.99,0
101222,1003,1,22.99,2.3
101222,1063,2,245.99,49.2
101223,1005,3,79.99,0
101223,1061,1,45.99,0
101224,1060,1,134.99,0
101225,1013,1,124.99,0
101226,1024,1,59.99,0
101226,1078,4,85.99,0
101226,1013,1,124.99,0
101227,1006,1,16.99,0
101228,1030,1,7.99,0
101229,1055,1,200.99,0
101230,1086,1,97.99,9.8
101231,1024,1,59.99,0
101231,1038,1,313.99,0
101231,1019,1,77.99,0
101232,1018,1,212.99,0
101233,1031,2,38.99,0
101234,1022,1,88.99,0
101234,1067,1,34.99,0
101235,1010,1,96.99,0
101235,1004,1,75.99,0
101236,1031,1,38.99,3.9
101237,1003,2,22.99,6.9
101237,1067,1,34.99,5.25
101238,1001,1,61.99,9.3
101238,1090,1,17.99,2.7
101239,1090,1,17.99,0
101240,1049,1,126.99,0
101240,1085,1,115.99,0
101241,1021,1,123.99,0
101241,1058,1,93.99,0
101242,1065,1,164.99,0
101242,1052,1,208.99,0
101242,1006,3,16.99,0
101243,1066,1,171.99,0
101244,1067,1,34.99,0
101245,1027,1,90.99,0
101245,1065,1,164.99,0
101246,1077,1,25.99,0
101246,1080,1,134.99,0
101246,1081,1,74.99,0
101247,1069,1,26.99,0
101248,1002,2,138.99,0
101248,1001,1,61.99,0
101249,1056,1,239.99,0
101250,1089,1,53.99,5.4
101250,1086,1,97.99,9.8
101250,1057,1,205.99,20.6
101251,1067,1,34.99,0
101252,1084,1,112.99,0
101252,1069,4,26.99,0
101253,1090,2,17.99,0
101253,1012,1,109.99,0
101253,1058,1,93.99,0
101254,1016,1,180.99,0
101255,1015,1,96.99,14.55
101255,1069,1,26.99,4.05
101255,1020,2,54.99,16.5
101256,1089,1,53.99,0
101257,1008,1,43.99,0
101257,1056,1,239.99,0
101258,1008,1,43.99,0
101258,1025,1,166.99,0
101258,1054,1,229.99,0
101258,1015,1,96.99,0
101259,1059,1,467.99,0
101260,1062,2,152.99,0
101260,1081,1,74.99,0
101261,1008,1,43.99,6.6
101261,1002,2,138.99,41.7
101262,1061,1,45.99,0
101263,1068,1,49.99,0
101263,1080,2,134.99,0
101263,1077,1,25.99,0
101263,1013,1,124.99,0
101264,1036,1,58.99,5.9
101265,1007,2,71.99,0
101266,1080,1,134.99,20.25
101266,1089,1,53.99,8.1
101267,1058,1,93.99,0
101267,1009,1,131.99,0
101267,1067,2,34.99,0
101268,1047,1,194.99,0
101269,1005,1,79.99,0
101269,1015,1,96.99,0
101269,1090,1,17.99,0
101269,1068,1,49.99,0
101270,1039,1,483.99,0
101270,1036,1,58.99,0
101270,1015,1,96.99,0
101270,1033,1,85.99,0
101271,1075,1,50.99,0
101272,1088,1,20.99,0
101272,1032,1,81.99,0
101272,1049,1,126.99,0
101273,1055,3,200.99,0
101273,1066,1,171.99,0
101274,1077,1,25.99,0
101274,1036,1,58.99,0
101275,1067,1,34.99,0
101275,1042,1,773.99,0
101276,1082,1,104.99,0
101277,1060,1,134.99,0
101278,1023,1,135.99,0
101279,1019,1,77.99,11.7
101279,1027,1,90.99,13.65
101279,1064,2,153.99,46.2
101279,1039,1,483.99,72.6
101280,1011,1,34.99,0
101281,1033,1,85.99,0
101281,1063,1,245.99,0
101282,1071,1,9.99,1.5
101283,1085,1,115.99,17.4
101283,1090,1,17.99,2.7
101284,1042,1,773.99,0
101284,1082,1,104.99,0
101285,1058,2,93.99,0
101285,1057,1,205.99,0
101286,1065,1,164.99,0
101286,1084,2,112.99,0
101286,1045,1,,0
101287,1067,1,34.99,0
101287,1036,1,58.99,0
101288,1046,1,142.99,0
101289,1076,1,138.99,0
101289,1051,2,53.99,0
101290,1090,1,17.99,0
101290,1056,1,239.99,0
101291,1073,1,69.99,7
101291,1009,1,131.99,13.2
101291,1002,1,138.99,13.9
101291,1090,1,17.99,1.8
101292,1022,1,88.99,0
101293,1074,1,19.99,0
101294,1075,2,50.99,0
101295,1083,1,19.99,0
101296,1004,1,75.99,0
101297,1050,1,146.99,0
101298,1004,1,75.99,0
101299,1068,1,49.99,0
101299,1048,1,139.99,0
101300,1044,1,529.99,0
101300,1049,1,126.99,0
101300,1090,1,17.99,0
101300,1073,1,69.99,0
101301,1016,2,180.99,54.3
101301,1010,1,96.99,14.55
101302,1014,1,36.99,0
101303,1078,1,85.99,0
101304,1021,1,123.99,0
101304,1011,2,34.99,0
101305,1050,2,,0
101305,1012,1,,0
101305,1068,1,49.99,0
101305,1070,1,122.99,0
101306,1054,1,229.99,0
101307,1020,1,54.99,0
101307,1048,1,139.99,0
101308,1071,1,9.99,0
101309,1018,1,212.99,31.95
101309,1057,1,205.99,30.9
101310,1068,1,49.99,0
101311,1059,1,,0
101312,1036,1,58.99,0
101313,1074,1,19.99,0
101314,1004,2,75.99,0
101315,1033,1,85.99,12.9
101316,1057,1,205.99,0
101316,1024,1,59.99,0
101317,1010,2,96.99,0
101318,1078,1,85.99,0
101318,1089,1,53.99,0
101319,1040,1,476.99,0
101319,1038,1,313.99,0
101320,1089,1,53.99,0
101321,1047,1,194.99,0
101321,1042,1,773.99,0
101321,1077,2,25.99,0
101322,1078,1,85.99,0
101322,1089,1,53.99,0
101323,1067,2,34.99,0
101324,1063,1,245.99,36.9
101325,1064,4,153.99,0
101325,1039,1,483.99,0
101325,1006,2,16.99,0
101326,1052,1,208.99,0
101326,1051,1,53.99,0
101327,1081,1,74.99,0
101328,1060,1,134.99,0
101328,1033,3,85.99,0
101328,1061,1,45.99,0
101328,1084,1,112.99,0
101329,1001,1,61.99,0
101330,1064,1,153.99,0
101330,1029,1,30.99,0
101330,1070,2,122.99,0
101331,1085,1,115.99,0
101332,1087,2,45.99,0
101333,1020,2,54.99,0
101334,1024,1,59.99,0
101334,1054,1,229.99,0
101334,1068,1,49.99,0
101334,1016,1,180.99,0
101335,1070,3,122.99,36.9
101336,1070,1,122.99,0
101337,1062,1,152.99,0
101337,1034,1,68.99,0
101338,1086,2,97.99,0
101338,1062,1,152.99,0
101338,1048,1,139.99,0
101339,1021,2,123.99,0
101339,1034,1,68.99,0
101339,1025,1,166.99,0
101340,1001,1,61.99,9.3
101341,1013,1,124.99,0
101342,1019,1,77.99,0
101343,1088,1,20.99,0
101344,1003,1,22.99,0
101344,1032,1,81.99,0
101344,1067,1,34.99,0
101345,1072,1,141.99,0
101346,1072,1,141.99,0
101346,1069,1,26.99,0
101347,1075,3,50.99,0
101348,1055,1,200.99,0
101348,1064,2,153.99,0
101348,1060,2,134.99,0
101349,1073,1,69.99,0
101349,1085,1,115.99,0
101350,1018,1,212.99,0
101351,1007,1,71.99,7.2
101352,1058,1,93.99,0
101352,1056,1,239.99,0
101352,1034,1,68.99,0
101352,1007,1,71.99,0
101353,1020,1,54.99,0
101354,1068,1,49.99,0
101355,1049,1,126.99,0
101355,1030,1,7.99,0
101355,1009,1,131.99,0
101356,1077,1,25.99,3.9
101356,1007,1,71.99,10.8
101356,1067,1,34.99,5.25
101357,1004,1,75.99,0
101357,1073,1,69.99,0
101357,1034,3,68.99,0
101358,1027,1,90.99,0
101358,1051,1,53.99,0
101358,1075,1,50.99,0
101358,1060,1,134.99,0
101359,1059,1,467.99,0
101360,1078,1,85.99,0
101360,1033,1,85.99,0
101361,1069,1,26.99,0
101361,1086,1,97.99,0
101362,1037,1,28.99,0
101362,1045,1,506.99,0
101363,1032,1,81.99,0
101364,1072,1,141.99,21.3
101364,1047,1,194.99,29.25
101365,1010,1,96.99,9.7
101366,1072,1,141.99,21.3
101367,1008,1,43.99,0
101367,1028,1,77.99,0
101368,1027,1,90.99,0
101368,1066,2,171.99,0
101368,1059,2,467.99,0
101369,1011,1,34.99,5.25
101369,1052,1,208.99,31.35
101370,1073,1,69.99,0
101370,1052,2,208.99,0
101370,1069,1,26.99,0
101371,1088,1,20.99,0
101371,1058,1,93.99,0
101372,1038,1,313.99,0
101373,1033,1,85.99,0
101373,1069,1,26.99,0
101374,1027,1,90.99,0
101374,1064,1,153.99,0
101374,1080,1,134.99,0
101375,1067,2,34.99,0
101375,1068,1,49.99,0
101376,1021,2,123.99,0
101377,1039,1,483.99,72.6
101378,1064,1,153.99,0
101379,1025,1,166.99,0
101379,1063,1,245.99,0
101380,1012,1,109.99,0
101381,1050,1,146.99,0
101382,1023,1,135.99,0
101383,1068,1,49.99,0
101383,1012,1,109.99,0
101383,1081,4,74.99,0
101383,1031,1,38.99,0
101384,1026,1,161.99,0
101385,1021,2,123.99,24.8
101386,1037,1,28.99,0
101387,1055,2,200.99,0
101387,1011,1,34.99,0
101388,1050,2,146.99,0
101388,1081,1,74.99,0
101388,1026,1,161.99,0
101389,1027,1,90.99,0
101389,1058,1,93.99,0
101390,1063,1,245.99,0
101390,1011,1,34.99,0
101391,1064,1,153.99,0
101391,1034,1,68.99,0
101391,1012,1,109.99,0
101391,1088,1,20.99,0
101392,1055,1,200.99,0
101392,1025,1,166.99,0
101393,1029,1,30.99,4.65
101393,1036,1,58.99,8.85
101393,1074,1,19.99,3
101393,1005,2,79.99,24
101394,1013,3,124.99,0
101395,1077,1,25.99,0
101396,1088,2,20.99,0
101396,1050,1,146.99,0
101397,1021,1,123.99,12.4
101397,1052,1,208.99,20.9
101398,1027,1,90.99,0
101398,1049,1,126.99,0
101398,1082,1,104.99,0
101399,1062,1,152.99,22.95
101400,1072,1,141.99,0
101400,1071,1,9.99,0
101400,1033,1,85.99,0
101400,1067,1,34.99,0
101401,1062,1,152.99,0
101401,1059,1,467.99,0
101401,1048,1,139.99,0
101401,1089,2,53.99,0
101402,1010,1,96.99,0
101403,1061,1,45.99,0
101403,1058,2,93.99,0
101404,1079,1,61.99,0
101405,1072,2,141.99,0
101405,1010,1,96.99,0
101406,1059,1,467.99,0
101406,1090,1,17.99,0
101406,1041,1,553.99,0
101407,1014,1,36.99,0
101407,1057,1,205.99,0
101407,1034,1,68.99,0
101408,1060,1,134.99,0
101409,1015,2,96.99,0
101409,1067,1,34.99,0
101409,1084,1,112.99,0
101410,1062,1,152.99,0
101410,1064,1,153.99,0
101411,1007,1,71.99,0
101412,1087,1,45.99,0
101412,1035,2,51.99,0
101412,1065,1,164.99,0
101412,1014,1,36.99,0
101413,1049,1,126.99,19.05
101413,1032,1,81.99,12.3
101414,1078,3,85.99,0
101414,1068,3,49.99,0
101415,1070,1,122.99,12.3
101416,1070,1,122.99,0
101416,1071,1,9.99,0
101416,1008,1,43.99,0
101416,1028,1,77.99,0
101417,1021,1,123.99,0
101417,1069,1,,0
101418,1047,1,194.99,0
101418,1076,1,138.99,0
101419,1001,2,61.99,0
101420,1032,2,81.99,24.6
101421,1080,1,134.99,20.25
101422,1029,1,30.99,0
101422,1076,1,138.99,0
101422,1061,1,45.99,0
101423,1046,1,142.99,0
101424,1007,1,71.99,0
101424,1074,1,19.99,0
101424,1004,1,75.99,0
101425,1003,2,22.99,0
101426,1032,1,81.99,0
101426,1077,1,25.99,0
101426,1068,1,49.99,0
101426,1011,1,34.99,0
101427,1061,2,45.99,0
101427,1083,2,19.99,0
101428,1048,1,139.99,0
101429,1052,1,208.99,0
101430,1068,2,49.99,0
101431,1031,1,38.99,0
101432,1006,3,16.99,7.65
101432,1027,1,90.99,13.65
101433,1026,1,161.99,0
101433,1001,2,61.99,0
101433,1078,1,85.99,0
101433,1044,1,529.99,0
101434,1061,1,45.99,0
101435,1075,1,50.99,0
101436,1042,1,773.99,0
101437,1074,1,19.99,0
101437,1084,1,112.99,0
101437,1075,1,50.99,0
101438,1080,1,134.99,0
101438,1048,1,139.99,0
101439,1054,2,229.99,0
101440,1059,1,467.99,0
101441,1019,1,77.99,0
101442,1037,1,28.99,0
101442,1004,1,75.99,0
101443,1039,1,483.99,48.4
101443,1055,1,200.99,20.1
101444,1020,2,54.99,0
101444,1073,1,69.99,0
101444,1047,1,194.99,0
101444,1065,1,164.99,0
101445,1073,1,69.99,0
101446,1084,4,112.99,0
101447,1062,1,152.99,0
101447,1065,1,164.99,0
101448,1065,2,164.99,0
101448,1083,1,19.99,0
101448,1013,1,124.99,0
101448,1054,1,229.99,0
101449,1055,1,200.99,0
101450,1026,1,161.99,0
101451,1008,1,43.99,0
101452,1027,1,90.99,0
101453,1037,2,28.99,0
101454,1069,2,26.99,0
101455,1001,1,61.99,0
101456,1015,1,96.99,0
101456,1010,1,96.99,0
101457,1013,1,124.99,0
101458,1026,1,161.99,0
101459,1076,3,138.99,0
101460,1056,1,239.99,0
101460,1066,2,171.99,0
101461,1016,1,180.99,0
101462,1087,4,45.99,0
101463,1070,1,122.99,0
101463,1036,1,58.99,0
101464,1020,2,54.99,0
101464,1028,1,77.99,0
101464,1062,1,152.99,0
101465,1080,3,134.99,0
101466,1059,3,467.99,0
101466,1065,1,164.99,0
101467,1020,1,54.99,0
101468,1018,3,212.99,0
101468,1073,1,69.99,0
101469,1075,1,50.99,0
101469,1061,1,45.99,0
101470,1089,1,53.99,0
101471,1076,1,138.99,0
101471,1002,1,138.99,0
101471,1017,1,86.99,0
101472,1069,1,26.99,0
101473,1068,1,49.99,0
101474,1082,2,104.99,0
101474,1034,3,68.99,0
101475,1056,1,239.99,0
101476,1022,1,88.99,0
101477,1045,1,506.99,0
101478,1020,1,54.99,8.25
101479,1086,1,97.99,0
101480,1021,1,123.99,18.6
101481,1016,1,180.99,0
101482,1072,1,141.99,0
101482,1069,1,26.99,0
101483,1031,1,38.99,0
101483,1088,1,20.99,0
101484,1069,1,26.99,0
101485,1076,1,138.99,0
101485,1036,2,58.99,0
101486,1086,1,97.99,0
101487,1067,1,34.99,0
101487,1033,1,85.99,0
101487,1037,1,28.99,0
101487,1007,1,71.99,0
101488,1069,1,26.99,0
101488,1068,1,49.99,0
101488,1039,1,483.99,0
101488,1066,1,171.99,0
101489,1022,2,88.99,0
101489,1077,1,25.99,0
101490,1016,4,180.99,72.4
101491,1023,1,135.99,0
101492,1082,1,104.99,15.75
101493,1063,1,245.99,24.6
101493,1031,2,38.99,7.8
101494,1079,2,61.99,0
101495,1020,1,54.99,0
101495,1026,1,161.99,0
101495,1021,1,123.99,0
101496,1014,1,36.99,0
101497,1070,1,122.99,0
101497,1071,3,9.99,0
101498,1061,2,45.99,0
101499,1086,1,97.99,0
101499,1065,1,164.99,0
101500,1074,1,19.99,0
101500,1071,1,9.99,0
101500,1048,1,139.99,0
101501,1049,1,126.99,0
101502,1070,1,122.99,0
101503,1071,1,9.99,0
101503,1073,1,69.99,0
101503,1001,2,61.99,0
101503,1067,1,34.99,0
101504,1036,1,58.99,0
101505,1087,4,45.99,0
101506,1074,1,19.99,0
101506,1055,1,200.99,0
101507,1017,2,86.99,17.4
101507,1033,1,85.99,8.6
101507,1064,1,153.99,15.4
101508,1007,1,71.99,0
101509,1037,1,28.99,0
101509,1071,1,9.99,0
101510,1063,1,245.99,0
101511,1075,2,50.99,0
101512,1012,1,109.99,0
101513,1013,1,124.99,0
101514,1063,1,245.99,0
101515,1058,2,93.99,0
101515,1001,1,61.99,0
101516,1024,1,59.99,9
101516,1067,1,34.99,5.25
101517,1067,2,34.99,0
101518,1049,1,126.99,0
101519,1050,1,146.99,0
101520,1042,1,773.99,0
101520,1068,1,,0
101521,1024,2,59.99,0
101522,1080,1,134.99,0
101523,1039,1,483.99,0
101523,1068,1,49.99,0
101524,1037,1,28.99,0
101525,1028,1,77.99,0
101526,1067,1,34.99,0
101526,1036,4,58.99,0
101527,1065,2,164.99,0
101527,1084,1,112.99,0
101527,1027,1,90.99,0
101527,1011,1,34.99,0
101528,1071,1,9.99,0
101528,1050,1,146.99,0
101529,1009,1,131.99,0
101529,1068,1,49.99,0
101530,1043,1,127.99,12.8
101530,1002,1,138.99,13.9
101531,1059,1,467.99,0
101532,1004,1,75.99,7.6
101532,1030,1,7.99,0.8
101533,1090,1,17.99,0
101533,1063,2,245.99,0
101534,1087,1,45.99,0
101534,1052,1,208.99,0
101534,1007,1,71.99,0
101535,1019,3,77.99,0
101535,1072,1,141.99,0
101535,1001,2,61.99,0
101536,1023,1,135.99,0
101536,1046,1,142.99,0
101536,1073,1,69.99,0
101536,1031,1,38.99,0
101537,1048,1,139.99,0
101538,1030,2,7.99,0
101538,1024,1,59.99,0
101538,1062,1,152.99,0
101539,1001,1,61.99,0
101539,1037,1,28.99,0
101539,1061,1,45.99,0
101540,1013,1,124.99,0
101541,1070,2,122.99,0
101542,1034,1,68.99,0
101542,1035,1,51.99,0
101543,1065,1,164.99,24.75
101544,1073,1,69.99,0
101544,1010,1,96.99,0
101545,1067,3,34.99,0
101545,1085,1,115.99,0
101546,1038,1,313.99,0
101547,1053,1,37.99,0
101548,1084,1,112.99,0
101548,1068,1,49.99,0
101548,1060,1,134.99,0
101549,1007,1,71.99,0
101550,1083,1,19.99,0
101551,1090,1,17.99,0
101552,1023,1,135.99,13.6
101553,1036,4,58.99,35.39
101554,1055,1,200.99,0
101555,1007,1,71.99,0
101556,1010,2,96.99,0
101557,1061,1,45.99,0
101557,1072,1,141.99,0
101558,1029,1,30.99,4.65
101559,1009,1,131.99,0
101560,1005,1,79.99,0
101561,1009,1,131.99,0
101561,1030,2,7.99,0
101562,1032,2,81.99,0
101563,1085,1,115.99,0
101564,1077,1,25.99,0
101564,1086,1,97.99,0
101564,1066,1,171.99,0
101565,1018,1,212.99,0
101566,1016,1,180.99,0
101567,1066,1,171.99,0
101568,1087,1,45.99,0
101569,1064,1,153.99,15.4
101570,1071,1,9.99,0
101570,1039,1,483.99,0
101571,1011,1,34.99,0
101571,1060,1,134.99,0
101571,1043,1,127.99,0
101571,1032,1,81.99,0
101572,1001,1,61.99,0
101573,1065,2,164.99,0
101573,1033,1,85.99,0
101574,1076,1,138.99,0
101574,1064,1,153.99,0
101575,1001,1,61.99,0
101575,1015,1,,0
101576,1083,1,19.99,0
101577,1054,1,229.99,0
101578,1015,1,96.99,0
101579,1009,1,131.99,0
101580,1088,1,20.99,2.1
101581,1080,1,134.99,0
101581,1031,1,38.99,0
101582,1082,1,104.99,0
101582,1055,1,200.99,0
101583,1019,1,77.99,0
101583,1060,1,134.99,0
101583,1004,1,75.99,0
101583,1032,3,81.99,0
101584,1068,1,49.99,0
101584,1064,2,153.99,0
101585,1064,1,153.99,0
101586,1033,1,85.99,0
101586,1064,1,153.99,0
101587,1088,2,20.99,0
101587,1076,1,138.99,0
101588,1046,1,142.99,0
101589,1075,1,50.99,0
101589,1003,1,22.99,0
101590,1032,1,81.99,0
101591,1078,1,85.99,0
101592,1083,1,19.99,0
101592,1035,1,51.99,0
101593,1069,1,26.99,0
101594,1026,1,161.99,0
101595,1004,1,75.99,0
101596,1079,4,61.99,0
101596,1087,2,45.99,0
101597,1016,1,180.99,0
101598,1032,1,81.99,0
101598,1001,1,61.99,0
101599,1060,1,134.99,0
101600,1006,1,16.99,0
101600,1058,3,93.99,0
101601,1015,1,96.99,0
101602,1009,1,131.99,0
101603,1064,1,153.99,0
101604,1068,1,49.99,0
101604,1077,4,25.99,0
101605,1007,1,71.99,0
101605,1034,1,68.99,0
101605,1001,1,61.99,0
101606,1064,1,153.99,0
101607,1087,1,45.99,0
101607,1025,1,166.99,0
101608,1052,1,208.99,0
101608,1062,1,152.99,0
101608,1073,2,69.99,0
101609,1008,2,43.99,0
101609,1073,1,69.99,0
101609,1067,1,34.99,0
101609,1001,1,61.99,0
101610,1048,1,139.99,0
101611,1023,1,135.99,0
101612,1032,1,81.99,0
101613,1056,1,239.99,0
101613,1010,1,96.99,0
101614,1027,1,90.99,0
101614,1079,1,61.99,0
101615,1006,1,16.99,0
101615,1007,1,71.99,0
101616,1071,1,9.99,0
101617,1028,1,77.99,0
101617,1012,1,109.99,0
101618,1059,1,467.99,0
101619,1069,3,26.99,0
101620,1036,1,58.99,0
101620,1005,1,79.99,0
101621,1021,1,123.99,0
101621,1069,1,26.99,0
101622,1078,3,85.99,0
101622,1054,1,229.99,0
101622,1062,1,152.99,0
101622,1002,1,138.99,0
101623,1088,1,20.99,0
101623,1078,2,85.99,0
101624,1031,1,38.99,0
101625,1068,1,49.99,0
101626,1002,1,138.99,0
101627,1056,2,239.99,0
101628,1064,1,153.99,0
101629,1066,1,171.99,0
101630,1085,1,115.99,0
101630,1079,1,61.99,0
101630,1060,1,134.99,0
101630,1006,1,16.99,0
101631,1064,1,153.99,0
101632,1070,1,122.99,0
101633,1010,2,96.99,0
101633,1020,4,54.99,0
101634,1068,1,49.99,0
101635,1083,1,19.99,0
101636,1084,2,112.99,0
101637,1026,1,161.99,0
101638,1050,2,146.99,0
101639,1066,1,171.99,0
101640,1036,1,58.99,0
101640,1024,1,59.99,0
101640,1051,1,53.99,0
101641,1066,1,171.99,0
101641,1054,1,229.99,0
101641,1078,1,85.99,0
101641,1067,2,34.99,0
101642,1014,1,36.99,0
101642,1086,1,97.99,0
101643,1060,1,134.99,0
101643,1083,1,19.99,0
101643,1067,1,34.99,0
101644,1036,1,58.99,0
101645,1003,2,22.99,0
101645,1059,2,467.99,0
101646,1064,1,153.99,0
101646,1066,1,171.99,0
101646,1004,2,75.99,0
101646,1067,1,34.99,0
101647,1023,1,135.99,0
101648,1007,1,71.99,0
101649,1009,1,131.99,0
101649,1087,1,45.99,0
101650,1005,2,79.99,0
101651,1047,1,194.99,0
101652,1062,1,152.99,0
101652,1031,1,38.99,0
101653,1083,1,19.99,0
101653,1050,1,146.99,0
101654,1051,1,53.99,0
101654,1063,1,245.99,0
101654,1026,2,161.99,0
101655,1008,1,43.99,0
101655,1001,1,61.99,0
101655,1087,1,45.99,0
101655,1054,1,229.99,0
101656,1006,1,16.99,1.7
101657,1073,1,69.99,0
101658,1071,1,9.99,0
101658,1009,3,131.99,0
101659,1071,1,9.99,0
101660,1002,1,138.99,0
101660,1059,1,467.99,0
101661,1066,1,171.99,0
101662,1010,1,96.99,0
101663,1069,1,26.99,0
101664,1005,1,79.99,0
101665,1022,1,88.99,0
101666,1026,1,161.99,16.2
101666,1073,1,69.99,7
101667,1040,1,476.99,0
101667,1037,1,28.99,0
101668,1003,1,22.99,0
101668,1005,1,79.99,0
101668,1007,2,71.99,0
101668,1083,1,19.99,0
101669,1028,2,77.99,0
101670,1048,1,139.99,0
101670,1080,1,134.99,0
101670,1002,1,138.99,0
101670,1071,1,9.99,0
101671,1089,2,53.99,0
101672,1033,1,85.99,0
101672,1050,2,146.99,0
101673,1004,1,75.99,0
101673,1090,2,17.99,0
101673,1086,1,97.99,0
101674,1088,1,20.99,0
101675,1045,1,506.99,0
101676,1089,2,53.99,0
101677,1070,1,122.99,0
101677,1087,1,45.99,0
101678,1081,1,74.99,0
101678,1018,1,212.99,0
101679,1087,2,45.99,0
101680,1003,1,22.99,0
101681,1031,1,38.99,0
101681,1064,1,153.99,0
101682,1037,1,28.99,0
101683,1069,2,26.99,0
101684,1059,1,467.99,0
101684,1006,1,16.99,0
101684,1063,1,245.99,0
101684,1080,1,134.99,0
101685,1007,1,71.99,0
101686,1081,2,74.99,0
101686,1034,1,68.99,0
101687,1067,1,34.99,0
101687,1075,2,50.99,0
101688,1060,1,134.99,0
101688,1061,2,45.99,0
101688,1064,1,153.99,0
101689,1013,1,124.99,0
101690,1011,1,34.99,0
101691,1040,1,476.99,0
101692,1032,2,81.99,0
101692,1060,1,134.99,0
101693,1012,2,109.99,0
101694,1023,2,135.99,0
101694,1021,2,123.99,0
101695,1083,1,19.99,0
101696,1017,1,86.99,0
101697,1020,2,54.99,0
101698,1065,2,164.99,0
101699,1009,1,131.99,0
101699,1065,1,164.99,0
101699,1023,1,135.99,0
101700,1078,1,85.99,0
101701,1030,2,7.99,0
101701,1020,1,54.99,0
101702,1070,3,122.99,0
101702,1062,1,152.99,0
101703,1004,1,75.99,0
101704,1079,1,61.99,0
101704,1032,1,81.99,0
101705,1051,1,53.99,0
101706,1071,2,9.99,0
101706,1060,1,134.99,0
101707,1080,2,134.99,0
101707,1050,4,146.99,0
101707,1065,1,164.99,0
101708,1026,1,161.99,0
101709,1071,1,9.99,0
101709,1052,1,208.99,0
101709,1059,1,467.99,0
101710,1036,1,58.99,0
101711,1001,1,61.99,0
101711,1072,1,141.99,0
101712,1071,2,9.99,0
101712,1023,1,,0
101713,1089,2,53.99,0
101713,1024,1,59.99,0
101714,1018,1,212.99,0
101715,1005,1,79.99,0
101716,1080,1,134.99,0
101716,1087,1,45.99,0
101717,1061,1,45.99,0
101717,1062,1,152.99,0
101718,1022,1,88.99,0
101718,1025,1,166.99,0
101719,1061,1,45.99,0
101720,1015,1,96.99,9.7
101720,1057,1,205.99,20.6
101720,1076,1,138.99,13.9
101721,1079,1,61.99,0
101721,1063,1,245.99,0
101721,1062,1,152.99,0
101722,1071,3,9.99,0
101722,1063,2,245.99,0
101722,1065,1,164.99,0
101723,1061,1,45.99,0
101724,1062,1,152.99,0
101724,1064,1,153.99,0
101724,1089,1,53.99,0
101725,1056,1,239.99,0
101726,1037,1,28.99,0
101727,1011,1,34.99,0
101727,1061,1,45.99,0
101727,1008,1,43.99,0
101728,1012,1,109.99,0
101729,1070,1,122.99,0
101730,1067,1,34.99,0
101730,1005,1,79.99,0
101731,1002,1,138.99,0
101731,1052,1,208.99,0
101732,1038,1,313.99,0
101732,1002,2,,0
101732,1062,2,152.99,0
101733,1063,1,245.99,0
101733,1049,1,126.99,0
101734,1083,1,19.99,2
101735,1028,2,77.99,0
101736,1018,1,212.99,0
101737,1073,2,69.99,0
101738,1020,1,54.99,0
101739,1060,1,134.99,0
101739,1066,1,171.99,0
101739,1013,1,124.99,0
101740,1018,1,212.99,0
101741,1066,1,171.99,0
101742,1076,1,138.99,13.9
101742,1068,1,49.99,5
101742,1088,1,20.99,2.1
101743,1089,2,53.99,0
101743,1045,1,506.99,0
101743,1075,1,50.99,0
101744,1063,1,245.99,24.6
101744,1048,1,139.99,14
101745,1019,1,77.99,0
101746,1089,1,53.99,0
101746,1059,1,467.99,0
101746,1062,1,152.99,0
101746,1011,1,34.99,0
101747,1077,1,25.99,0
101748,1073,1,69.99,0
101749,1088,1,20.99,0
101749,1003,1,22.99,0
101749,1026,1,161.99,0
101750,1090,1,17.99,0
101750,1033,1,85.99,0
101750,1089,1,53.99,0
101751,1014,1,36.99,0
101752,1014,1,36.99,0
101753,1067,1,34.99,0
101754,1074,1,19.99,0
101754,1083,1,19.99,0
101754,1067,1,34.99,0
101754,1007,2,71.99,0
101755,1056,1,239.99,0
101755,1051,1,53.99,0
101756,1027,1,90.99,0
101757,1060,1,134.99,0
101758,1021,1,123.99,0
101759,1014,1,36.99,0
101760,1031,1,38.99,0
101761,1013,1,124.99,0
101762,1009,1,131.99,0
101762,1019,1,77.99,0
101763,1090,1,17.99,0
101764,1053,1,37.99,0
101764,1036,1,58.99,0
101765,1079,1,61.99,0
101765,1038,1,313.99,0
101766,1068,1,49.99,0
101766,1081,1,74.99,0
101767,1010,1,96.99,0
101767,1020,1,54.99,0
101768,1025,1,166.99,0
101768,1062,1,152.99,0
101768,1014,4,36.99,0
101769,1065,1,164.99,0
101770,1034,1,68.99,0
101771,1056,2,239.99,0
101772,1035,1,51.99,0
101773,1010,1,96.99,0
101773,1031,2,38.99,0
101774,1018,1,212.99,0
101774,1007,1,71.99,0
101774,1033,1,85.99,0
101775,1025,1,166.99,0
101776,1089,1,53.99,0
101777,1047,1,194.99,0
101778,1016,3,180.99,0
101778,1061,1,45.99,0
101779,1013,1,124.99,0
101779,1066,2,171.99,0
101780,1083,1,19.99,0
101780,1080,1,134.99,0
101781,1059,1,467.99,0
101781,1074,1,19.99,0
101782,1058,1,93.99,0
101782,1031,1,38.99,0
101783,1072,1,141.99,0
101783,1015,1,96.99,0
101784,1080,1,134.99,0
101785,1084,2,112.99,0
101785,1061,1,45.99,0
101786,1052,1,208.99,0
101786,1068,1,49.99,0
101786,1066,2,171.99,0
101787,1090,2,17.99,0
101788,1013,1,124.99,0
101789,1033,1,85.99,0
101790,1068,1,49.99,0
101791,1069,2,26.99,0
101792,1066,1,171.99,0
101793,1010,1,96.99,0
101793,1007,2,71.99,0
101793,1087,1,45.99,0
101794,1070,2,122.99,0
101795,1028,1,77.99,0
101796,1070,1,122.99,0
101796,1089,1,53.99,0
101797,1063,1,245.99,0
101797,1013,1,124.99,0
101798,1065,1,164.99,0
101799,1058,1,,0
101799,1057,1,205.99,0
101799,1031,1,38.99,0
101799,1028,3,77.99,0
101800,1021,1,123.99,0
101800,1066,2,171.99,0
101800,1067,1,34.99,0
101801,1064,1,153.99,0
101802,1031,1,38.99,0
101803,1015,1,96.99,0
101803,1005,1,79.99,0
101804,1084,1,112.99,0
101805,1080,1,134.99,0
101805,1038,1,313.99,0
101805,1022,1,88.99,0
101806,1022,1,88.99,0
101807,1013,2,124.99,0
101807,1078,1,85.99,0
101807,1063,4,245.99,0
101808,1009,1,131.99,0
101809,1086,1,97.99,0
101810,1001,1,61.99,0
101810,1013,1,124.99,0
101810,1083,1,19.99,0
101811,1089,1,53.99,0
101812,1012,1,109.99,0
101813,1012,2,109.99,0
101814,1058,1,93.99,0
101815,1071,1,9.99,0
101816,1010,1,96.99,0
101816,1063,1,245.99,0
101817,1062,1,152.99,0
101817,1024,1,59.99,0
101818,1031,1,38.99,0
101818,1059,4,467.99,0
101819,1088,1,20.99,0
101819,1063,1,245.99,0
101820,1029,1,30.99,0
101821,1007,1,71.99,0
101822,1013,1,124.99,0
101823,1030,1,7.99,0
101823,1054,1,229.99,0
101824,1085,1,115.99,0
101825,1025,1,166.99,0
101826,1066,2,171.99,0
101827,1029,1,30.99,0
101828,1027,1,90.99,0
101829,1033,1,85.99,0
101830,1073,1,69.99,0
101830,1008,1,43.99,0
101831,1036,1,58.99,0
101832,1057,4,205.99,0
101833,1088,1,20.99,0
101834,1032,1,81.99,0
101834,1036,1,58.99,0
101835,1076,1,138.99,0
101835,1068,1,49.99,0
101836,1078,1,85.99,8.6
101837,1077,2,25.99,0
101837,1063,1,245.99,0
101837,1050,1,146.99,0
101838,1034,1,68.99,0
101838,1068,1,49.99,0
101839,1006,1,16.99,0
101840,1054,1,229.99,0
101841,1037,2,28.99,0
101842,1059,1,467.99,0
101842,1057,1,205.99,0
101843,1004,1,75.99,7.6
101843,1009,2,131.99,26.4
101844,1017,1,86.99,0
101844,1060,1,134.99,0
101844,1072,1,141.99,0
101845,1024,1,59.99,0
101845,1027,3,90.99,0
101845,1062,1,152.99,0
101846,1070,1,122.99,0
101847,1052,1,208.99,0
101848,1073,1,69.99,0
101848,1084,1,112.99,0
101849,1050,1,146.99,0
101850,1034,1,68.99,0
101851,1003,2,22.99,0
101851,1010,1,96.99,0
101851,1070,1,122.99,0
101852,1028,1,77.99,0
101853,1063,1,245.99,0
101853,1001,1,61.99,0
101853,1064,2,153.99,0
101854,1017,1,86.99,0
101854,1066,1,171.99,0
101855,1065,1,164.99,0
101856,1087,1,45.99,0
101856,1015,1,96.99,0
101857,1035,1,51.99,0
101858,1036,2,58.99,0
101859,1039,1,483.99,0
101859,1055,1,200.99,0
101860,1061,1,45.99,0
101860,1011,2,34.99,0
101861,1082,1,104.99,0
101862,1087,2,45.99,0
101863,1063,1,245.99,0
101864,1084,1,112.99,0
101865,1002,1,138.99,0
101866,1056,1,239.99,0
101867,1030,1,7.99,0
101868,1075,2,50.99,0
101869,1062,2,152.99,30.6
101869,1055,1,200.99,20.1
101870,1008,1,43.99,0
101871,1068,4,49.99,0
101872,1014,1,36.99,0
101873,1074,1,19.99,0
101874,1083,1,19.99,0
101874,1052,1,208.99,0
101874,1051,1,53.99,0
101874,1059,2,467.99,0
101875,1062,1,152.99,0
101876,1076,1,138.99,13.9
101877,1067,1,34.99,0
101877,1073,1,69.99,0
101878,1063,1,245.99,0
101878,1055,1,200.99,0
101878,1014,1,36.99,0
101879,1080,1,134.99,0
101880,1015,1,96.99,0
101880,1080,1,134.99,0
101881,1011,1,34.99,0
101881,1002,1,138.99,0
101882,1004,1,75.99,0
101883,1004,2,75.99,0
101883,1069,2,26.99,0
101883,1074,1,19.99,0
101884,1004,1,75.99,0
101885,1070,1,122.99,0
101885,1080,1,134.99,0
101886,1088,1,20.99,0
101887,1043,1,127.99,0
101887,1082,3,104.99,0
101887,1056,1,239.99,0
101888,1063,2,245.99,0
101888,1002,1,138.99,0
101889,1027,1,90.99,0
101889,1078,1,85.99,0
101890,1060,1,134.99,0
101890,1082,1,104.99,0
101891,1032,1,81.99,0
101891,1078,2,85.99,0
101892,1059,1,467.99,0
101893,1026,1,161.99,0
101893,1018,1,212.99,0
101893,1050,2,146.99,0
101894,1029,1,30.99,0
101894,1019,1,77.99,0
101895,1079,2,61.99,0
101895,1007,1,71.99,0
101896,1075,1,50.99,0
101896,1064,2,153.99,0
101896,1059,1,467.99,0
101897,1015,4,96.99,0
101898,1051,1,53.99,0
101898,1010,1,96.99,0
101899,1083,1,19.99,0
101899,1013,2,124.99,0
101900,1064,1,153.99,0
101900,1002,1,138.99,0
101900,1088,1,20.99,0
101900,1085,1,115.99,0
101901,1074,1,19.99,0
101902,1070,1,122.99,0
101903,1067,1,34.99,0
101903,1069,1,26.99,0
101903,1065,1,164.99,0
101904,1075,1,50.99,0
101904,1083,1,19.99,0
101904,1029,1,30.99,0
101905,1029,1,30.99,0
101905,1089,1,53.99,0
101906,1013,1,124.99,0
101907,1020,1,54.99,0
101907,1062,2,152.99,0
101908,1077,1,25.99,0
101908,1067,2,34.99,0
101908,1018,1,212.99,0
101909,1082,1,104.99,0
101909,1001,1,61.99,0
101910,1053,1,37.99,0
101911,1013,1,124.99,0
101912,1080,1,134.99,0
101912,1053,1,,0
101913,1026,1,161.99,0
101913,1010,1,96.99,0
101914,1059,1,467.99,0
101915,1051,1,53.99,0
101916,1071,1,9.99,0
101916,1014,1,36.99,0
101917,1081,1,74.99,0
101918,1065,1,164.99,0
101919,1004,1,75.99,0
101920,1038,1,313.99,0
101921,1074,1,19.99,0
101922,1076,1,138.99,0
101922,1061,4,45.99,0
101923,1004,1,75.99,0
101924,1023,1,135.99,0
101924,1059,1,467.99,0
101924,1027,1,90.99,0
101925,1014,1,36.99,0
101926,1087,2,45.99,0
101926,1083,1,19.99,0
101927,1019,1,77.99,0
101928,1074,1,19.99,0
101928,1004,1,75.99,0
101928,1063,1,245.99,0
101929,1022,1,88.99,0
101929,1008,1,43.99,0
101930,1001,1,61.99,0
101931,1006,1,16.99,0
101931,1030,1,7.99,0
101932,1083,3,19.99,0
101933,1070,1,122.99,0
101934,1075,1,50.99,0
101935,1056,1,239.99,0
101936,1074,1,19.99,0
101937,1061,1,45.99,0
101938,1082,1,104.99,0
101938,1062,2,152.99,0
101938,1065,1,164.99,0
101939,1047,1,194.99,0
101940,1071,2,9.99,0
101940,1076,1,138.99,0
101941,1018,1,212.99,0
101942,1049,1,126.99,0
101942,1017,1,86.99,0
101942,1062,1,152.99,0
101942,1066,1,171.99,0
101943,1034,1,68.99,6.9
101944,1089,1,53.99,0
101945,1073,1,69.99,0
101946,1071,1,9.99,0
101946,1079,1,61.99,0
101946,1011,1,34.99,0
101947,1041,1,553.99,0
101948,1006,3,16.99,0
101949,1048,1,139.99,0
101950,1028,1,77.99,0
101951,1060,1,134.99,13.5
101952,1035,1,51.99,0
101953,1078,1,85.99,0
101954,1012,1,109.99,0
101955,1033,1,85.99,8.6
101956,1063,1,245.99,0
101956,1080,1,134.99,0
101956,1023,1,135.99,0
101957,1083,1,19.99,0
101957,1046,1,142.99,0
101958,1013,1,124.99,0
101958,1081,1,74.99,0
101959,1026,1,161.99,0
101960,1072,1,141.99,0
101960,1085,1,115.99,0
101960,1087,1,45.99,0
101960,1014,2,36.99,0
101961,1009,2,131.99,0
101962,1007,1,71.99,7.2
101962,1004,1,75.99,7.6
101962,1040,1,476.99,47.7
101963,1083,1,19.99,0
101963,1032,2,81.99,0
101963,1048,1,139.99,0
101963,1010,3,96.99,0
101964,1062,1,152.99,0
101964,1018,1,212.99,0
101964,1012,1,109.99,0
101965,1061,1,45.99,0
101966,1087,1,45.99,0
101967,1088,1,20.99,0
101967,1036,2,58.99,0
101968,1080,1,134.99,0
101969,1005,2,79.99,0
101970,1015,1,96.99,0
101971,1007,1,71.99,0
101971,1041,1,553.99,0
101972,1020,1,54.99,0
101973,1070,1,122.99,0
101974,1014,1,36.99,0
101975,1004,2,75.99,0
101976,1073,1,69.99,0
101976,1003,1,22.99,0
101976,1029,2,30.99,0
101976,1027,1,90.99,0
101977,1089,1,53.99,0
101978,1024,1,59.99,0
101979,1086,1,97.99,0
101979,1063,1,245.99,0
101979,1084,1,112.99,0
101980,1005,1,79.99,0
101980,1056,1,239.99,0
101981,1086,1,97.99,0
101982,1041,1,553.99,0
101982,1080,2,134.99,0
101983,1024,1,59.99,0
101984,1035,1,51.99,0
101985,1030,1,7.99,0
101985,1069,1,26.99,0
101986,1084,1,112.99,0
101987,1065,1,164.99,0
101988,1028,1,77.99,0
101988,1080,1,134.99,0
101989,1085,1,115.99,0
101989,1066,1,171.99,0
101990,1061,1,45.99,4.6
101990,1005,1,79.99,8
101991,1056,1,239.99,0
101991,1009,1,131.99,0
101992,1081,1,74.99,0
101992,1063,2,245.99,0
101993,1014,4,36.99,0
101994,1019,1,77.99,0
101995,1059,1,467.99,0
101996,1019,1,77.99,0
101996,1079,1,61.99,0
101997,1014,1,36.99,0
101998,1002,3,138.99,0
101998,1080,1,134.99,0
101999,1017,3,86.99,0
101999,1044,1,529.99,0
101999,1063,1,245.99,0
102000,1039,1,,0
102001,1075,1,50.99,0
102002,1068,3,49.99,0
102003,1071,1,9.99,0
102003,1001,2,61.99,0
102003,1027,1,90.99,0
102004,1069,2,26.99,0
102005,1076,1,138.99,0
102006,1090,1,17.99,0
102007,1060,1,134.99,0
102008,1066,1,171.99,0
102009,1017,1,86.99,0
102009,1051,2,53.99,0
102010,1025,1,166.99,0
102010,1089,1,53.99,0
102010,1044,1,529.99,0
102010,1082,1,104.99,0
102011,1039,1,483.99,0
102012,1021,3,123.99,0
102013,1025,1,166.99,0
102014,1086,1,97.99,0
102015,1066,1,171.99,0
102016,1034,1,68.99,0
102016,1090,1,17.99,0
102017,1081,3,74.99,0
102018,1013,1,124.99,0
102018,1063,1,245.99,0
102019,1077,2,25.99,0
102019,1079,1,61.99,0
102020,1025,1,166.99,0
102020,1027,1,90.99,0
102020,1016,1,180.99,0
102021,1075,1,,0
102021,1014,2,36.99,0
102021,1027,1,90.99,0
102021,1032,1,81.99,0
102022,1081,1,74.99,0
102023,1089,2,53.99,0
102024,1088,1,20.99,0
102025,1001,1,61.99,0
102025,1045,1,506.99,0
102025,1004,2,75.99,0
102025,1052,1,208.99,0
102026,1005,1,79.99,0
102027,1067,1,34.99,0
102028,1006,1,16.99,0
102029,1065,1,164.99,0
102030,1004,1,75.99,0
102031,1027,1,90.99,0
102032,1022,1,88.99,0
102033,1077,1,25.99,0
102034,1013,1,124.99,0
102035,1031,1,38.99,0
102035,1010,1,96.99,0
102036,1016,1,180.99,0
102037,1018,1,212.99,0
102037,1015,1,96.99,0
102038,1042,1,773.99,77.4
102038,1075,1,50.99,5.1
102038,1053,1,37.99,3.8
102038,1037,1,28.99,2.9
102039,1065,1,164.99,0
102040,1065,1,164.99,0
102041,1020,1,54.99,0
102041,1037,3,28.99,0
102042,1067,2,34.99,0
102042,1009,1,131.99,0
102043,1048,1,139.99,14
102044,1050,1,146.99,0
102044,1034,1,68.99,0
102044,1044,1,529.99,0
102045,1053,2,37.99,0
102046,1081,1,74.99,0
102047,1059,1,467.99,0
102047,1065,1,164.99,0
102048,1021,2,123.99,0
102048,1016,1,180.99,0
102049,1009,1,131.99,0
102049,1004,2,75.99,0
102050,1067,1,34.99,0
102050,1064,1,153.99,0
102050,1090,1,17.99,0
102050,1016,2,180.99,0
102051,1063,1,245.99,0
102052,1083,2,19.99,0
102052,1009,1,131.99,0
102052,1052,1,208.99,0
102052,1087,2,45.99,0
102053,1030,1,7.99,0
102053,1045,1,506.99,0
102053,1018,1,212.99,0
102054,1085,1,115.99,11.6
102054,1019,2,77.99,15.6
102054,1067,1,34.99,3.5
102055,1033,1,85.99,0
102055,1006,4,16.99,0
102056,1039,1,483.99,0
102057,1082,1,104.99,0
102057,1020,2,54.99,0
102058,1027,1,90.99,0
102058,1077,1,25.99,0
102059,1016,1,180.99,0
102059,1018,1,212.99,0
102059,1069,1,26.99,0
102060,1070,1,122.99,0
102060,1086,1,97.99,0
102061,1023,4,135.99,0
102062,1001,1,61.99,6.2
102063,1029,1,,0
102064,1019,1,77.99,0
102065,1022,2,88.99,0
102066,1002,1,138.99,0
102066,1069,2,,0
102067,1048,1,139.99,0
102068,1032,1,81.99,0
102069,1041,1,553.99,0
102069,1090,1,17.99,0
102070,1034,1,68.99,0
102071,1023,1,135.99,0
102072,1020,1,54.99,0
102073,1086,1,97.99,0
102074,1050,3,146.99,0
102074,1029,1,30.99,0
102075,1018,1,212.99,0
102075,1082,1,104.99,0
102076,1025,1,166.99,0
102076,1060,1,134.99,0
102077,1063,1,,0
102078,1017,1,86.99,0
102078,1085,1,115.99,0
102079,1059,2,467.99,0
102079,1062,1,152.99,0
102080,1002,1,138.99,0
102081,1063,1,245.99,0
102081,1050,2,146.99,0
102082,1064,1,153.99,0
102083,1083,1,19.99,0
102084,1077,1,25.99,0
102085,1040,1,476.99,0
102085,1032,2,81.99,0
102085,1061,1,45.99,0
102086,1022,1,88.99,0
102087,1006,1,16.99,0
102087,1022,1,88.99,0
102087,1015,1,96.99,0
102087,1007,1,71.99,0
102088,1079,2,61.99,0
102089,1006,1,16.99,0
102090,1085,1,115.99,0
102091,1037,1,28.99,0
102092,1013,1,124.99,0
102093,1064,1,153.99,0
102094,1022,1,88.99,0
102094,1067,1,34.99,0
102094,1036,1,58.99,0
102095,1056,1,239.99,0
102096,1036,1,58.99,0
102097,1001,1,61.99,0
102098,1007,1,71.99,0
102098,1079,1,61.99,0
102099,1049,1,126.99,0
102100,1066,3,171.99,0
102100,1059,1,467.99,0
102100,1043,1,127.99,0
102101,1032,4,81.99,0
102102,1008,1,43.99,0
102103,1055,1,200.99,0
102104,1027,1,90.99,0
102105,1071,2,9.99,0
102106,1011,4,34.99,0
102107,1063,1,245.99,0
102108,1008,1,43.99,0
102109,1064,1,153.99,0
102110,1026,2,161.99,0
102110,1067,1,34.99,0
102111,1005,1,79.99,0
102111,1068,1,49.99,0
102112,1085,4,115.99,46.4
102113,1076,2,138.99,0
102113,1050,1,146.99,0
102114,1029,3,30.99,0
102114,1054,1,229.99,0
102114,1073,1,69.99,0
102115,1002,1,138.99,13.9
102116,1016,2,180.99,0
102116,1007,1,71.99,0
102116,1088,1,20.99,0
102117,1006,1,16.99,0
102118,1062,1,152.99,0
102118,1024,1,59.99,0
102118,1009,1,131.99,0
102119,1060,1,134.99,0
102120,1059,1,467.99,0
102121,1077,3,25.99,0
102121,1048,1,139.99,0
102122,1017,1,86.99,0
102122,1035,1,51.99,0
102123,1021,1,123.99,0
102124,1030,1,7.99,0
102124,1060,1,134.99,0
102125,1006,2,16.99,0
102126,1041,1,553.99,0
102126,1019,1,77.99,0
102127,1070,1,122.99,0
102127,1083,1,19.99,0
102127,1066,1,171.99,0
102127,1005,1,79.99,0
102128,1065,1,164.99,0
102129,1006,2,16.99,0
102130,1087,1,45.99,0
102131,1007,1,71.99,0
102131,1013,1,124.99,0
102132,1017,3,86.99,0
102132,1081,1,74.99,0
102132,1060,1,134.99,0
102133,1014,3,36.99,0
102133,1065,1,164.99,0
102134,1062,1,152.99,0
102134,1056,1,239.99,0
102135,1015,1,96.99,0
102136,1007,2,71.99,0
102137,1039,1,483.99,0
102138,1068,2,49.99,10
102138,1060,1,134.99,13.5
102138,1063,1,245.99,24.6
102139,1010,1,96.99,0
102140,1060,1,134.99,0
102140,1055,1,200.99,0
102140,1069,1,26.99,0
102140,1074,1,19.99,0
102141,1050,2,146.99,29.4
102141,1082,3,104.99,31.5
102142,1019,1,77.99,0
102142,1024,1,59.99,0
102142,1083,1,19.99,0
102143,1078,1,85.99,0
102144,1041,1,553.99,0
102144,1070,1,122.99,0
102145,1025,1,166.99,0
102145,1010,1,96.99,0
102145,1023,2,135.99,0
102146,1070,1,122.99,0
102147,1052,1,208.99,0
102148,1011,1,34.99,0
102149,1043,1,127.99,0
102150,1085,1,115.99,0
102151,1078,2,85.99,0
102152,1034,1,68.99,0
102152,1057,4,205.99,0
102152,1028,2,77.99,0
102153,1074,1,19.99,0
102153,1072,1,141.99,0
102154,1018,1,212.99,0
102154,1052,1,208.99,0
102154,1033,4,85.99,0
102154,1032,1,81.99,0
102155,1080,1,134.99,0
102156,1086,1,97.99,0
102157,1058,2,93.99,0
102158,1014,1,36.99,0
102159,1077,1,25.99,0
102159,1081,1,74.99,0
102160,1056,1,239.99,0
102161,1008,1,43.99,0
102162,1067,1,34.99,0
102163,1060,1,134.99,0
102163,1035,1,51.99,0
102164,1071,1,9.99,0
102165,1064,1,153.99,0
102166,1059,2,467.99,0
102167,1081,1,74.99,0
102168,1026,1,161.99,0
102168,1081,1,74.99,0
102168,1070,1,122.99,0
102169,1064,2,153.99,0
102170,1087,1,45.99,0
102170,1026,1,161.99,0
102171,1015,3,96.99,0
102171,1067,1,34.99,0
102171,1028,1,77.99,0
102172,1084,1,112.99,0
102172,1037,1,28.99,0
102172,1088,1,20.99,0
102173,1032,1,81.99,0
102174,1075,2,50.99,0
102174,1005,1,79.99,0
102174,1088,1,20.99,0
102175,1059,1,467.99,0
102175,1001,2,61.99,0
102176,1085,1,115.99,0
102176,1082,2,104.99,0
102177,1024,2,59.99,0
102178,1069,1,26.99,0
102178,1054,1,229.99,0
102179,1065,1,164.99,0
102179,1032,1,81.99,0
102180,1028,1,77.99,0
102181,1009,1,131.99,0
102181,1069,2,26.99,0
102181,1032,1,81.99,0
102181,1014,1,36.99,0
102182,1012,1,109.99,0
102182,1031,1,38.99,0
102182,1080,1,134.99,0
102183,1056,1,239.99,0
102183,1028,1,77.99,0
102183,1062,1,152.99,0
102183,1059,1,467.99,0
102184,1069,1,26.99,0
102184,1007,1,71.99,0
102185,1060,1,134.99,0
102186,1053,1,37.99,0
102186,1069,1,26.99,0
102187,1072,1,141.99,0
102187,1086,2,97.99,0
102188,1030,2,7.99,0
102188,1058,2,93.99,0
102188,1008,1,43.99,0
102189,1030,2,7.99,1.6
102189,1009,1,131.99,13.2
102189,1024,1,59.99,6
102189,1042,1,773.99,77.4
102190,1062,2,152.99,0
102191,1049,1,126.99,0
102192,1079,1,61.99,0
102192,1080,1,134.99,0
102193,1038,1,313.99,0
102194,1069,1,26.99,0
102194,1040,1,476.99,0
102194,1083,1,19.99,0
102195,1066,1,171.99,0
102196,1030,1,7.99,0
102197,1033,1,,0
102198,1035,2,51.99,0
102199,1014,1,36.99,0
102199,1075,2,50.99,0
102200,1031,2,38.99,0
102201,1065,1,164.99,0
102202,1082,1,104.99,0
102203,1005,1,79.99,0
102204,1027,1,90.99,0
102205,1076,1,138.99,0
102205,1047,1,194.99,0
102205,1009,1,131.99,0
102206,1014,1,36.99,0
102206,1082,1,104.99,0
102206,1013,1,124.99,0
102206,1063,1,245.99,0
102207,1006,1,16.99,0
102207,1083,4,19.99,0
102208,1074,1,19.99,0
102208,1050,1,146.99,0
102208,1064,1,153.99,0
102209,1034,1,68.99,0
102209,1083,4,19.99,0
102210,1026,1,161.99,0
102211,1003,2,,0
102211,1059,1,467.99,0
102212,1062,1,152.99,0
102212,1046,1,142.99,0
102212,1060,1,134.99,0
102213,1028,1,77.99,0
102214,1004,1,75.99,0
102215,1022,1,88.99,0
102216,1069,1,26.99,0
102216,1059,1,467.99,0
102216,1048,1,139.99,0
102217,1031,1,38.99,0
102218,1035,1,51.99,0
102218,1031,1,38.99,0
102219,1013,2,124.99,0
102219,1004,1,75.99,0
102220,1078,1,85.99,0
102221,1079,1,61.99,0
102221,1015,1,96.99,0
102222,1050,1,146.99,0
102222,1059,2,467.99,0
102222,1079,1,61.99,0
102223,1018,1,212.99,0
102223,1036,1,58.99,0
102224,1016,1,180.99,0
102225,1034,1,68.99,6.9
102226,1039,1,483.99,0
102227,1023,2,135.99,0
102228,1002,1,138.99,13.9
102228,1077,1,25.99,2.6
102228,1035,1,51.99,5.2
102229,1085,1,115.99,0
102229,1023,1,135.99,0
102230,1054,3,229.99,0
102230,1050,1,146.99,0
102231,1014,1,36.99,0
102232,1065,1,164.99,16.5
102232,1083,1,19.99,2
102233,1046,1,142.99,0
102234,1032,1,81.99,0
102235,1002,2,138.99,0
102236,1072,1,141.99,0
102236,1050,1,146.99,0
102237,1012,1,109.99,0
102238,1068,1,49.99,0
102239,1012,1,109.99,0
102240,1034,1,68.99,6.9
102240,1085,1,115.99,11.6
102240,1058,1,93.99,9.4
102240,1067,1,34.99,3.5
102241,1056,1,239.99,0
102242,1031,1,38.99,0
102243,1036,1,58.99,0
102243,1060,1,134.99,0
102244,1051,1,53.99,0
102245,1011,1,34.99,0
102245,1070,1,122.99,0
102246,1031,1,38.99,0
102247,1032,1,81.99,0
102247,1052,1,208.99,0
102248,1068,1,49.99,5
102248,1056,2,239.99,48
102248,1057,2,205.99,41.2
102249,1079,1,61.99,0
102249,1028,1,77.99,0
102250,1021,2,123.99,0
102251,1064,1,153.99,0
102251,1060,1,134.99,0
102252,1009,1,131.99,0
102253,1065,1,164.99,0
102254,1004,1,75.99,0
102254,1071,1,9.99,0
102255,1009,1,131.99,0
102255,1053,1,37.99,0
102256,1069,1,26.99,0
102257,1075,1,50.99,0
102257,1029,1,30.99,0
102257,1040,1,476.99,0
102257,1042,1,773.99,0
102258,1048,1,139.99,0
102259,1075,1,50.99,0
102260,1072,1,141.99,0
102261,1067,1,34.99,0
102262,1019,2,77.99,0
102263,1077,1,25.99,0
102264,1086,1,97.99,0
102265,1064,1,153.99,0
102265,1018,1,212.99,0
102266,1090,2,17.99,0
102267,1019,1,77.99,0
102267,1018,1,212.99,0
102268,1056,1,239.99,0
102269,1035,1,51.99,0
102269,1066,1,171.99,0
102269,1046,1,142.99,0
102270,1070,1,122.99,0
102270,1087,1,45.99,0
102271,1059,1,467.99,0
102271,1023,1,135.99,0
102271,1071,1,9.99,0
102272,1001,2,61.99,0
102273,1059,2,467.99,0
102273,1061,1,45.99,0
102274,1015,1,96.99,0
102275,1014,1,36.99,0
102276,1041,1,553.99,0
102277,1007,1,71.99,0
102278,1086,1,97.99,0
102278,1060,1,134.99,0
102279,1009,1,131.99,0
102280,1017,1,86.99,0
102281,1024,3,59.99,0
102282,1064,1,153.99,0
102283,1029,1,30.99,0
102283,1089,1,53.99,0
102284,1052,1,208.99,0
102285,1006,1,16.99,0
102286,1015,1,96.99,0
102287,1004,1,75.99,0
102287,1002,1,138.99,0
102288,1002,1,138.99,0
102289,1084,1,112.99,0
102289,1052,2,208.99,0
102289,1071,2,9.99,0
102289,1082,1,104.99,0
102290,1019,1,77.99,0
102290,1076,1,138.99,0
102290,1075,1,50.99,0
102291,1046,1,142.99,0
102291,1030,1,7.99,0
102291,1076,1,138.99,0
102292,1056,1,239.99,0
102292,1005,1,79.99,0
102293,1070,1,122.99,0
102294,1002,1,138.99,0
102295,1054,1,229.99,0
102296,1074,1,19.99,0
102296,1061,1,45.99,0
102296,1067,1,34.99,0
102297,1010,1,96.99,0
102298,1065,1,164.99,0
102299,1039,1,483.99,0
102300,1084,1,112.99,0
102301,1028,4,77.99,0
102302,1023,4,135.99,0
102302,1013,1,124.99,0
102303,1045,1,506.99,0
102304,1077,1,25.99,0
102304,1011,1,34.99,0
102304,1009,1,131.99,0
102305,1051,1,53.99,0
102306,1007,2,71.99,0
102306,1062,1,152.99,0
102307,1055,2,200.99,0
102308,1017,2,,0
102309,1089,1,53.99,0
102310,1033,1,85.99,0
102311,1045,1,506.99,0
102311,1011,1,34.99,0
102312,1046,1,142.99,0
102312,1025,1,166.99,0
102313,1003,2,22.99,0
102314,1016,1,180.99,0
102314,1013,1,124.99,0
102315,1064,1,153.99,0
102316,1090,1,17.99,0
102317,1064,1,153.99,0
102318,1085,1,115.99,0
102318,1036,1,58.99,0
102319,1003,1,22.99,0
102320,1085,1,115.99,0
102321,1011,1,34.99,0
102322,1042,1,773.99,0
102323,1003,2,22.99,0
102323,1014,3,36.99,0
102323,1009,1,131.99,0
102324,1083,1,19.99,0
102325,1085,1,115.99,0
102325,1015,1,96.99,0
102325,1012,3,109.99,0
102326,1047,1,194.99,0
102327,1071,1,9.99,0
102328,1061,1,45.99,0
102329,1022,1,88.99,0
102330,1074,3,19.99,0
102330,1009,1,131.99,0
102331,1008,2,43.99,0
102331,1040,1,476.99,0
102331,1007,1,71.99,0
102332,1060,1,134.99,0
102332,1008,1,43.99,0
102332,1068,1,49.99,0
102332,1058,1,93.99,0
102333,1086,1,97.99,0
102333,1072,1,141.99,0
102334,1083,1,19.99,0
102335,1087,2,45.99,0
102336,1058,1,93.99,0
102336,1065,1,164.99,0
102337,1047,1,194.99,0
102338,1069,1,26.99,0
102338,1063,1,245.99,0
102339,1078,1,85.99,0
102340,1060,1,134.99,0
102341,1086,1,97.99,0
102341,1001,1,61.99,0
102342,1059,1,467.99,0
102343,1001,1,61.99,6.2
102343,1003,1,22.99,2.3
102344,1078,2,85.99,0
102344,1088,1,20.99,0
102345,1067,1,34.99,0
102345,1066,1,171.99,0
102346,1035,2,51.99,10.4
102346,1019,1,77.99,7.8
102347,1077,1,25.99,0
102347,1006,2,16.99,0
102348,1009,1,131.99,0
102348,1023,1,135.99,0
102349,1058,1,93.99,0
102350,1086,1,97.99,0
102351,1069,1,26.99,0
102351,1090,2,17.99,0
102352,1065,1,164.99,0
102352,1080,1,134.99,0
102352,1054,1,229.99,0
102353,1080,1,134.99,0
102354,1013,1,124.99,0
102354,1011,2,34.99,0
102355,1084,1,112.99,0
102356,1087,1,45.99,0
102357,1067,1,34.99,0
102358,1068,1,49.99,0
102359,1073,2,69.99,14
102359,1057,1,205.99,20.6
102359,1071,1,9.99,1
102359,1025,1,166.99,16.7
102360,1059,3,467.99,140.4
102360,1084,1,112.99,11.3
102360,1072,1,141.99,14.2
102360,1024,1,59.99,6
102361,1027,1,90.99,0
102362,1015,1,96.99,0
102363,1024,1,59.99,0
102364,1018,1,212.99,0
102365,1082,1,104.99,0
102366,1074,2,19.99,0
102367,1079,1,61.99,0
102368,1048,1,139.99,0
102369,1058,2,93.99,0
102370,1060,2,134.99,0
102371,1051,1,53.99,0
102371,1087,1,45.99,0
102372,1030,1,7.99,0
102372,1016,1,180.99,0
102373,1068,4,49.99,0
102373,1028,1,77.99,0
102374,1074,1,19.99,0
102375,1015,3,96.99,0
102376,1087,1,45.99,0
102377,1038,1,313.99,0
102377,1076,2,138.99,0
102377,1021,1,123.99,0
102378,1086,1,97.99,0
102378,1064,1,153.99,0
102378,1028,1,77.99,0
102379,1007,1,71.99,0
102379,1010,1,96.99,0
102379,1085,2,,0
102380,1025,1,166.99,16.7
102381,1022,1,88.99,0
102382,1023,1,135.99,0
102383,1003,1,22.99,0
102383,1059,3,467.99,0
102384,1083,1,19.99,0
102384,1013,1,124.99,0
102384,1037,2,,0
102385,1073,1,69.99,0
102385,1013,1,124.99,0
102386,1012,1,109.99,0
102387,1023,1,135.99,0
102387,1004,1,75.99,0
102387,1089,1,53.99,0
102387,1062,1,152.99,0
102388,1034,1,68.99,0
102389,1012,2,109.99,0
102390,1002,1,138.99,0
102391,1008,1,43.99,0
102391,1080,1,134.99,0
102391,1016,1,180.99,0
102391,1072,1,141.99,0
102392,1077,3,25.99,0
102393,1033,1,85.99,0
102393,1057,2,205.99,0
102393,1065,2,164.99,0
102394,1067,1,34.99,3.5
102395,1066,1,171.99,0
102395,1006,1,16.99,0
102395,1044,1,529.99,0
102395,1069,1,26.99,0
102396,1073,2,69.99,0
102396,1032,1,81.99,0
102397,1013,1,124.99,0
102397,1058,1,93.99,0
102398,1089,1,53.99,0
102398,1079,1,61.99,0
102398,1032,1,81.99,0
102399,1025,1,166.99,0
102400,1024,1,59.99,0
102400,1021,1,123.99,0
102400,1034,4,68.99,0
102401,1078,1,85.99,0
102401,1072,1,141.99,0
102402,1080,1,134.99,0
102402,1078,1,85.99,0
102403,1017,1,86.99,8.7
102403,1010,1,96.99,9.7
102404,1007,1,71.99,0
102405,1051,1,53.99,0
102406,1031,1,38.99,0
102407,1078,1,85.99,8.6
102408,1080,1,134.99,0
102408,1009,1,131.99,0
102409,1001,1,61.99,0
102410,1072,1,141.99,0
102411,1050,1,146.99,0
102411,1078,1,85.99,0
102411,1052,1,208.99,0
102412,1048,1,139.99,0
102412,1007,2,71.99,0
102412,1008,1,43.99,0
102413,1019,1,77.99,0
102413,1030,1,7.99,0
102414,1069,1,26.99,0
102414,1076,4,138.99,0
102415,1003,1,22.99,0
102416,1005,1,79.99,0
102417,1044,1,529.99,0
102417,1076,2,,0
102417,1079,1,61.99,0
102417,1023,1,135.99,0
102418,1008,1,43.99,0
102419,1068,2,49.99,0
102419,1013,1,,0
102420,1052,2,208.99,0
102420,1036,3,58.99,0
102420,1048,1,139.99,0
102421,1049,1,126.99,0
102422,1014,1,36.99,0
102423,1087,1,45.99,0
102423,1069,1,26.99,0
102424,1062,2,152.99,0
102425,1081,1,74.99,0
102426,1048,1,139.99,0
102426,1090,1,17.99,0
102427,1016,2,180.99,0
102428,1045,1,506.99,0
102429,1001,2,61.99,0
102430,1055,1,200.99,0
102431,1078,1,85.99,0
102431,1026,1,161.99,0
102432,1080,1,134.99,0
102433,1036,2,58.99,11.8
102433,1037,1,28.99,2.9
102434,1014,1,36.99,0
102435,1008,1,43.99,0
102435,1051,2,53.99,0
102436,1073,2,69.99,14
102437,1029,1,30.99,0
102438,1052,2,208.99,0
102438,1088,1,20.99,0
102439,1051,1,53.99,0
102440,1073,1,69.99,0
102440,1015,1,96.99,0
102440,1087,1,45.99,0
102441,1020,1,54.99,0
102442,1019,1,77.99,0
102442,1085,1,115.99,0
102443,1027,3,90.99,0
102444,1078,3,85.99,0
102445,1001,1,61.99,0
102446,1024,1,59.99,0
102446,1008,1,43.99,0
102446,1067,1,34.99,0
102447,1049,1,126.99,0
102448,1079,1,61.99,0
102449,1078,1,85.99,0
102450,1075,1,50.99,5.1
102451,1084,1,112.99,0
102451,1016,1,180.99,0
102452,1005,1,,0
102452,1075,1,50.99,0
102453,1075,1,50.99,0
102453,1081,1,74.99,0
102454,1035,1,51.99,0
102454,1027,1,90.99,0
102454,1031,1,38.99,0
102455,1032,1,81.99,0
102455,1014,1,36.99,0
102456,1048,1,139.99,0
102456,1009,1,131.99,0
102457,1063,1,245.99,0
102457,1057,1,205.99,0
102457,1003,1,22.99,0
102458,1010,1,96.99,0
102458,1089,1,53.99,0
102458,1086,1,97.99,0
102458,1063,1,245.99,0
102459,1026,1,161.99,0
102460,1016,1,180.99,0
102460,1071,2,9.99,0
102461,1021,1,123.99,0
102461,1046,1,142.99,0
102461,1066,1,171.99,0
102462,1071,1,9.99,0
102462,1006,1,16.99,0
102462,1063,1,245.99,0
102462,1088,1,20.99,0
102463,1030,1,7.99,0
102464,1065,1,164.99,0
102464,1078,1,85.99,0
102464,1039,1,483.99,0
102465,1005,1,79.99,0
102466,1084,1,112.99,0
102466,1059,1,467.99,0
102466,1080,1,134.99,0
102466,1075,1,50.99,0
102467,1086,2,97.99,0
102468,1054,1,229.99,0
102468,1087,1,45.99,0
102469,1023,1,135.99,0
102470,1011,3,34.99,0
102470,1080,1,134.99,0
102470,1086,1,97.99,0
102471,1041,1,553.99,0
102472,1048,1,139.99,0
102473,1056,1,239.99,0
102474,1027,1,90.99,0
102475,1008,1,43.99,0
102476,1043,1,127.99,0
102477,1088,1,20.99,0
102478,1005,1,79.99,0
102478,1021,1,123.99,0
102479,1021,1,123.99,0
102480,1054,1,229.99,0
102480,1008,1,43.99,0
102480,1014,2,36.99,0
102481,1029,3,30.99,0
102482,1067,1,34.99,0
102482,1070,1,122.99,0
102483,1075,1,50.99,0
102484,1063,1,245.99,24.6
102484,1022,3,88.99,26.7
102485,1014,2,36.99,0
102486,1015,3,96.99,0
102486,1001,1,61.99,0
102487,1024,1,59.99,0
102487,1073,1,69.99,0
102488,1075,3,50.99,0
102488,1087,2,45.99,0
102489,1047,1,194.99,0
102490,1079,1,61.99,0
102491,1060,1,134.99,0
102492,1035,1,51.99,0
102493,1024,1,59.99,0
102494,1056,1,239.99,0
102495,1058,1,93.99,0
102495,1061,1,45.99,0
102496,1025,1,166.99,0
102497,1072,2,141.99,0
102497,1058,1,93.99,0
102498,1073,1,69.99,0
102499,1037,2,28.99,0
102500,1073,1,69.99,0
102501,1068,1,49.99,0
102502,1090,1,17.99,0
102503,1021,1,123.99,0
102503,1004,1,75.99,0
102504,1004,1,75.99,0
102505,1017,1,86.99,0
102505,1032,1,81.99,0
102506,1033,2,85.99,0
102506,1030,1,7.99,0
102507,1066,1,171.99,0
102507,1069,1,26.99,0
102507,1090,1,17.99,0
102508,1034,1,68.99,0
102509,1078,1,85.99,0
102509,1068,1,49.99,0
102510,1012,1,109.99,0
102511,1028,1,77.99,0
102512,1032,1,81.99,0
102512,1066,2,171.99,0
102512,1005,1,79.99,0
102512,1081,1,74.99,0
102513,1073,1,69.99,0
102514,1016,1,180.99,0
102515,1008,1,43.99,0
102516,1054,1,229.99,0
102516,1071,1,9.99,0
102517,1038,1,313.99,0
102518,1068,1,49.99,0
102518,1043,1,127.99,0
102518,1081,1,74.99,0
102518,1021,1,123.99,0
102519,1076,3,138.99,0
102519,1020,3,54.99,0
102520,1050,1,146.99,0
102521,1082,1,104.99,0
102522,1046,1,142.99,0
102522,1053,1,37.99,0
102522,1001,1,61.99,0
102522,1075,1,50.99,0
102523,1026,1,161.99,0
102523,1012,1,109.99,0
102523,1057,1,205.99,0
102524,1029,1,30.99,0
102524,1066,1,171.99,0
102525,1004,1,75.99,0
102526,1054,1,229.99,0
102527,1088,1,20.99,0
102528,1021,1,123.99,0
102528,1086,2,97.99,0
102529,1070,1,122.99,0
102529,1023,2,135.99,0
102530,1071,1,9.99,0
102530,1039,1,483.99,0
102531,1019,2,77.99,0
102531,1070,2,,0
102531,1077,1,25.99,0
102532,1001,2,61.99,0
102533,1012,1,109.99,0
102534,1037,1,28.99,0
102535,1013,1,124.99,0
102535,1007,1,71.99,0
102535,1075,1,50.99,0
102536,1016,1,180.99,0
102537,1078,1,85.99,0
102537,1058,1,93.99,0
102538,1067,1,34.99,0
102538,1090,1,17.99,0
102538,1081,1,74.99,0
102539,1089,1,53.99,0
102539,1069,1,26.99,0
102540,1012,1,109.99,0
102541,1058,1,93.99,0
102541,1072,1,141.99,0
102542,1088,1,20.99,0
102543,1079,1,61.99,0
102544,1021,1,123.99,0
102545,1074,1,19.99,0
102546,1071,1,9.99,0
102547,1008,4,43.99,17.6
102547,1084,1,112.99,11.3
102547,1087,1,45.99,4.6
102548,1051,1,53.99,0
102549,1010,1,96.99,0
102549,1081,1,74.99,0
102550,1027,1,90.99,0
102551,1001,1,61.99,0
102551,1035,1,51.99,0
102551,1050,1,146.99,0
102552,1013,1,124.99,0
102553,1058,1,93.99,0
102553,1054,1,229.99,0
102554,1090,3,17.99,0
102555,1059,1,467.99,0
102556,1052,2,208.99,0
102556,1005,4,79.99,0
102557,1059,2,467.99,0
102557,1028,2,77.99,0
102558,1029,1,30.99,0
102559,1025,1,166.99,0
102559,1019,2,77.99,0
102560,1015,1,96.99,0
102561,1077,1,25.99,0
102561,1003,1,22.99,0
102561,1045,1,506.99,0
102562,1015,1,96.99,0
102562,1011,1,34.99,0
102562,1013,1,124.99,0
102563,1009,1,131.99,0
102564,1089,1,53.99,0
102564,1018,2,212.99,0
102565,1034,1,68.99,0
102565,1051,1,53.99,0
102565,1014,1,36.99,0
102566,1013,1,124.99,0
102566,1050,1,146.99,0
102567,1021,1,123.99,0
102568,1084,1,112.99,0
102568,1077,1,25.99,0
102568,1081,1,74.99,0
102569,1077,1,25.99,0
102569,1005,1,79.99,0
102570,1063,1,245.99,0
102570,1058,2,93.99,0
102571,1046,1,142.99,0
102572,1075,1,50.99,5.1
102573,1039,1,483.99,0
102574,1026,2,161.99,0
102575,1011,1,34.99,0
102575,1047,1,194.99,0
102576,1088,1,20.99,0
102576,1047,1,194.99,0
102577,1020,1,54.99,0
102577,1076,1,138.99,0
102577,1050,1,146.99,0
102578,1003,1,22.99,2.3
102578,1054,1,229.99,23
102578,1062,1,152.99,15.3
102579,1072,1,141.99,0
102579,1026,2,161.99,0
102579,1017,1,86.99,0
102580,1066,1,171.99,17.2
102581,1039,1,483.99,0
102581,1059,1,467.99,0
102582,1001,1,61.99,0
102583,1007,1,71.99,0
102584,1085,1,115.99,0
102584,1025,1,166.99,0
102584,1081,2,74.99,0
102585,1089,1,53.99,0
102586,1076,2,138.99,0
102587,1033,1,85.99,0
102588,1057,1,205.99,0
102588,1089,2,53.99,0
102589,1011,1,34.99,0
102590,1080,2,134.99,27
102590,1078,1,85.99,8.6
102591,1052,1,208.99,0
102592,1061,2,45.99,0
102593,1002,1,138.99,0
102593,1052,1,208.99,0
102593,1042,1,773.99,0
102594,1001,1,61.99,6.2
102595,1054,2,229.99,0
102595,1051,1,53.99,0
102595,1025,1,166.99,0
102596,1020,1,54.99,0
102597,1053,1,37.99,0
102598,1002,2,138.99,0
102599,1060,1,134.99,0
102600,1061,1,45.99,0
102601,1079,2,61.99,0
102602,1034,1,68.99,0
102602,1017,2,86.99,0
102602,1040,1,476.99,0
102603,1054,1,229.99,0
102603,1064,1,153.99,0
102603,1061,1,45.99,0
102604,1031,1,38.99,0
102605,1016,1,180.99,18.1
102605,1073,1,69.99,7
102605,1017,1,86.99,8.7
102606,1066,1,171.99,0
102607,1078,1,85.99,0
102608,1032,1,81.99,0
102608,1073,2,69.99,0
102609,1002,1,138.99,0
102609,1032,2,81.99,0
102609,1054,1,229.99,0
102610,1031,1,38.99,0
102611,1011,1,34.99,0
102611,1028,4,77.99,0
102612,1032,3,81.99,0
102613,1001,1,61.99,0
102613,1072,1,141.99,0
102613,1090,1,17.99,0
102614,1038,1,313.99,0
102614,1030,1,7.99,0
102615,1013,1,124.99,0
102615,1011,1,34.99,0
102616,1030,1,7.99,0.8
102617,1059,1,467.99,0
102618,1073,1,69.99,0
102618,1026,1,161.99,0
102619,1070,2,122.99,0
102620,1006,2,16.99,0
102620,1053,1,37.99,0
102620,1083,1,19.99,0
102621,1063,1,245.99,0
102622,1045,1,506.99,0
102622,1090,2,17.99,0
102622,1079,1,61.99,0
102622,1088,2,20.99,0
102623,1001,1,61.99,0
102624,1021,1,123.99,0
102624,1003,1,22.99,0
102624,1013,1,124.99,0
102625,1004,1,75.99,0
102625,1070,1,122.99,0
102626,1055,1,200.99,0
102626,1035,1,51.99,0
102627,1044,1,529.99,0
102628,1008,1,43.99,0
102628,1043,1,127.99,0
102628,1071,1,9.99,0
102628,1029,1,30.99,0
102629,1036,1,58.99,0
102630,1069,1,26.99,0
102631,1077,4,25.99,0
102631,1011,1,34.99,0
102632,1026,1,161.99,0
102632,1027,2,90.99,0
102632,1031,1,38.99,0
102632,1086,1,97.99,0
102633,1020,1,54.99,0
102634,1075,1,50.99,0
102634,1052,1,208.99,0
102635,1090,1,17.99,0
102636,1055,1,200.99,0
102637,1034,1,68.99,0
102638,1010,1,96.99,0
102639,1085,2,115.99,0
102640,1026,2,161.99,0
102641,1086,1,97.99,0
102641,1072,1,141.99,0
102641,1061,1,45.99,0
102642,1052,1,208.99,0
102643,1079,2,61.99,0
102643,1027,1,90.99,0
102644,1074,4,19.99,0
102644,1087,1,45.99,0
102645,1075,1,50.99,0
102645,1018,1,212.99,0
102645,1015,1,96.99,0
102646,1036,1,58.99,0
102646,1082,1,104.99,0
102647,1018,1,212.99,0
102647,1019,1,77.99,0
102647,1071,1,9.99,0
102647,1076,1,138.99,0
102648,1044,1,529.99,0
102648,1090,1,17.99,0
102648,1077,1,25.99,0
102648,1070,1,122.99,0
102649,1027,1,90.99,0
102650,1049,1,126.99,0
102650,1035,1,51.99,0
102651,1032,1,81.99,0
102651,1065,1,164.99,0
102651,1026,2,161.99,0
102652,1079,1,61.99,0
102652,1018,1,212.99,0
102652,1083,1,19.99,0
102653,1078,2,85.99,0
102654,1037,1,28.99,0
102655,1076,3,138.99,0
102656,1012,1,109.99,0
102656,1014,2,36.99,0
102657,1076,1,138.99,0
102658,1084,1,112.99,0
102658,1023,1,135.99,0
102659,1090,1,17.99,0
102660,1039,1,483.99,0
102661,1004,1,75.99,0
102662,1080,1,134.99,0
102662,1010,1,96.99,0
102662,1033,1,85.99,0
102663,1076,1,138.99,0
102664,1032,1,81.99,0
102665,1065,1,164.99,0
102666,1063,1,245.99,0
102666,1082,1,104.99,0
102667,1006,1,16.99,0
102667,1028,1,77.99,0
102668,1088,1,20.99,0
102668,1077,2,25.99,0
102669,1079,1,61.99,0
102669,1059,1,467.99,0
102669,1006,1,16.99,0
102670,1084,1,112.99,0
102671,1089,1,53.99,0
102671,1063,1,245.99,0
102671,1020,1,54.99,0
102672,1026,1,161.99,0
102673,1088,2,20.99,0
102674,1061,1,45.99,0
102674,1027,1,90.99,0
102674,1040,1,476.99,0
102675,1001,1,61.99,0
102676,1081,1,74.99,0
102676,1065,3,164.99,0
102676,1027,1,90.99,0
102676,1079,1,61.99,0
102677,1021,1,123.99,12.4
102677,1048,1,139.99,14
102677,1034,1,68.99,6.9
102678,1018,2,212.99,0
102679,1005,2,79.99,0
102680,1077,1,25.99,0
102681,1085,1,115.99,0
102681,1011,1,34.99,0
102681,1088,1,20.99,0
102682,1012,1,109.99,11
102683,1025,1,166.99,0
102683,1023,1,135.99,0
102684,1026,1,161.99,0
102684,1031,1,38.99,0
102684,1034,1,68.99,0
102685,1066,2,171.99,0
102685,1070,1,122.99,0
102685,1008,1,43.99,0
102686,1032,1,81.99,0
102686,1003,1,22.99,0
102687,1032,1,81.99,0
102688,1057,1,205.99,0
102689,1071,1,9.99,0
102689,1054,1,229.99,0
102690,1089,2,53.99,0
102691,1088,1,20.99,0
102692,1043,1,127.99,0
102692,1001,1,61.99,0
102692,1033,1,85.99,0
102693,1046,1,142.99,0
102694,1066,1,171.99,17.2
102694,1086,1,97.99,9.8
102695,1029,1,30.99,0
102695,1058,2,93.99,0
102696,1043,1,127.99,0
102696,1077,1,25.99,0
102697,1086,1,97.99,9.8
102697,1035,1,51.99,5.2
102698,1084,1,112.99,0
102699,1081,1,74.99,0
102700,1010,1,96.99,0
102700,1063,1,245.99,0
102700,1050,1,146.99,0
102701,1029,1,30.99,3.1
102702,1089,1,53.99,0
102703,1021,1,123.99,0
102704,1003,1,22.99,0
102704,1027,1,90.99,0
102704,1078,1,85.99,0
102704,1031,1,38.99,0
102705,1026,1,161.99,0
102705,1030,1,,0
102706,1057,1,205.99,0
102707,1036,1,58.99,0
102708,1023,1,135.99,0
102709,1009,1,131.99,0
102710,1014,1,36.99,0
102710,1044,1,529.99,0
102710,1002,1,138.99,0
102711,1016,2,180.99,36.2
102711,1010,1,96.99,9.7
102712,1076,1,138.99,13.9
102713,1084,4,112.99,0
102713,1087,1,45.99,0
102713,1036,1,58.99,0
102714,1060,1,134.99,0
102715,1086,1,97.99,0
102716,1027,1,90.99,0
102716,1022,1,88.99,0
102717,1022,1,88.99,0
102717,1088,1,20.99,0
102717,1025,1,166.99,0
102717,1043,1,127.99,0
102718,1071,2,9.99,0
102719,1087,1,45.99,0
102720,1075,1,50.99,0
102721,1059,1,467.99,0
102721,1086,1,97.99,0
102722,1081,1,74.99,0
102722,1016,2,180.99,0
102722,1023,1,135.99,0
102723,1083,1,19.99,0
102724,1032,1,81.99,0
102725,1077,1,,0
102725,1031,1,38.99,0
102726,1023,3,135.99,0
102726,1090,1,17.99,0
102727,1026,1,161.99,0
102728,1086,1,97.99,0
102728,1011,1,34.99,0
102729,1003,1,22.99,0
102729,1007,1,71.99,0
102729,1002,2,138.99,0
102730,1071,2,9.99,0
102730,1008,1,43.99,0
102731,1047,1,194.99,0
102732,1062,1,152.99,0
102733,1027,1,90.99,0
102734,1076,3,138.99,0
102735,1062,1,152.99,0
102735,1014,1,36.99,0
102735,1002,1,138.99,0
102736,1081,1,74.99,0
102736,1066,1,171.99,0
102736,1009,1,131.99,0
102737,1015,1,96.99,0
102737,1066,1,171.99,0
102738,1071,1,9.99,0
102739,1015,1,96.99,0
102740,1051,1,53.99,0
102741,1081,1,74.99,0
102742,1022,1,88.99,0
102743,1081,1,74.99,0
102743,1043,1,127.99,0
102744,1045,1,506.99,0
102745,1080,1,134.99,0
102746,1023,2,135.99,0
102747,1046,1,142.99,0
102747,1034,1,68.99,0
102748,1003,1,22.99,0
102749,1075,1,50.99,0
102749,1088,1,20.99,0
102749,1071,1,9.99,0
102749,1020,1,54.99,0
102750,1085,1,115.99,0
102750,1088,1,20.99,0
102751,1033,1,85.99,0
102751,1039,1,483.99,0
102752,1072,2,141.99,0
102753,1016,1,180.99,0
102753,1077,2,25.99,0
102753,1078,1,85.99,0
102754,1016,1,180.99,0
102755,1014,1,36.99,0
102756,1027,1,90.99,0
102756,1078,1,85.99,0
102757,1065,1,164.99,0
102757,1015,1,96.99,0
102758,1004,1,75.99,0
102758,1079,1,61.99,0
102759,1010,1,96.99,0
102759,1068,1,49.99,0
102760,1053,1,37.99,0
102760,1002,1,138.99,0
102761,1023,1,135.99,0
102762,1086,1,97.99,0
102762,1084,1,112.99,0
102763,1067,1,34.99,0
102764,1078,1,85.99,0
102765,1015,1,96.99,0
102766,1027,1,90.99,0
102767,1053,2,37.99,0
102767,1033,2,85.99,0
102767,1022,1,88.99,0
102767,1028,1,77.99,0
102768,1087,1,45.99,0
102769,1005,1,79.99,0
102769,1048,1,139.99,0
102769,1007,2,71.99,0
102770,1005,1,79.99,0
102770,1001,1,61.99,0
102770,1007,1,71.99,0
102770,1019,1,77.99,0
102771,1078,4,85.99,0
102771,1080,1,134.99,0
102772,1015,3,96.99,0
102772,1004,1,75.99,0
102773,1058,2,93.99,0
102774,1074,4,19.99,0
102775,1076,1,138.99,0
102775,1044,1,529.99,0
102776,1073,1,69.99,0
102777,1087,2,45.99,0
102778,1019,1,77.99,0
102779,1041,1,553.99,0
102779,1055,1,200.99,0
102779,1027,2,90.99,0
102780,1036,1,58.99,0
102780,1052,1,208.99,0
102781,1006,1,16.99,0
102781,1002,1,138.99,0
102782,1080,2,134.99,0
102783,1086,1,97.99,0
102784,1022,1,88.99,0
102784,1032,1,81.99,0
102784,1046,1,142.99,0
102785,1087,1,45.99,0
102785,1083,1,19.99,0
102786,1071,1,9.99,0
102786,1018,1,212.99,0
102786,1012,1,109.99,0
102786,1041,1,553.99,0
102787,1032,1,81.99,0
102787,1060,1,134.99,0
102787,1019,1,77.99,0
102788,1025,3,166.99,50.1
102788,1010,1,96.99,9.7
102788,1056,1,239.99,24
102789,1061,1,45.99,0
102790,1073,3,69.99,0
102791,1040,1,476.99,0
102791,1027,1,90.99,0
102792,1031,1,38.99,0
102793,1025,2,166.99,0
102793,1029,1,30.99,0
102793,1013,1,124.99,0
102793,1005,1,79.99,0
102794,1077,1,25.99,0
102795,1014,1,36.99,0
102795,1076,2,138.99,0
102796,1073,1,69.99,0
102796,1006,1,16.99,0
102797,1034,1,68.99,0
102798,1008,1,43.99,0
102798,1082,1,104.99,0
102798,1052,2,208.99,0
102798,1005,1,79.99,0
102799,1004,1,75.99,0
102799,1009,1,131.99,0
102799,1025,1,166.99,0
102800,1017,1,86.99,0
102801,1024,1,59.99,0
102802,1037,1,28.99,0
102803,1052,1,208.99,0
102804,1046,1,142.99,0
102805,1042,1,773.99,0
102805,1018,1,212.99,0
102806,1074,1,19.99,0
102806,1011,1,34.99,0
102807,1072,1,141.99,0
102807,1055,1,200.99,0
102808,1070,3,122.99,0
102809,1003,1,22.99,0
102810,1020,1,54.99,0
102811,1029,1,30.99,0
102811,1017,2,86.99,0
102811,1033,2,85.99,0
102812,1040,1,476.99,0
102812,1053,2,37.99,0
102812,1014,1,36.99,0
102813,1078,2,85.99,0
102813,1063,1,245.99,0
102813,1028,1,77.99,0
102813,1081,1,74.99,0
102814,1072,1,141.99,0
102814,1084,1,112.99,0
102814,1002,3,138.99,0
102815,1083,1,19.99,0
102816,1015,1,96.99,0
102816,1073,1,69.99,0
102817,1032,1,81.99,0
102817,1006,1,16.99,0
102817,1088,1,20.99,0
102818,1026,1,161.99,0
102818,1058,1,93.99,0
102818,1054,1,229.99,0
102818,1050,1,146.99,0
102819,1013,1,124.99,0
102819,1058,2,93.99,0
102819,1032,1,81.99,0
102819,1088,1,20.99,0
102820,1013,1,124.99,0
102820,1020,1,54.99,0
102820,1054,2,229.99,0
102821,1032,1,81.99,0
102822,1087,1,45.99,0
102823,1053,1,37.99,0
102824,1083,1,19.99,0
102825,1079,1,61.99,0
102826,1060,2,134.99,0
102826,1044,1,529.99,0
102827,1004,1,75.99,0
102828,1086,1,97.99,0
102828,1082,1,104.99,0
102828,1031,1,38.99,0
102828,1072,2,141.99,0
102829,1036,1,58.99,0
102829,1007,1,71.99,0
102830,1050,1,146.99,0
102831,1025,1,166.99,0
102831,1071,3,9.99,0
102832,1019,1,77.99,0
102832,1009,1,131.99,0
102832,1051,1,53.99,0
102833,1011,1,34.99,0
102833,1030,1,7.99,0
102834,1003,1,22.99,0
102834,1055,1,200.99,0
102834,1031,1,38.99,0
102835,1011,1,34.99,0
102836,1035,2,51.99,0
102837,1022,1,88.99,0
102838,1054,1,229.99,0
102839,1070,1,122.99,0
102839,1073,1,69.99,0
102840,1054,1,229.99,0
102841,1063,2,245.99,0
102842,1018,1,212.99,0
102842,1087,1,45.99,0
102843,1026,2,161.99,0
102843,1069,1,26.99,0
102844,1040,1,476.99,0
102844,1087,1,45.99,0
102845,1034,1,68.99,0
102846,1013,1,124.99,12.5
102846,1084,1,112.99,11.3
102847,1089,2,53.99,0
102847,1090,1,17.99,0
102847,1086,2,97.99,0
102847,1037,2,28.99,0
102848,1083,1,19.99,0
102849,1050,1,146.99,0
102849,1032,1,81.99,0
102850,1011,1,34.99,0
102850,1089,3,53.99,0
102851,1008,1,43.99,0
102851,1079,1,61.99,0
102852,1074,1,19.99,0
102852,1017,1,86.99,0
102853,1032,1,81.99,0
102854,1021,2,123.99,0
102855,1009,1,131.99,0
102855,1069,1,26.99,0
102856,1043,1,127.99,0
102856,1010,1,96.99,0
102857,1079,2,61.99,0
102858,1074,1,,0
102858,1087,1,45.99,0
102859,1038,1,313.99,0
102859,1042,1,773.99,0
102859,1034,3,68.99,0
102859,1048,1,139.99,0
102860,1077,1,25.99,0
102861,1031,1,38.99,0
102862,1054,2,229.99,46
102863,1054,3,229.99,0
102863,1001,1,61.99,0
102864,1013,1,124.99,0
102865,1044,1,529.99,0
102866,1084,1,112.99,0
102866,1026,1,161.99,0
102867,1085,1,115.99,0
102867,1026,1,161.99,0
102868,1014,1,36.99,0
102868,1077,1,25.99,0
102869,1080,1,134.99,0
102869,1043,1,127.99,0
102869,1037,2,28.99,0
102870,1090,1,17.99,0
102871,1080,1,134.99,0
102871,1076,2,138.99,0
102872,1036,1,58.99,0
102873,1075,1,50.99,0
102873,1011,1,34.99,0
102874,1052,1,208.99,0
102875,1055,1,200.99,0
102876,1074,1,,0
102877,1090,1,17.99,0
102878,1025,1,166.99,0
102878,1010,1,96.99,0
102878,1062,1,152.99,0
102879,1047,1,194.99,0
102879,1053,1,37.99,0
102879,1084,1,112.99,0
102880,1014,1,36.99,0
102880,1016,2,180.99,0
102880,1030,1,7.99,0
102881,1035,1,51.99,5.2
102882,1070,2,122.99,0
102883,1010,1,96.99,0
102883,1087,2,45.99,0
102883,1083,4,19.99,0
102883,1014,1,36.99,0
102884,1010,1,96.99,0
102885,1024,1,59.99,0
102885,1057,1,205.99,0
102886,1018,1,212.99,0
102887,1008,1,43.99,0
102888,1054,1,229.99,0
102889,1036,1,58.99,0
102889,1024,1,59.99,0
102889,1084,1,112.99,0
102889,1086,1,97.99,0
102890,1080,1,134.99,0
102890,1071,2,9.99,0
102891,1007,1,71.99,0
102892,1079,1,61.99,0
102892,1001,1,61.99,0
102892,1074,1,19.99,0
102893,1070,2,122.99,0
102894,1083,4,19.99,0
102895,1020,3,54.99,0
102896,1062,1,152.99,0
102897,1089,2,53.99,0
102898,1050,1,146.99,0
102898,1043,1,127.99,0
102899,1022,1,88.99,0
102900,1018,1,212.99,0
102900,1012,1,109.99,0
102901,1081,1,74.99,0
102902,1071,1,9.99,1
102903,1039,1,,0
102903,1022,1,88.99,0
102903,1006,1,16.99,0
102904,1038,1,313.99,31.4
102904,1035,1,51.99,5.2
102905,1078,2,85.99,0
102906,1055,1,200.99,0
102907,1075,1,50.99,0
102908,1080,1,134.99,0
102909,1088,4,20.99,0
102910,1046,1,142.99,0
102910,1018,1,212.99,0
102910,1071,2,9.99,0
102910,1079,1,61.99,0
102911,1057,1,205.99,0
102911,1019,1,77.99,0
102911,1008,1,43.99,0
102912,1080,1,134.99,0
102912,1071,1,9.99,0
102913,1032,1,81.99,0
102914,1076,1,138.99,0
102914,1033,1,85.99,0
102915,1053,1,37.99,0
102915,1020,1,54.99,0
102916,1029,1,30.99,0
102916,1087,1,45.99,0
102917,1089,1,53.99,0
102918,1024,1,59.99,0
102918,1011,1,34.99,0
102918,1067,1,34.99,0
102919,1013,1,124.99,0
102919,1041,1,553.99,0
102920,1085,1,115.99,0
102921,1046,1,142.99,0
102922,1024,1,59.99,0
102923,1036,1,58.99,0
102924,1063,2,245.99,0
102925,1031,1,38.99,0
102925,1009,1,131.99,0
102926,1014,1,36.99,0
102927,1079,1,61.99,0
102927,1078,2,85.99,0
102928,1084,2,112.99,0
102928,1006,1,16.99,0
102929,1056,1,239.99,24
102929,1050,2,146.99,29.4
102930,1040,1,476.99,0
102930,1005,1,79.99,0
102931,1078,2,85.99,0
102931,1084,1,112.99,0
102931,1072,1,141.99,0
102931,1010,1,96.99,0
102932,1087,1,45.99,0
102932,1082,1,104.99,0
102932,1080,1,134.99,0
102933,1002,1,138.99,0
102933,1068,1,49.99,0
102933,1037,1,28.99,0
102934,1030,1,7.99,0
102935,1022,2,88.99,0
102935,1027,1,90.99,0
102936,1020,1,54.99,0
102937,1057,1,205.99,0
102937,1082,1,104.99,0
102938,1022,1,88.99,0
102938,1001,1,61.99,0
102938,1057,1,205.99,0
102939,1019,3,77.99,0
102940,1042,1,773.99,0
102941,1015,1,96.99,0
102941,1085,1,115.99,0
102942,1037,1,28.99,0
102942,1060,1,134.99,0
102942,1025,1,166.99,0
102942,1069,3,26.99,0
102943,1001,1,61.99,0
102944,1027,1,90.99,0
102945,1019,1,77.99,0
102946,1006,1,16.99,0
102946,1084,1,112.99,0
102946,1054,1,229.99,0
102947,1045,1,506.99,0
102947,1001,1,61.99,0
102947,1006,1,16.99,0
102948,1007,1,71.99,7.2
102948,1022,1,88.99,8.9
102948,1032,2,81.99,16.4
102949,1015,2,96.99,0
102950,1071,3,9.99,0
102951,1003,1,22.99,0
102952,1013,1,124.99,0
102952,1033,1,85.99,0
102953,1015,1,96.99,0
102954,1089,1,53.99,0
102954,1003,1,22.99,0
102955,1040,1,476.99,0
102956,1079,1,61.99,0
102956,1072,1,141.99,0
102956,1074,1,19.99,0
102957,1002,1,138.99,0
102958,1012,1,109.99,0
102958,1041,1,553.99,0
102958,1045,1,506.99,0
102958,1055,2,200.99,0
102959,1033,1,85.99,0
102959,1062,1,152.99,0
102959,1054,2,229.99,0
102960,1056,3,239.99,0
102961,1007,1,71.99,0
102962,1070,1,122.99,0
102963,1081,1,74.99,0
102963,1033,1,85.99,0
102963,1031,1,38.99,0
102964,1057,1,205.99,0
102965,1050,1,146.99,0
102965,1072,1,141.99,0
102965,1017,1,86.99,0
102966,1075,1,50.99,0
102966,1023,1,135.99,0
102966,1024,1,59.99,0
102967,1018,2,212.99,0
102967,1071,2,9.99,0
102967,1035,1,51.99,0
102968,1011,1,34.99,0
102969,1069,3,26.99,0
102970,1052,2,208.99,0
102971,1090,1,17.99,0
102971,1015,3,96.99,0
102971,1073,2,69.99,0
102972,1077,1,25.99,0
102973,1035,1,51.99,0
102973,1024,2,59.99,0
102974,1052,1,208.99,0
102974,1087,1,45.99,0
102974,1046,1,142.99,0
102975,1042,1,773.99,0
102976,1040,1,476.99,47.7
102976,1024,1,59.99,6
102976,1033,1,85.99,8.6
102977,1003,1,22.99,0
102978,1005,1,79.99,0
102979,1084,1,112.99,0
102979,1030,2,7.99,0
102980,1052,2,208.99,0
102981,1008,2,43.99,0
102982,1050,2,146.99,0
102982,1041,1,553.99,0
102982,1005,1,79.99,0
102982,1039,1,483.99,0
102983,1045,1,506.99,0
102984,1046,1,142.99,0
102984,1071,1,9.99,0
102985,1060,1,134.99,0
102986,1013,2,124.99,0
102986,1032,2,81.99,0
102986,1046,1,142.99,0
102987,1077,1,25.99,0
102988,1032,1,81.99,8.2
102988,1089,1,53.99,5.4
102988,1053,1,37.99,3.8
102989,1070,1,122.99,0
102989,1082,1,104.99,0
102989,1014,2,36.99,0
102990,1047,1,194.99,0
102990,1066,2,171.99,0
102991,1078,1,85.99,0
102992,1010,1,96.99,0
102992,1050,2,146.99,0
102993,1090,1,17.99,0
102994,1023,2,135.99,0
102995,1077,2,25.99,0
102996,1031,1,38.99,0
102997,1015,1,96.99,0
102998,1051,2,53.99,0
102999,1014,2,36.99,0
103000,1085,1,115.99,0
103000,1024,1,59.99,0
103001,1075,1,50.99,0
103002,1014,2,36.99,0
103003,1070,1,122.99,12.3
103004,1032,2,81.99,0
103005,1008,4,43.99,0
103006,1032,1,81.99,0
103007,1012,1,109.99,0
103008,1070,1,122.99,0
103008,1073,1,69.99,0
103009,1052,1,208.99,20.9
103010,1087,1,45.99,0
103011,1054,1,,0
103011,1019,1,77.99,0
103011,1050,1,146.99,0
103011,1052,1,208.99,0
103012,1010,1,96.99,0
103013,1077,2,25.99,0
103013,1072,1,141.99,0
103014,1002,1,138.99,0
103015,1022,1,88.99,0
103015,1074,1,19.99,0
103015,1014,1,36.99,0
103016,1012,2,109.99,0
103017,1021,1,123.99,0
103018,1070,2,122.99,0
103019,1084,1,112.99,0
103019,1060,1,134.99,0
103020,1068,2,49.99,0
103021,1078,1,85.99,0
103022,1036,1,58.99,0
103023,1026,1,161.99,0
103023,1030,1,7.99,0
103024,1058,1,93.99,0
103024,1088,1,20.99,0
103025,1035,1,51.99,0
103026,1089,2,53.99,0
103026,1074,2,19.99,0
103027,1082,3,104.99,0
103027,1011,1,34.99,0
103028,1088,1,20.99,0
103028,1025,2,166.99,0
103028,1005,1,79.99,0
103029,1061,1,45.99,0
103030,1050,1,146.99,0
103031,1086,1,97.99,0
103031,1009,1,131.99,0
103032,1081,1,74.99,0
103033,1031,1,38.99,0
103034,1010,1,,0
103035,1072,2,141.99,0
103035,1070,1,122.99,0
103036,1072,1,141.99,0
103036,1020,1,54.99,0
103037,1040,1,476.99,0
103038,1081,2,74.99,0
103038,1080,1,134.99,0
103039,1020,1,54.99,0
103040,1015,2,96.99,0
103041,1031,1,38.99,0
103042,1034,1,68.99,0
103043,1063,1,245.99,0
103044,1008,4,43.99,0
103045,1072,1,141.99,0
103046,1028,1,77.99,0
103047,1029,1,30.99,0
103047,1024,1,59.99,0
103047,1055,1,200.99,0
103047,1020,1,54.99,0
103048,1043,1,127.99,12.8
103048,1034,1,68.99,6.9
103049,1088,1,20.99,0
103049,1008,1,43.99,0
103049,1055,1,200.99,0
103049,1028,1,77.99,0
103050,1061,1,45.99,0
103051,1055,1,200.99,0
103052,1024,2,59.99,12
103053,1013,1,124.99,0
103053,1025,1,166.99,0
103053,1028,1,77.99,0
103053,1017,1,86.99,0
103054,1051,1,53.99,0
103055,1011,1,34.99,0
103055,1027,1,90.99,0
103056,1026,1,161.99,0
103057,1001,1,61.99,0
103057,1002,1,138.99,0
103058,1063,1,245.99,0
103058,1049,1,126.99,0
103058,1043,1,127.99,0
103059,1012,2,109.99,0
103059,1080,1,134.99,0
103060,1029,1,30.99,0
103061,1011,1,34.99,0
103061,1084,2,112.99,0
103062,1027,1,90.99,0
103062,1002,3,138.99,0
103063,1090,1,17.99,0
103063,1068,1,49.99,0
103064,1077,1,25.99,0
103064,1080,1,134.99,0
103065,1087,1,45.99,0
103066,1038,1,,0
103067,1075,1,50.99,0
103067,1014,1,36.99,0
103068,1081,1,74.99,0
103069,1075,2,50.99,10.2
103069,1007,1,71.99,7.2
103070,1007,1,71.99,0
103071,1085,2,115.99,23.2
103072,1078,1,85.99,0
103072,1043,1,127.99,0
103072,1057,1,205.99,0
103073,1056,1,239.99,0
103074,1080,1,134.99,0
103074,1090,1,17.99,0
103075,1076,1,138.99,0
103076,1086,1,97.99,0
103077,1016,1,180.99,0
103078,1045,1,506.99,0
103079,1084,1,112.99,0
103079,1017,1,86.99,0
103080,1080,1,134.99,0
103081,1076,2,138.99,27.8
103082,1035,2,51.99,0
103082,1014,1,36.99,0
103083,1053,2,37.99,0
103083,1090,1,17.99,0
103083,1083,2,19.99,0
103084,1079,1,61.99,0
103085,1020,1,54.99,0
103086,1080,1,134.99,0
103086,1048,1,139.99,0
103087,1071,1,9.99,0
103088,1051,2,53.99,0
103089,1023,1,135.99,0
103090,1088,1,20.99,0
103091,1077,1,25.99,0
103091,1084,1,112.99,0
103091,1023,1,135.99,0
103092,1088,1,20.99,0
103092,1079,1,61.99,0
103093,1086,1,,0
103094,1083,1,19.99,0
103095,1021,1,123.99,0
103095,1049,1,126.99,0
103095,1011,1,34.99,0
103096,1073,1,69.99,0
103097,1010,2,96.99,0
103098,1055,1,200.99,0
103099,1014,1,36.99,0
103100,1037,1,28.99,0
103100,1012,2,109.99,0
103100,1083,1,19.99,0
103101,1018,1,212.99,0
103102,1012,1,,0
103103,1058,1,93.99,0
103104,1059,1,467.99,0
103104,1052,1,208.99,0
103105,1027,1,90.99,0
103106,1047,1,194.99,0
103106,1015,1,96.99,0
103107,1072,1,141.99,0
103108,1001,1,61.99,6.2
103108,1025,1,166.99,16.7
103108,1037,3,28.99,8.7
103108,1051,1,53.99,5.4
103109,1024,2,59.99,0
103109,1007,1,71.99,0
103109,1044,1,529.99,0
103110,1090,1,17.99,0
103110,1024,1,59.99,0
103110,1049,1,126.99,0
103111,1007,1,71.99,0
103111,1029,1,30.99,0
103111,1087,2,45.99,0
103111,1089,2,53.99,0
103112,1084,1,112.99,0
103113,1015,1,96.99,0
103114,1066,1,171.99,0
103115,1021,2,123.99,0
103116,1083,1,19.99,0
103117,1006,1,16.99,0
103118,1089,1,53.99,0
103118,1017,1,86.99,0
103119,1010,1,96.99,0
103120,1003,1,22.99,0
103121,1024,1,59.99,0
103122,1010,2,96.99,0
103122,1084,1,112.99,0
103122,1075,1,50.99,0
103123,1049,1,126.99,0
103124,1074,1,19.99,0
103124,1047,1,194.99,0
103125,1027,1,90.99,0
103125,1075,1,50.99,0
103126,1031,1,38.99,0
103127,1011,1,34.99,0
103128,1034,2,68.99,0
103129,1009,1,131.99,0
103129,1074,1,19.99,0
103129,1073,1,69.99,0
103130,1029,1,30.99,0
103130,1010,3,96.99,0
103131,1024,1,59.99,0
103132,1034,1,68.99,0
103133,1065,1,164.99,0
103133,1077,1,25.99,0
103134,1005,1,79.99,0
103135,1047,1,194.99,0
103135,1009,1,131.99,0
103136,1025,1,166.99,0
103137,1044,1,529.99,0
103137,1022,2,88.99,0
103138,1066,1,171.99,0
103138,1084,1,112.99,0
103138,1032,1,81.99,0
103139,1012,1,109.99,0
103139,1083,1,19.99,0
103139,1087,1,45.99,0
103139,1066,1,171.99,0
103140,1053,1,37.99,0
103141,1005,1,79.99,0
103141,1085,1,115.99,0
103142,1020,2,54.99,0
103143,1030,1,7.99,0
103143,1053,1,37.99,0
103144,1013,2,124.99,0
103145,1035,1,51.99,0
103145,1034,1,68.99,0
103146,1078,1,85.99,8.6
103147,1004,1,75.99,0
103147,1077,1,25.99,0
103147,1005,2,79.99,0
103148,1026,2,161.99,0
103149,1072,1,141.99,0
103149,1058,1,93.99,0
103150,1088,1,20.99,0
103150,1081,1,74.99,0
103150,1085,1,115.99,0
103151,1077,1,25.99,0
103151,1015,1,96.99,0
103151,1014,1,36.99,0
103152,1009,1,131.99,0
103153,1017,1,86.99,0
103153,1021,1,123.99,0
103154,1007,1,71.99,0
103155,1077,1,25.99,0
103155,1035,1,51.99,0
103155,1052,1,208.99,0
103155,1082,1,104.99,0
103156,1019,1,77.99,0
103156,1047,1,194.99,0
103157,1073,1,69.99,0
103157,1011,1,34.99,0
103158,1073,1,69.99,0
103159,1079,1,61.99,0
103159,1030,1,7.99,0
103160,1032,1,81.99,0
103160,1035,2,51.99,0
103160,1017,1,86.99,0
103161,1063,1,245.99,0
103162,1009,1,131.99,0
103163,1080,1,134.99,0
103163,1033,2,85.99,0
103164,1018,1,212.99,0
103165,1029,1,30.99,0
103166,1077,1,25.99,0
103167,1053,1,37.99,3.8
103167,1073,1,69.99,7
103168,1055,1,200.99,0
103168,1078,1,85.99,0
103168,1036,1,58.99,0
103168,1090,1,17.99,0
103169,1034,1,68.99,0
103169,1007,1,71.99,0
103170,1072,1,141.99,0
103171,1076,1,138.99,13.9
103172,1070,1,122.99,0
103172,1003,1,22.99,0
103173,1057,1,205.99,20.6
103174,1042,1,,0
103175,1027,1,90.99,18.2
103175,1010,2,96.99,38.8
103176,1073,1,69.99,14
103176,1036,1,58.99,11.8
103176,1086,1,97.99,19.6
103176,1087,1,45.99,9.2
103177,1074,1,19.99,0
103178,1017,2,86.99,0
103179,1048,1,139.99,14
103180,1016,1,180.99,0
103180,1073,1,69.99,0
103181,1016,1,180.99,0
103181,1001,4,61.99,0
103182,1011,1,34.99,0
103183,1033,1,85.99,0
103184,1003,1,22.99,4.6
103184,1002,1,138.99,27.8
103184,1047,1,194.99,39
103184,1073,1,69.99,14
103185,1077,1,25.99,5.2
103185,1045,1,506.99,101.4
103185,1018,2,212.99,85.2
103185,1024,1,59.99,12
103186,1075,1,50.99,10.2
103186,1079,1,61.99,12.4
103187,1047,1,194.99,39
103187,1005,1,79.99,16
103188,1073,1,69.99,14
103189,1036,1,58.99,0
103189,1081,1,74.99,0
103190,1011,1,34.99,0
103191,1082,1,104.99,21
103191,1048,1,139.99,28
103192,1058,3,93.99,56.39
103193,1011,1,34.99,7
103194,1082,2,104.99,0
103194,1020,1,54.99,0
103194,1072,1,141.99,0
103195,1085,1,115.99,0
103196,1051,3,53.99,0
103197,1070,1,122.99,0
103197,1079,1,61.99,0
103198,1075,3,50.99,30.59
103199,1012,1,109.99,0
103199,1057,1,205.99,0
103200,1090,1,17.99,0
103200,1053,3,,0
103201,1074,1,19.99,0
103202,1031,1,38.99,0
103203,1088,1,20.99,4.2
103204,1075,1,50.99,0
103204,1073,1,69.99,0
103205,1041,1,553.99,0
103205,1088,1,20.99,0
103206,1086,1,97.99,0
103206,1078,1,85.99,0
103207,1004,3,75.99,0
103207,1025,1,166.99,0
103208,1032,1,81.99,0
103208,1028,1,77.99,0
103209,1022,1,88.99,8.9
103210,1061,1,45.99,0
103211,1033,1,85.99,17.2
103211,1003,1,22.99,4.6
103211,1075,2,50.99,20.4
103211,1009,1,131.99,26.4
103212,1067,1,34.99,7
103213,1036,1,58.99,0
103213,1084,1,112.99,0
103214,1088,2,20.99,0
103215,1079,1,61.99,0
103216,1012,1,109.99,22
103216,1014,1,36.99,7.4
103216,1020,1,54.99,11
103216,1043,1,127.99,25.6
103217,1044,1,529.99,0
103217,1005,1,79.99,0
103218,1070,3,122.99,73.79
103218,1075,1,50.99,10.2
103218,1012,1,109.99,22
103219,1075,1,50.99,0
103220,1076,4,138.99,0
103221,1076,1,138.99,0
103221,1006,1,,0
103221,1012,1,109.99,0
103221,1008,1,43.99,0
103222,1070,1,122.99,24.6
103222,1003,1,22.99,4.6
103223,1009,1,131.99,0
103223,1010,1,96.99,0
103224,1032,2,81.99,0
103224,1075,1,50.99,0
103225,1071,1,9.99,0
103226,1026,3,161.99,97.19
103227,1048,1,139.99,28
103227,1052,2,208.99,83.6
103228,1003,1,22.99,4.6
103229,1014,1,36.99,7.4
103230,1019,3,77.99,46.79
103230,1024,1,59.99,12
103230,1087,1,45.99,9.2
103230,1031,1,38.99,7.8
103231,1023,1,135.99,27.2
103232,1027,1,90.99,18.2
103233,1076,1,138.99,27.8
103233,1082,1,104.99,21
103234,1055,1,200.99,0
103235,1064,1,153.99,30.8
103236,1037,1,28.99,0
103237,1076,1,138.99,0
103237,1020,1,54.99,0
103238,1036,1,58.99,0
103238,1039,1,483.99,0
103239,1070,1,122.99,0
103240,1085,1,115.99,23.2
103240,1032,1,81.99,16.4
103241,1018,2,212.99,0
103242,1080,1,134.99,0
103243,1003,1,22.99,0
103243,1070,1,122.99,0
103244,1082,1,104.99,0
103244,1077,1,25.99,0
103244,1078,1,85.99,0
103245,1012,1,109.99,0
103245,1070,1,122.99,0
103246,1062,1,152.99,30.6
103246,1071,1,9.99,2
103246,1084,1,112.99,22.6
103247,1070,2,122.99,0
103248,1090,2,17.99,7.2
103249,1084,1,112.99,0
103250,1003,2,22.99,0
103250,1088,1,20.99,0
103251,1070,2,122.99,0
103252,1072,1,141.99,28.4
103253,1015,2,96.99,0
103254,1082,1,104.99,10.5
103254,1021,1,123.99,12.4
103255,1039,1,483.99,0
103256,1082,1,104.99,0
103257,1076,1,138.99,27.8
103257,1058,1,93.99,18.8
103258,1078,1,85.99,0
103259,1090,1,17.99,0
103260,1046,1,142.99,0
103260,1064,1,153.99,0
103261,1081,1,74.99,15
103262,1011,1,34.99,0
103263,1071,1,9.99,0
103264,1090,1,17.99,3.6
103264,1055,1,200.99,40.2
103265,1057,3,205.99,0
103266,1029,1,30.99,6.2
103267,1030,1,7.99,0
103268,1076,2,138.99,0
103269,1015,2,96.99,38.8
103270,1025,1,166.99,0
103270,1003,1,22.99,0
103271,1074,1,19.99,0
103271,1003,1,22.99,0
103272,1022,1,88.99,0
103272,1013,1,124.99,0
103272,1058,3,93.99,0
103272,1028,1,77.99,0
103273,1077,1,25.99,5.2
103274,1047,1,194.99,0
103275,1073,1,69.99,0
103276,1083,1,19.99,0
103277,1076,1,138.99,0
103278,1056,1,239.99,48
103278,1085,1,115.99,23.2
103278,1013,1,124.99,25
103278,1001,2,61.99,24.8
103279,1076,2,138.99,55.6
103280,1002,1,138.99,27.8
103280,1027,1,90.99,18.2
103281,1085,1,115.99,23.2
103282,1012,2,109.99,44
103283,1036,2,58.99,0
103284,1079,2,61.99,0
103284,1089,1,53.99,0
103284,1074,1,19.99,0
103284,1032,1,81.99,0
103285,1031,1,38.99,0
103285,1010,2,96.99,0
103285,1035,1,51.99,0
103286,1082,1,104.99,21
103287,1029,1,30.99,0
103288,1021,1,123.99,0
103288,1085,1,115.99,0
103289,1071,1,9.99,0
103289,1044,1,529.99,0
103290,1080,1,134.99,27
103290,1029,1,30.99,6.2
103290,1034,1,68.99,13.8
103290,1075,1,50.99,10.2
103291,1013,1,124.99,0
103291,1014,1,36.99,0
103292,1048,1,139.99,28
103292,1029,1,30.99,6.2
103292,1063,1,245.99,49.2
103293,1072,1,141.99,28.4
103294,1083,1,19.99,4
103294,1042,1,773.99,154.8
103295,1008,1,43.99,0
103295,1005,1,79.99,0
103295,1017,1,86.99,0
103296,1007,1,71.99,0
103296,1013,1,124.99,0
103297,1009,1,131.99,26.4
103297,1081,1,74.99,15
103298,1002,1,138.99,27.8
103298,1066,1,171.99,34.4
103299,1077,4,25.99,20.79
103299,1081,2,74.99,30
103299,1072,1,141.99,28.4
103299,1017,1,86.99,17.4
103300,1081,1,74.99,0
103301,1004,1,75.99,0
103301,1078,1,85.99,0
103302,1078,1,85.99,0
103302,1026,1,161.99,0
103302,1028,1,77.99,0
103302,1088,2,20.99,0
103303,1023,2,135.99,0
103304,1058,3,93.99,0
103305,1005,1,79.99,0
103305,1007,1,71.99,0
103306,1041,1,553.99,110.8
103307,1082,1,104.99,0
103307,1090,1,17.99,0
103308,1075,1,50.99,10.2
103309,1017,2,86.99,0
103310,1003,1,22.99,2.3
103311,1073,2,69.99,28
103311,1037,1,28.99,5.8
103312,1038,1,313.99,31.4
103312,1072,1,141.99,14.2
103313,1078,1,85.99,17.2
103313,1069,1,26.99,5.4
103313,1079,1,61.99,12.4
103314,1080,1,134.99,0
103315,1002,1,138.99,27.8
103316,1072,2,141.99,0
103317,1085,1,,0
103317,1032,1,,0
103318,1033,2,85.99,0
103319,1078,1,85.99,0
103319,1001,1,61.99,0
103319,1022,1,88.99,0
103320,1010,2,96.99,0
103321,1072,1,141.99,28.4
103322,1073,1,69.99,0
103323,1090,2,17.99,0
103324,1037,1,28.99,0
103324,1007,1,71.99,0
103324,1036,2,58.99,0
103324,1090,2,17.99,0
103325,1028,1,77.99,15.6
103326,1032,1,81.99,0
103327,1087,1,45.99,0
103328,1015,4,96.99,0
103328,1072,1,141.99,0
103328,1029,1,30.99,0
103329,1078,2,85.99,0
103329,1074,1,19.99,0
103330,1075,1,50.99,0
103330,1074,2,19.99,0
103331,1010,1,96.99,0
103332,1036,1,58.99,11.8
103332,1006,1,16.99,3.4
103333,1038,1,313.99,0
103334,1070,1,122.99,12.3
103334,1036,2,58.99,11.8
103334,1073,1,69.99,7
103334,1078,1,85.99,8.6
103335,1075,1,50.99,0
103336,1028,1,77.99,0
103337,1072,1,141.99,0
103337,1084,2,112.99,0
103337,1009,1,131.99,0
103338,1055,1,200.99,0
103338,1028,1,77.99,0
103339,1065,1,164.99,0
103340,1079,1,61.99,0
103341,1073,1,69.99,0
103341,1014,2,36.99,0
103342,1048,1,139.99,0
103342,1009,1,131.99,0
103342,1007,1,71.99,0
103343,1090,2,17.99,7.2
103344,1002,2,138.99,0
103345,1015,1,96.99,0
103346,1050,1,146.99,29.4
103347,1025,1,166.99,16.7
103348,1019,2,77.99,0
103349,1004,1,75.99,0
103350,1004,1,75.99,0
103350,1089,1,53.99,0
103351,1024,1,59.99,0
103352,1002,1,138.99,27.8
103353,1027,2,90.99,0
103354,1079,4,61.99,49.59
103354,1056,1,239.99,48
103354,1083,1,19.99,4
103355,1079,1,61.99,12.4
103356,1056,1,239.99,0
103357,1072,1,141.99,0
103358,1031,1,38.99,0
103358,1082,1,104.99,0
103359,1002,2,138.99,0
103359,1080,2,134.99,0
103359,1071,1,9.99,0
103360,1082,1,104.99,10.5
103361,1052,1,,20.9
103361,1071,1,9.99,1
103361,1011,2,34.99,7
103361,1080,1,134.99,13.5
103362,1024,1,59.99,0
103363,1089,1,53.99,10.8
103364,1087,1,45.99,0
103364,1006,1,16.99,0
103364,1050,1,146.99,0
103364,1088,1,20.99,0
103365,1070,1,122.99,24.6
103365,1006,3,16.99,10.19
103366,1080,1,134.99,27
103366,1014,1,36.99,7.4
103367,1077,1,25.99,5.2
103367,1073,1,69.99,14
103368,1075,1,,10.2
103369,1020,1,54.99,0
103370,1033,3,85.99,51.59
103370,1088,1,20.99,4.2
103371,1011,1,34.99,0
103371,1013,1,124.99,0
103371,1061,1,45.99,0
103372,1076,1,138.99,27.8
103373,1045,1,506.99,0
103373,1036,1,58.99,0
103373,1074,1,19.99,0
103374,1002,2,138.99,55.6
103374,1010,1,96.99,19.4
103375,1032,1,81.99,0
103376,1006,2,16.99,0
103376,1018,1,212.99,0
103376,1071,1,9.99,0
103377,1030,1,7.99,0
103378,1073,3,69.99,41.99
103379,1051,1,53.99,0
103380,1070,1,122.99,0
103380,1018,1,212.99,0
103381,1071,1,9.99,0
103382,1067,1,34.99,0
103382,1028,1,77.99,0
103382,1002,1,138.99,0
103383,1078,1,85.99,17.2
103384,1048,1,139.99,28
103384,1056,2,239.99,96
103385,1078,2,85.99,34.4
103385,1073,1,69.99,14
103386,1086,1,97.99,19.6
103386,1036,1,58.99,11.8
103386,1024,1,59.99,12
103386,1074,1,19.99,4
103387,1022,1,88.99,0
103387,1071,2,9.99,0
103388,1004,1,75.99,0
103388,1030,1,7.99,0
103389,1088,1,20.99,0
103390,1050,3,146.99,0
103390,1037,1,28.99,0
103390,1074,2,19.99,0
103391,1062,1,152.99,0
103392,1011,1,34.99,0
103393,1010,2,96.99,0
103394,1056,1,239.99,0
103395,1073,1,69.99,0
103395,1074,1,19.99,0
103396,1075,1,50.99,0
103396,1037,1,28.99,0
103397,1080,1,134.99,0
103398,1032,1,81.99,16.4
103399,1081,1,74.99,0
103400,1008,1,43.99,0
103400,1083,1,19.99,0
103401,1026,1,161.99,0
103401,1032,1,81.99,0
103401,1043,1,127.99,0
103402,1013,1,124.99,25
103403,1079,1,61.99,0
103404,1073,2,69.99,28
103405,1013,1,124.99,0
103405,1089,1,53.99,0
103405,1071,1,9.99,0
103405,1081,1,74.99,0
103406,1024,2,59.99,0
103406,1071,1,9.99,0
103407,1074,1,19.99,0
103407,1086,1,97.99,0
103407,1073,4,69.99,0
103408,1070,3,122.99,0
103408,1030,1,7.99,0
103409,1080,1,134.99,27
103409,1082,1,104.99,21
103410,1030,1,7.99,1.6
103411,1019,1,77.99,0
103411,1005,1,79.99,0
103411,1085,1,115.99,0
103412,1080,3,134.99,80.99
103413,1012,2,109.99,0
103413,1080,2,134.99,0
103414,1024,1,59.99,12
103414,1087,2,45.99,18.4
103415,1013,3,124.99,0
103416,1002,1,138.99,0
103417,1037,2,28.99,11.6
103418,1026,1,161.99,32.4
103418,1002,1,138.99,27.8
103419,1031,1,38.99,0
103419,1077,2,25.99,0
103420,1029,1,30.99,0
103421,1024,1,59.99,0
103421,1083,1,19.99,0
103422,1028,1,77.99,0
103423,1001,1,61.99,0
103424,1052,1,208.99,0
103424,1032,1,81.99,0
103425,1073,1,69.99,0
103426,1026,1,161.99,0
103427,1012,1,109.99,22
103427,1080,1,134.99,27
103427,1089,1,53.99,10.8
103428,1089,1,53.99,0
103428,1031,1,38.99,0
103428,1051,1,53.99,0
103429,1044,1,529.99,0
103429,1026,1,161.99,0
103429,1014,1,36.99,0
103430,1031,1,38.99,0
103431,1037,1,28.99,5.8
103431,1002,2,138.99,55.6
103432,1056,2,239.99,0
103432,1078,2,85.99,0
103433,1026,1,161.99,0
103434,1003,1,22.99,4.6
103434,1066,2,171.99,68.8
103434,1079,2,61.99,24.8
103434,1005,2,79.99,32
103435,1074,1,19.99,0
103436,1086,3,97.99,0
103436,1004,1,75.99,0
103437,1072,1,141.99,0
103437,1002,1,138.99,0
103437,1071,1,9.99,0
103438,1028,1,77.99,0
103438,1085,2,115.99,0
103439,1042,1,773.99,0
103440,1045,1,506.99,101.4
103441,1019,1,77.99,0
103442,1082,1,104.99,21
103443,1030,1,7.99,1.6
103443,1072,1,141.99,28.4
103443,1087,1,45.99,9.2
103444,1040,1,476.99,0
103444,1030,1,7.99,0
103445,1005,1,79.99,16
103446,1077,2,,0
103447,1078,1,85.99,0
103447,1055,1,200.99,0
103448,1019,1,77.99,0
103449,1015,1,96.99,19.4
103449,1014,1,36.99,7.4
103450,1028,1,77.99,15.6
103451,1072,1,141.99,0
103452,1071,3,9.99,0
103453,1086,1,97.99,0
103454,1076,2,138.99,55.6
103455,1018,1,212.99,0
103455,1033,1,85.99,0
103456,1081,1,74.99,0
103457,1012,1,109.99,0
103458,1085,1,115.99,23.2
103459,1034,2,68.99,0
103459,1088,1,20.99,0
103460,1073,2,69.99,28
103461,1087,1,45.99,9.2
103462,1078,2,85.99,0
103463,1058,2,93.99,37.6
103464,1013,1,124.99,12.5
103464,1057,1,205.99,20.6
103465,1023,1,135.99,0
103465,1077,2,25.99,0
103465,1068,2,49.99,0
103466,1025,1,166.99,0
103467,1071,1,9.99,2
103467,1048,1,139.99,28
103467,1027,1,90.99,18.2
103468,1070,1,122.99,24.6
103468,1023,1,135.99,27.2
103469,1072,1,141.99,0
103470,1072,1,141.99,0
103470,1088,1,20.99,0
103471,1081,1,74.99,0
103471,1010,1,96.99,0
103471,1033,1,85.99,0
103472,1007,1,71.99,14.4
103473,1021,1,123.99,0
103474,1010,2,96.99,0
103475,1024,1,59.99,12
103476,1074,3,19.99,11.99
103476,1004,1,75.99,15.2
103476,1005,1,79.99,16
103477,1004,1,75.99,0
103477,1036,1,58.99,0
103478,1013,1,124.99,0
103478,1030,1,7.99,0
103478,1074,1,19.99,0
103479,1004,2,75.99,0
103479,1009,1,131.99,0
103479,1030,1,7.99,0
103480,1020,1,54.99,0
103480,1019,1,77.99,0
103481,1090,1,17.99,3.6
103482,1006,1,16.99,1.7
103483,1001,3,61.99,37.19
103483,1073,4,69.99,55.99
103484,1007,1,71.99,0
103485,1023,2,135.99,54.4
103486,1083,2,19.99,4
103486,1085,1,115.99,11.6
103487,1037,1,28.99,0
103487,1019,1,77.99,0
103487,1015,1,96.99,0
103487,1036,2,58.99,0
103488,1008,1,43.99,8.8
103489,1086,1,97.99,0
103490,1083,1,19.99,0
103491,1072,1,141.99,0
103491,1036,2,58.99,0
103492,1014,1,36.99,7.4
103493,1025,1,166.99,0
103494,1024,1,59.99,0
103495,1043,1,127.99,0
103496,1057,1,205.99,41.2
103496,1079,1,,12.4
103497,1036,1,58.99,0
103498,1029,1,30.99,6.2
103499,1083,1,19.99,0
103500,1022,1,88.99,0
103500,1016,1,180.99,0
103501,1010,1,96.99,0
103502,1088,1,20.99,4.2
103503,1083,1,19.99,4
103504,1027,1,90.99,0
103505,1083,1,19.99,0
103506,1072,1,141.99,0
103506,1029,1,30.99,0
103507,1038,1,313.99,0
103508,1010,1,96.99,0
103508,1074,1,19.99,0
103508,1076,1,138.99,0
103509,1005,1,79.99,0
103509,1032,1,81.99,0
103510,1009,1,131.99,0
103510,1071,1,9.99,0
103511,1078,2,85.99,0
103512,1072,1,141.99,0
103512,1078,2,85.99,0
103512,1086,1,97.99,0
103513,1069,2,26.99,0
103514,1037,1,28.99,5.8
103514,1066,1,171.99,34.4
103515,1078,1,85.99,0
103516,1071,1,9.99,0
103517,1082,1,104.99,0
103518,1072,1,141.99,0
103518,1088,1,20.99,0
103518,1005,2,79.99,0
103518,1001,1,61.99,0
103519,1025,1,166.99,33.4
103519,1006,1,16.99,3.4
103519,1017,1,86.99,17.4
103519,1056,1,239.99,48
103520,1069,1,26.99,0
103521,1030,1,7.99,1.6
103521,1055,1,200.99,40.2
103522,1047,1,194.99,0
103523,1041,1,553.99,0
103523,1079,1,61.99,0
103523,1013,1,124.99,0
103524,1028,2,77.99,0
103524,1036,1,58.99,0
103525,1054,1,229.99,0
103525,1015,2,96.99,0
103526,1009,1,131.99,0
103527,1075,1,50.99,0
103528,1008,1,43.99,0
103529,1040,1,476.99,0
103530,1085,2,115.99,0
103530,1090,1,17.99,0
103531,1073,2,69.99,0
103531,1009,1,131.99,0
103531,1089,1,53.99,0
103532,1016,1,180.99,0
103532,1090,1,17.99,0
103533,1054,1,229.99,23
103533,1021,1,123.99,12.4
103534,1077,1,25.99,0
103535,1052,1,208.99,41.8
103536,1058,1,93.99,0
103536,1051,1,53.99,0
103537,1087,1,45.99,9.2
103538,1004,1,75.99,15.2
103539,1078,1,85.99,0
103540,1028,1,77.99,0
103540,1068,2,49.99,0
103541,1055,3,200.99,120.59
103541,1025,4,166.99,133.59
103542,1013,1,124.99,25
103542,1085,1,115.99,23.2
103543,1076,1,138.99,0
103543,1065,1,164.99,0
103544,1072,1,141.99,0
103545,1030,1,7.99,0
103545,1087,1,45.99,0
103546,1031,1,38.99,0
103547,1054,1,229.99,0
103547,1031,4,38.99,0
103547,1026,2,161.99,0
103548,1031,1,38.99,0
103549,1021,1,123.99,0
103549,1078,2,85.99,0
103549,1049,1,126.99,0
103549,1058,1,93.99,0
103550,1078,1,85.99,17.2
103551,1071,1,9.99,0
103551,1081,1,74.99,0
103552,1046,1,142.99,0
103553,1035,1,51.99,0
103554,1028,1,77.99,15.6
103555,1085,1,115.99,0
103555,1039,1,483.99,0
103555,1026,1,161.99,0
103556,1072,1,141.99,0
103557,1002,1,138.99,27.8
103558,1016,3,180.99,0
103559,1081,1,74.99,15
103559,1006,1,16.99,3.4
103559,1052,1,208.99,41.8
103560,1022,2,88.99,0
103560,1008,3,43.99,0
103561,1055,3,200.99,0
103561,1002,1,138.99,0
103562,1027,1,90.99,18.2
103562,1087,1,45.99,9.2
103563,1001,1,61.99,0
103563,1077,1,25.99,0
103563,1002,1,138.99,0
103564,1047,1,194.99,0
103565,1080,1,134.99,0
103565,1012,1,109.99,0
103566,1037,3,28.99,8.7
103567,1014,1,36.99,7.4
103568,1076,1,138.99,27.8
103568,1016,1,180.99,36.2
103568,1007,1,71.99,14.4
103569,1081,2,74.99,30
103569,1072,2,141.99,56.8
103570,1055,1,200.99,0
103570,1025,1,166.99,0
103571,1011,1,34.99,0
103571,1073,1,69.99,0
103572,1008,1,43.99,8.8
103573,1075,1,50.99,5.1
103574,1005,1,79.99,0
103575,1088,1,20.99,0
103575,1002,1,138.99,0
103575,1050,1,146.99,0
103576,1090,2,17.99,7.2
103577,1072,1,141.99,0
103577,1002,1,138.99,0
103577,1057,2,205.99,0
103577,1053,1,37.99,0
103578,1078,4,85.99,68.79
103578,1082,1,104.99,21
103578,1030,1,7.99,1.6
103578,1073,2,69.99,28
103579,1015,1,96.99,19.4
103579,1089,1,53.99,10.8
103580,1015,1,96.99,19.4
103581,1019,2,77.99,0
103582,1033,2,85.99,0
103583,1017,2,86.99,0
103583,1011,1,34.99,0
103584,1049,1,126.99,0
103585,1052,2,208.99,83.6
103585,1078,1,85.99,17.2
103586,1086,1,97.99,0
103587,1006,1,16.99,0
103587,1070,1,122.99,0
103588,1074,1,19.99,4
103588,1077,2,25.99,10.4
103589,1079,1,61.99,0
103590,1009,1,131.99,26.4
103590,1077,1,25.99,5.2
103590,1006,1,16.99,3.4
103591,1076,1,138.99,0
103591,1018,1,212.99,0
103591,1038,1,313.99,0
103591,1017,1,86.99,0
103592,1073,2,69.99,0
103593,1080,1,134.99,27
103593,1028,1,77.99,15.6
103593,1075,1,50.99,10.2
103594,1081,1,74.99,0
103594,1040,1,476.99,0
103594,1055,1,200.99,0
103595,1028,1,77.99,0
103596,1090,1,17.99,0
103596,1077,2,25.99,0
103596,1008,1,43.99,0
103596,1050,1,146.99,0
103597,1034,1,68.99,0
103598,1030,1,7.99,1.6
103599,1089,2,53.99,0
103599,1081,2,74.99,0
103599,1058,2,93.99,0
103600,1011,2,34.99,14
103601,1080,1,134.99,0
103602,1073,1,69.99,0
103603,1018,1,212.99,0
103604,1076,1,138.99,27.8
103605,1073,1,69.99,14
103605,1055,1,200.99,40.2
103605,1081,1,74.99,15
103606,1078,2,85.99,34.4
103607,1036,2,58.99,0
103608,1081,1,74.99,15
103608,1036,1,58.99,11.8
103608,1075,1,50.99,10.2
103609,1077,1,25.99,0
103610,1043,1,127.99,0
103610,1081,1,74.99,0
103611,1075,1,50.99,0
103612,1086,2,97.99,0
103613,1079,1,61.99,0
103614,1079,1,61.99,12.4
103614,1010,1,96.99,19.4
103615,1021,1,123.99,0
103616,1071,1,9.99,2
103616,1033,1,85.99,17.2
103616,1079,1,61.99,12.4
103617,1030,1,7.99,0
103618,1036,1,58.99,0
103619,1061,1,45.99,0
103619,1035,1,51.99,0
103620,1031,1,38.99,0
103620,1008,1,43.99,0
103620,1077,1,25.99,0
103621,1072,1,141.99,28.4
103621,1048,1,139.99,28
103621,1005,1,79.99,16
103622,1018,1,212.99,21.3
103622,1080,1,134.99,13.5
103623,1012,1,109.99,0
103623,1089,1,53.99,0
103624,1074,1,19.99,4
103625,1020,1,54.99,11
103625,1006,1,16.99,3.4
103626,1015,1,96.99,0
103627,1035,1,51.99,10.4
103628,1026,1,161.99,0
103628,1007,2,71.99,0
103629,1044,1,529.99,0
103630,1035,1,51.99,10.4
103630,1089,1,53.99,10.8
103631,1084,1,112.99,22.6
103632,1040,1,476.99,0
103633,1032,1,81.99,16.4
103633,1072,1,141.99,28.4
103634,1088,1,20.99,0
103635,1044,1,529.99,106
103635,1086,1,97.99,19.6
103636,1090,1,17.99,0
103636,1074,2,19.99,0
103636,1080,1,134.99,0
103636,1021,2,123.99,0
103637,1031,1,38.99,7.8
103637,1051,1,53.99,10.8
103637,1075,1,50.99,10.2
103638,1086,1,97.99,0
103639,1016,1,180.99,0
103640,1017,1,86.99,17.4
103641,1028,1,77.99,15.6
103642,1036,1,58.99,5.9
103643,1087,1,45.99,0
103643,1071,1,9.99,0
103644,1078,1,85.99,17.2
103645,1050,1,146.99,0
103645,1036,1,58.99,0
103645,1070,1,122.99,0
103646,1055,1,200.99,20.1
103647,1005,2,79.99,0
103648,1089,4,53.99,43.19
103648,1014,1,,7.4
103649,1033,2,85.99,0
103649,1066,1,171.99,0
103649,1050,2,146.99,0
103649,1045,1,506.99,0
103650,1080,1,134.99,0
103650,1081,3,74.99,0
103650,1028,1,77.99,0
103650,1070,1,122.99,0
103651,1078,4,85.99,0
103652,1055,2,200.99,40.2
103653,1078,1,85.99,0
103653,1031,1,,0
103654,1006,1,16.99,1.7
103655,1027,1,90.99,0
103655,1077,1,25.99,0
103655,1002,1,138.99,0
103656,1087,1,45.99,0
103656,1044,1,529.99,0
103657,1026,1,161.99,0
103657,1013,1,124.99,0
103657,1002,1,138.99,0
103658,1073,1,69.99,0
103658,1050,1,146.99,0
103659,1003,1,22.99,4.6
103659,1079,1,61.99,12.4
103660,1028,1,77.99,15.6
103660,1032,1,81.99,16.4
103660,1054,1,229.99,46
103661,1003,1,22.99,0
103662,1053,1,37.99,7.6
103663,1002,2,138.99,55.6
103663,1081,3,74.99,44.99
103664,1072,2,141.99,0
103665,1068,1,49.99,0
103665,1074,1,19.99,0
103665,1073,1,69.99,0
103666,1073,1,69.99,14
103667,1076,1,138.99,0
103668,1045,1,506.99,101.4
103669,1018,1,212.99,0
103670,1078,1,85.99,17.2
103670,1080,3,134.99,80.99
103670,1070,1,,24.6
103671,1085,1,115.99,0
103672,1008,1,43.99,0
103673,1075,1,50.99,0
103673,1070,1,122.99,0
103674,1013,1,124.99,0
103674,1089,1,53.99,0
103674,1018,3,212.99,0
103675,1033,1,85.99,0
103676,1050,1,146.99,29.4
103677,1051,1,53.99,0
103678,1066,2,171.99,68.8
103679,1034,1,68.99,13.8
103679,1009,1,131.99,26.4
103679,1032,1,81.99,16.4
103679,1090,1,17.99,3.6
103680,1001,1,61.99,12.4
103681,1027,1,90.99,0
103682,1053,1,37.99,7.6
103683,1081,1,74.99,0
103684,1040,1,476.99,0
103685,1010,1,96.99,0
103686,1082,1,104.99,21
103687,1009,1,131.99,0
103687,1010,1,96.99,0
103687,1041,1,553.99,0
103688,1006,2,16.99,0
103688,1017,1,86.99,0
103689,1037,1,28.99,0
103689,1072,1,141.99,0
103690,1027,1,90.99,0
103690,1028,1,77.99,0
103690,1090,2,,0
103691,1078,1,85.99,17.2
103691,1002,1,138.99,27.8
103692,1090,1,17.99,3.6
103693,1034,1,68.99,13.8
103693,1090,1,17.99,3.6
103694,1075,1,50.99,10.2
103695,1088,1,20.99,0
103696,1029,1,30.99,0
103696,1052,1,208.99,0
103697,1015,1,96.99,0
103698,1005,2,79.99,32
103698,1079,2,61.99,24.8
103698,1070,1,122.99,24.6
103698,1075,4,50.99,40.79
103699,1051,1,53.99,0
103700,1071,1,9.99,0
103701,1041,1,553.99,0
103701,1072,1,141.99,0
103702,1006,1,16.99,3.4
103703,1018,1,212.99,42.6
103704,1035,1,51.99,10.4
103705,1021,2,123.99,49.6
103706,1014,1,36.99,7.4
103706,1024,2,59.99,24
103707,1083,3,19.99,0
103707,1085,1,115.99,0
103707,1051,2,53.99,0
103708,1058,1,93.99,18.8
103709,1076,1,138.99,27.8
103710,1014,1,36.99,0
103710,1073,1,69.99,0
103710,1021,1,123.99,0
103711,1020,1,54.99,11
103711,1075,1,50.99,10.2
103711,1027,1,90.99,18.2
103712,1041,1,553.99,0
103713,1017,1,86.99,17.4
103713,1080,3,134.99,80.99
103713,1014,1,36.99,7.4
103713,1081,2,74.99,30
103714,1086,1,97.99,0
103714,1075,1,50.99,0
103715,1025,1,166.99,0
103716,1072,1,141.99,28.4
103717,1031,1,38.99,0
103718,1074,1,19.99,0
103718,1019,1,77.99,0
103718,1053,3,37.99,0
103719,1030,1,7.99,0
103720,1020,1,54.99,11
103721,1034,3,68.99,41.39
103721,1072,1,141.99,28.4
103722,1032,1,81.99,0
103723,1001,2,61.99,0
103723,1032,2,81.99,0
103724,1001,3,61.99,0
103724,1075,1,50.99,0
103724,1071,1,9.99,0
103725,1005,1,79.99,0
103726,1078,1,85.99,0
103727,1009,1,131.99,26.4
103727,1070,1,122.99,24.6
103728,1079,1,61.99,12.4
103729,1057,1,205.99,0
103729,1012,1,109.99,0
103730,1008,1,43.99,0
103731,1079,1,61.99,0
103732,1056,1,239.99,0
103733,1071,2,9.99,0
103734,1002,1,138.99,0
103735,1035,1,51.99,10.4
103736,1020,1,54.99,0
103737,1006,2,16.99,0
103738,1035,1,51.99,10.4
103739,1017,1,86.99,0
103739,1078,1,85.99,0
103740,1077,1,25.99,5.2
103741,1056,1,239.99,0
103742,1001,1,61.99,12.4
103743,1007,1,71.99,0
103743,1040,1,476.99,0
103744,1011,2,34.99,0
103744,1022,1,88.99,0
103745,1029,1,30.99,0
103745,1072,1,141.99,0
103746,1073,1,69.99,0
103747,1077,1,25.99,5.2
103747,1023,1,135.99,27.2
103748,1032,1,81.99,16.4
103749,1001,1,61.99,0
103749,1080,1,134.99,0
103750,1074,3,19.99,0
103751,1078,1,85.99,17.2
103752,1071,3,9.99,0
103752,1009,1,131.99,0
103752,1074,1,19.99,0
103753,1028,1,77.99,0
103753,1040,1,476.99,0
103753,1024,1,59.99,0
103753,1081,1,74.99,0
103754,1070,1,122.99,24.6
103754,1043,1,127.99,25.6
103755,1090,1,17.99,3.6
103756,1017,3,86.99,0
103756,1045,1,506.99,0
103756,1002,1,138.99,0
103757,1085,1,115.99,0
103758,1061,1,45.99,9.2
103758,1075,1,50.99,10.2
103758,1087,1,45.99,9.2
103759,1074,1,19.99,0
103759,1070,2,122.99,0
103760,1044,1,529.99,0
103761,1078,1,85.99,0
103761,1005,1,79.99,0
103762,1084,1,112.99,22.6
103763,1040,1,476.99,0
103764,1032,1,,16.4
103765,1078,1,85.99,17.2
103766,1065,1,164.99,33
103767,1081,1,74.99,15
103768,1035,1,51.99,0
103769,1010,1,96.99,0
103769,1031,4,38.99,0
103770,1004,3,75.99,0
103771,1053,1,37.99,7.6
103772,1010,1,96.99,19.4
103772,1090,1,17.99,3.6
103773,1068,1,49.99,0
103773,1013,1,124.99,0
103773,1071,2,9.99,0
103773,1026,2,161.99,0
103774,1076,1,,27.8
103774,1001,1,61.99,12.4
103774,1080,1,134.99,27
103775,1034,1,68.99,13.8
103775,1001,1,61.99,12.4
103776,1026,1,161.99,0
103776,1006,1,,0
103777,1088,1,20.99,0
103778,1031,2,38.99,0
103779,1020,3,54.99,0
103780,1075,1,50.99,0
103780,1077,1,25.99,0
103781,1077,2,25.99,10.4
103782,1013,1,124.99,25
103782,1019,2,77.99,31.2
103782,1009,1,131.99,26.4
103782,1030,1,7.99,1.6
103783,1036,1,58.99,0
103784,1076,1,138.99,0
103785,1059,1,467.99,93.6
103785,1073,1,69.99,14
103785,1065,2,164.99,66
103785,1077,1,25.99,5.2
103786,1055,1,200.99,40.2
103787,1082,1,104.99,21
103788,1083,2,19.99,0
103788,1006,1,16.99,0
103788,1080,1,134.99,0
103789,1017,1,86.99,0
103789,1010,1,96.99,0
103789,1016,1,180.99,0
103789,1032,1,81.99,0
103790,1077,1,25.99,0
103790,1021,1,123.99,0
103790,1023,1,135.99,0
103791,1078,1,85.99,0
103791,1002,2,138.99,0
103791,1049,1,126.99,0
103792,1023,1,135.99,27.2
103792,1016,1,180.99,36.2
103793,1030,2,7.99,0
103793,1065,2,164.99,0
103794,1067,2,34.99,14
103794,1062,1,152.99,30.6
103794,1027,1,90.99,18.2
103795,1033,1,85.99,0
103795,1035,1,51.99,0
103795,1045,1,506.99,0
103796,1090,1,17.99,0
103797,1065,1,164.99,33
103797,1019,2,77.99,31.2
103797,1080,2,134.99,54
103798,1062,1,152.99,0
103798,1076,4,138.99,0
103798,1030,1,7.99,0
103799,1017,1,86.99,0
103799,1030,1,7.99,0
103800,1015,1,96.99,0
103801,1056,1,239.99,0
103801,1004,1,75.99,0
103802,1012,1,109.99,0
103803,1034,1,68.99,0
103804,1079,1,61.99,12.4
103804,1015,1,96.99,19.4
103804,1078,1,85.99,17.2
103805,1088,1,20.99,4.2
103806,1084,2,112.99,0
103807,1023,1,135.99,0
103808,1003,1,22.99,4.6
103808,1021,3,123.99,74.39
103809,1078,1,85.99,0
103809,1076,1,138.99,0
103810,1076,1,138.99,27.8
103811,1033,1,85.99,0
103812,1020,1,54.99,11
103813,1007,1,71.99,0
103814,1008,1,43.99,8.8
103814,1013,1,124.99,25
103815,1081,1,74.99,15
103816,1081,1,74.99,15
103816,1027,1,90.99,18.2
103817,1001,1,61.99,0
103817,1081,1,74.99,0
103817,1086,4,97.99,0
103818,1020,1,54.99,11
103818,1073,1,69.99,14
103818,1082,1,104.99,21
103819,1058,1,93.99,0
103819,1017,1,86.99,0
103820,1070,1,122.99,0
103820,1073,1,69.99,0
103821,1041,1,553.99,110.8
103821,1002,1,138.99,27.8
103822,1029,1,30.99,0
103823,1069,1,26.99,5.4
103823,1030,2,7.99,3.2
103824,1041,1,553.99,0
103824,1028,1,77.99,0
103825,1012,1,109.99,0
103826,1087,2,45.99,0
103826,1077,1,25.99,0
103827,1040,1,476.99,0
103828,1071,1,9.99,0
103828,1015,1,96.99,0
103829,1079,1,61.99,0
103829,1085,1,115.99,0
103829,1045,1,506.99,0
103830,1023,1,135.99,0
103831,1014,1,36.99,0
103832,1031,1,38.99,0
103833,1050,1,146.99,0
103833,1023,1,135.99,0
103833,1054,1,229.99,0
103834,1036,1,58.99,0
103834,1046,1,142.99,0
103835,1018,1,212.99,42.6
103835,1007,2,71.99,28.8
103836,1014,1,36.99,7.4
103837,1003,2,22.99,9.2
103838,1016,1,180.99,0
103839,1082,1,104.99,21
103839,1041,1,553.99,110.8
103840,1032,1,81.99,16.4
103841,1079,1,61.99,12.4
103842,1018,1,212.99,42.6
103843,1020,1,,11
103843,1087,1,45.99,9.2
103844,1087,1,45.99,0
103844,1078,1,85.99,0
103845,1015,1,96.99,9.7
103846,1072,1,141.99,0
103846,1051,1,53.99,0
103847,1085,1,115.99,23.2
103848,1001,3,61.99,37.19
103849,1070,1,122.99,24.6
103849,1024,1,59.99,12
103849,1031,2,38.99,15.6
103850,1080,1,134.99,0
103851,1012,1,109.99,22
103851,1004,1,75.99,15.2
103852,1089,1,53.99,10.8
103853,1009,1,131.99,0
103853,1024,1,59.99,0
103854,1052,1,208.99,41.8
103855,1011,1,34.99,0
103856,1062,1,152.99,0
103856,1012,1,109.99,0
103857,1086,1,97.99,0
103858,1080,1,134.99,0
103859,1079,1,61.99,12.4
103860,1074,1,19.99,4
103861,1017,1,86.99,0
103861,1057,1,205.99,0
103861,1079,1,61.99,0
103861,1026,2,161.99,0
103862,1013,1,124.99,25
103863,1042,1,773.99,154.8
103863,1080,1,134.99,27
103864,1070,2,122.99,0
103864,1042,1,773.99,0
103865,1014,1,36.99,7.4
103866,1077,1,25.99,0
103866,1049,1,126.99,0
103866,1074,2,19.99,0
103867,1048,1,139.99,0
103868,1040,1,476.99,95.4
103869,1009,1,131.99,0
103869,1073,1,69.99,0
103870,1078,1,85.99,17.2
103871,1042,1,773.99,0
103871,1071,1,9.99,0
103872,1015,3,96.99,58.19
103872,1036,2,58.99,23.6
103872,1006,1,16.99,3.4
103872,1059,1,467.99,93.6
103873,1001,1,61.99,0
103874,1078,1,85.99,0
103875,1074,1,19.99,2
103876,1022,2,88.99,35.6
103877,1033,1,85.99,17.2
103877,1008,1,43.99,8.8
103878,1076,1,138.99,27.8
103878,1049,1,126.99,25.4
103879,1074,2,19.99,0
103879,1087,1,45.99,0
103880,1079,1,61.99,0
103881,1031,2,38.99,15.6
103881,1077,1,25.99,5.2
103882,1034,1,68.99,13.8
103882,1024,1,59.99,12
103883,1071,1,9.99,0
103883,1080,1,134.99,0
103884,1071,1,9.99,0
103885,1012,1,109.99,11
103885,1002,1,138.99,13.9
103886,1087,1,45.99,0
103887,1081,1,74.99,0
103887,1057,1,205.99,0
103887,1072,1,141.99,0
103887,1004,1,75.99,0
103888,1025,1,166.99,33.4
103888,1029,1,30.99,6.2
103889,1084,2,112.99,45.2
103890,1041,1,553.99,0
103891,1008,2,43.99,8.8
103892,1075,1,50.99,0
103892,1081,1,74.99,0
103893,1036,1,58.99,0
103894,1054,1,229.99,0
103894,1017,1,86.99,0
103895,1040,1,476.99,0
103896,1053,1,37.99,7.6
103897,1013,3,124.99,74.99
103897,1041,1,553.99,110.8
103898,1042,1,773.99,0
103898,1011,1,34.99,0
103899,1080,2,134.99,0
103900,1066,1,171.99,0
103900,1024,1,59.99,0
103900,1002,1,138.99,0
103900,1087,4,45.99,0
103901,1084,1,112.99,0
103901,1052,1,208.99,0
103901,1017,1,86.99,0
103901,1043,1,127.99,0
103902,1051,1,53.99,10.8
103902,1024,1,59.99,12
103902,1075,1,50.99,10.2
103903,1085,1,115.99,23.2
103903,1075,1,50.99,10.2
103904,1066,1,171.99,34.4
103905,1048,1,139.99,0
103906,1057,1,205.99,0
103906,1017,1,86.99,0
103906,1078,1,85.99,0
103906,1011,1,34.99,0
103907,1070,1,122.99,0
103908,1005,1,79.99,16
103908,1007,1,71.99,14.4
103909,1001,1,61.99,12.4
103909,1065,1,164.99,33
103909,1078,1,85.99,17.2
103910,1070,1,,0
103911,1075,1,50.99,0
103912,1048,1,139.99,28
103912,1090,1,17.99,3.6
103913,1070,1,122.99,24.6
103914,1010,1,96.99,0
103915,1041,1,553.99,110.8
103916,1008,1,43.99,8.8
103916,1023,1,135.99,27.2
103916,1043,1,127.99,25.6
103917,1056,1,239.99,48
103918,1070,2,122.99,0
103919,1070,1,122.99,0
103919,1079,1,61.99,0
103919,1086,2,97.99,0
103919,1071,1,9.99,0
103920,1020,1,54.99,0
103921,1089,3,53.99,0
103922,1073,4,69.99,0
103922,1076,2,138.99,0
103923,1089,1,53.99,0
103923,1012,1,109.99,0
103924,1076,2,138.99,0
103925,1049,1,126.99,25.4
103925,1003,1,22.99,4.6
103925,1086,1,97.99,19.6
103925,1021,1,123.99,24.8
103926,1055,1,200.99,40.2
103927,1014,1,36.99,7.4
103928,1074,1,19.99,0
103928,1006,1,16.99,0
103928,1010,2,96.99,0
103929,1085,1,115.99,0
103930,1080,1,134.99,0
103931,1030,1,7.99,0
103931,1034,2,68.99,0
103932,1076,2,138.99,0
103932,1017,2,86.99,0
103933,1073,2,69.99,0
103934,1075,1,50.99,10.2
103935,1017,1,86.99,17.4
103936,1059,1,467.99,0
103937,1084,1,,0
103938,1073,1,69.99,0
103938,1010,1,96.99,0
103938,1002,1,138.99,0
103938,1007,1,71.99,0
103939,1040,1,476.99,0
103939,1024,1,59.99,0
103940,1006,2,16.99,0
103941,1030,1,7.99,0
103942,1022,1,88.99,0
103943,1076,1,138.99,0
103944,1077,1,25.99,5.2
103944,1006,4,16.99,13.59
103944,1005,1,79.99,16
103945,1083,1,19.99,0
103946,1009,1,131.99,0
103947,1041,1,553.99,0
103947,1074,1,19.99,0
103948,1018,2,212.99,0
103949,1016,1,180.99,0
103949,1076,1,138.99,0
103950,1072,1,141.99,28.4
103951,1086,2,97.99,0
103952,1009,1,131.99,26.4
103952,1011,1,34.99,7
103953,1008,1,43.99,0
103954,1012,1,109.99,22
103955,1008,3,43.99,0
103955,1059,1,467.99,0
103955,1080,1,134.99,0
103956,1046,1,142.99,0
103957,1070,1,122.99,0
103958,1079,2,61.99,0
103958,1018,1,212.99,0
103959,1052,1,208.99,41.8
103960,1070,1,122.99,12.3
103960,1055,1,200.99,20.1
103960,1019,1,77.99,7.8
103961,1075,1,50.99,0
103961,1073,1,69.99,0
103962,1072,1,141.99,28.4
103963,1007,1,71.99,14.4
103964,1014,1,36.99,0
103965,1079,1,61.99,0
103966,1070,1,122.99,0
103967,1073,1,69.99,0
103968,1075,1,50.99,0
103968,1077,1,25.99,0
103969,1036,1,58.99,0
103970,1076,1,138.99,27.8
103970,1007,2,71.99,28.8
103970,1078,1,85.99,17.2
103971,1005,1,79.99,0
103971,1031,2,38.99,0
103971,1085,1,115.99,0
103972,1058,1,93.99,0
103973,1070,1,122.99,24.6
103974,1080,1,134.99,27
103974,1085,1,115.99,23.2
103975,1078,2,85.99,0
103975,1008,1,43.99,0
103976,1078,1,85.99,17.2
103976,1026,1,161.99,32.4
103976,1030,3,7.99,4.79
103977,1070,1,122.99,24.6
103977,1023,1,135.99,27.2
103978,1077,1,25.99,0
103978,1082,2,104.99,0
103979,1007,1,71.99,0
103979,1009,1,131.99,0
103980,1037,1,28.99,0
103981,1076,2,138.99,0
103982,1042,1,773.99,0
103983,1001,1,61.99,0
103983,1089,1,53.99,0
103984,1037,1,28.99,0
103984,1005,1,79.99,0
103985,1076,1,138.99,27.8
103985,1056,1,239.99,48
103986,1009,1,131.99,26.4
103986,1013,2,124.99,50
103987,1081,1,74.99,0
103988,1050,1,146.99,0
103989,1086,2,97.99,0
103989,1081,1,74.99,0
103989,1007,1,71.99,0
103990,1019,1,77.99,0
103990,1024,2,59.99,0
103991,1035,1,51.99,0
103991,1071,1,9.99,0
103991,1052,1,208.99,0
103992,1087,1,45.99,0
103992,1079,2,61.99,0
103993,1008,1,43.99,0
103993,1037,1,28.99,0
103994,1015,1,96.99,0
103994,1090,1,17.99,0
103995,1022,3,88.99,0
103996,1010,1,96.99,19.4
103997,1084,1,112.99,0
103998,1080,1,134.99,27
103999,1077,1,25.99,0
104000,1014,1,36.99,0
104001,1052,2,208.99,83.6
104002,1015,1,96.99,0
104003,1073,1,69.99,14
104004,1078,2,85.99,0
104005,1001,1,61.99,12.4
104005,1077,1,25.99,5.2
104006,1072,1,141.99,0
104006,1087,1,45.99,0
104007,1084,1,112.99,0
104008,1078,2,85.99,0
104008,1076,1,138.99,0
104009,1079,2,61.99,0
104010,1009,1,131.99,0
104011,1034,1,68.99,0
104012,1011,1,34.99,7
104013,1073,4,69.99,0
104013,1060,1,134.99,0
104013,1070,2,122.99,0
104014,1021,1,123.99,0
104014,1081,4,74.99,0
104015,1053,1,37.99,0
104016,1014,1,36.99,7.4
104016,1055,2,200.99,80.4
104017,1007,1,71.99,0
104017,1009,4,131.99,0
104018,1073,1,69.99,0
104018,1031,1,38.99,0
104019,1025,1,166.99,0
104019,1042,1,773.99,0
104020,1082,1,104.99,21
104020,1070,1,122.99,24.6
104020,1054,2,229.99,92
104021,1032,1,81.99,16.4
104021,1090,1,17.99,3.6
104021,1014,1,36.99,7.4
104022,1071,2,9.99,0
104023,1034,2,68.99,27.6
104024,1081,1,74.99,0
104025,1061,1,45.99,0
104026,1007,1,71.99,0
104026,1008,1,43.99,0
104026,1051,3,53.99,0
104026,1012,1,109.99,0
104027,1012,2,109.99,0
104027,1076,1,138.99,0
104027,1013,1,124.99,0
104027,1039,1,483.99,0
104028,1034,1,68.99,13.8
104028,1006,1,,3.4
104029,1074,1,19.99,4
104030,1035,1,51.99,10.4
104030,1016,1,180.99,36.2
104030,1032,1,81.99,16.4
104031,1040,1,476.99,0
104032,1024,1,59.99,0
104033,1077,1,25.99,5.2
104033,1011,1,34.99,7
104033,1058,2,93.99,37.6
104034,1005,2,79.99,0
104034,1035,1,51.99,0
104034,1023,1,135.99,0
104035,1064,2,153.99,0
104035,1048,1,139.99,0
104035,1018,1,212.99,0
104035,1057,1,205.99,0
104036,1043,1,127.99,25.6
104037,1089,3,53.99,32.39
104037,1016,1,180.99,36.2
104038,1074,1,19.99,0
104039,1007,4,71.99,0
104039,1079,1,61.99,0
104039,1078,1,85.99,0
104040,1041,1,553.99,0
104041,1089,1,53.99,10.8
104042,1029,1,30.99,6.2
104043,1054,1,229.99,0
104043,1046,1,142.99,0
104043,1004,1,75.99,0
104043,1083,1,19.99,0
104044,1075,1,50.99,10.2
104044,1022,1,88.99,17.8
104045,1072,1,141.99,0
104046,1073,1,69.99,14
104047,1074,1,19.99,0
104048,1003,1,22.99,0
104048,1020,1,54.99,0
104049,1022,1,88.99,0
104049,1014,3,36.99,0
104050,1047,1,194.99,0
104050,1070,1,122.99,0
104051,1003,1,22.99,0
104052,1043,1,127.99,0
104052,1003,1,22.99,0
104052,1072,1,141.99,0
104053,1072,1,141.99,0
104054,1081,1,74.99,15
104054,1077,1,25.99,5.2
104055,1007,2,71.99,28.8
104055,1017,1,86.99,17.4
104055,1038,1,313.99,62.8
104055,1020,2,54.99,22
104056,1010,1,96.99,0
104057,1071,1,9.99,0
104057,1087,1,45.99,0
104058,1010,1,96.99,0
104059,1078,3,85.99,51.59
104060,1042,1,773.99,154.8
104060,1009,1,131.99,26.4
104060,1078,1,85.99,17.2
104060,1015,1,96.99,19.4
104061,1028,2,77.99,0
104062,1074,1,19.99,0
104062,1008,1,43.99,0
104063,1090,1,17.99,0
104064,1076,1,138.99,0
104065,1079,1,61.99,12.4
104065,1070,1,122.99,24.6
104065,1081,1,74.99,15
104066,1009,1,131.99,0
104066,1015,1,96.99,0
104067,1068,1,49.99,0
104068,1074,1,19.99,0
104069,1006,1,16.99,0
104069,1055,1,200.99,0
104069,1008,1,43.99,0
104070,1075,1,50.99,0
104070,1088,1,20.99,0
104071,1058,1,93.99,18.8
104071,1079,2,61.99,24.8
104072,1036,2,58.99,23.6
104073,1006,1,16.99,0
104074,1051,1,53.99,0
104074,1053,1,37.99,0
104075,1015,1,96.99,19.4
104076,1052,1,208.99,41.8
104076,1008,1,43.99,8.8
104077,1086,1,97.99,9.8
104078,1038,1,313.99,62.8
104079,1042,1,773.99,0
104080,1081,1,74.99,15
104081,1073,2,69.99,14
104081,1079,1,61.99,6.2
104081,1074,2,19.99,4
104081,1026,2,161.99,32.4
104082,1076,1,138.99,0
104083,1073,2,69.99,28
104083,1005,1,79.99,16
104084,1090,1,17.99,0
104084,1007,1,71.99,0
104084,1009,1,131.99,0
104085,1032,1,81.99,0
104086,1040,1,476.99,0
104087,1024,1,59.99,0
104087,1022,1,88.99,0
104088,1001,1,61.99,12.4
104088,1082,1,104.99,21
104089,1033,1,85.99,17.2
104090,1078,1,85.99,0
104090,1010,1,96.99,0
104091,1027,3,90.99,0
104091,1080,1,134.99,0
104092,1088,1,20.99,0
104092,1046,1,142.99,0
104092,1017,3,86.99,0
104093,1074,2,19.99,0
104094,1083,4,19.99,0
104095,1034,2,68.99,0
104096,1079,2,61.99,0
104096,1073,1,69.99,0
104097,1079,1,61.99,0
104097,1032,1,81.99,0
104098,1018,2,212.99,0
104098,1090,2,17.99,0
104099,1074,1,19.99,0
104100,1020,1,54.99,0
104101,1038,1,313.99,0
104101,1024,1,59.99,0
104102,1081,1,74.99,0
104103,1005,1,79.99,0
104103,1090,1,17.99,0
104103,1035,2,,0
104103,1085,1,115.99,0
104104,1011,1,34.99,0
104104,1083,1,19.99,0
104105,1079,1,61.99,0
104106,1009,1,131.99,0
104107,1038,1,313.99,0
104107,1078,1,85.99,0
104107,1072,1,141.99,0
104108,1087,1,45.99,9.2
104109,1024,1,,0
104110,1006,1,16.99,0
104111,1080,1,134.99,0
104112,1030,1,7.99,1.6
104113,1021,2,123.99,49.6
104114,1075,1,50.99,0
104115,1081,1,74.99,0
104115,1074,1,19.99,0
104116,1075,1,50.99,0
104117,1024,1,59.99,0
104117,1012,3,109.99,0
104117,1074,1,19.99,0
104118,1012,4,109.99,0
104119,1076,1,138.99,27.8
104119,1018,1,212.99,42.6
104119,1074,1,19.99,4
104119,1017,1,86.99,17.4
104120,1021,1,123.99,0
104121,1019,1,77.99,15.6
104122,1014,1,36.99,7.4
104122,1084,1,112.99,22.6
104123,1030,2,7.99,0
104123,1078,1,85.99,0
104124,1084,1,112.99,22.6
104124,1018,1,212.99,42.6
104125,1024,1,59.99,12
104125,1088,1,20.99,4.2
104126,1083,1,19.99,0
104126,1035,1,51.99,0
104126,1013,1,124.99,0
104126,1055,1,200.99,0
104127,1090,1,17.99,0
104128,1048,1,139.99,0
104129,1030,3,7.99,4.79
104129,1051,1,53.99,10.8
104130,1005,1,79.99,16
104130,1028,1,77.99,15.6
104131,1076,1,138.99,27.8
104132,1067,1,34.99,7
104132,1082,1,104.99,21
104133,1013,1,124.99,25
104134,1077,2,25.99,10.4
104135,1037,1,28.99,2.9
104136,1036,1,58.99,0
104137,1070,1,122.99,0
104137,1076,1,138.99,0
104138,1027,1,90.99,9.1
104139,1079,1,61.99,0
104140,1071,1,9.99,0
104141,1071,3,9.99,0
104142,1055,1,200.99,20.1
104142,1015,1,96.99,9.7
104142,1074,1,19.99,2
104142,1019,1,77.99,7.8
104143,1047,1,194.99,0
104144,1080,1,134.99,27
104145,1074,1,19.99,4
104146,1014,1,36.99,0
104146,1070,1,122.99,0
104146,1078,1,85.99,0
104146,1081,1,74.99,0
104147,1075,1,50.99,0
104147,1009,2,131.99,0
104147,1005,3,79.99,0
104148,1002,1,138.99,0
104149,1024,1,59.99,12
104150,1028,1,77.99,0
104150,1003,1,22.99,0
104151,1002,1,138.99,0
104151,1032,1,81.99,0
104151,1001,1,61.99,0
104151,1080,2,134.99,0
104152,1060,1,134.99,0
104153,1022,1,88.99,17.8
104154,1045,1,506.99,0
104155,1070,1,122.99,24.6
104155,1022,1,88.99,17.8
104156,1012,1,109.99,22
104156,1019,1,77.99,15.6
104156,1070,1,122.99,24.6
104157,1022,1,88.99,17.8
104157,1014,1,36.99,7.4
104158,1079,1,61.99,0
104159,1021,1,123.99,24.8
104160,1074,2,19.99,0
104161,1031,2,38.99,15.6
104161,1007,2,71.99,28.8
104162,1029,2,30.99,0
104163,1017,1,86.99,0
104164,1071,1,9.99,0
104164,1007,1,71.99,0
104164,1077,1,25.99,0
104165,1030,3,7.99,4.79
104166,1081,1,74.99,0
104166,1070,1,122.99,0
104167,1083,1,19.99,2
104167,1028,1,77.99,7.8
104167,1080,1,134.99,13.5
104168,1074,1,19.99,0
104168,1039,1,483.99,0
104169,1055,1,200.99,0
104170,1001,1,61.99,0
104170,1076,1,138.99,0
104171,1032,1,81.99,16.4
104172,1083,1,19.99,4
104173,1034,1,68.99,0
104174,1077,3,25.99,15.59
104175,1015,2,96.99,38.8
104176,1010,1,96.99,0
104176,1086,1,97.99,0
104177,1042,1,773.99,0
104178,1042,1,773.99,0
104179,1032,1,81.99,16.4
104180,1008,1,43.99,8.8
104180,1072,2,,56.8
104181,1076,2,138.99,0
104181,1088,2,20.99,0
104181,1010,1,96.99,0
104182,1031,1,38.99,7.8
104182,1002,1,138.99,27.8
104182,1034,2,68.99,27.6
104182,1020,1,54.99,11
104183,1010,1,96.99,0
104184,1073,1,69.99,0
104184,1007,1,71.99,0
104185,1074,1,19.99,0
104186,1023,1,135.99,27.2
104186,1076,1,138.99,27.8
104186,1015,1,96.99,19.4
104186,1074,1,19.99,4
104187,1001,1,61.99,0
104188,1009,1,131.99,0
104188,1032,1,81.99,0
104189,1058,1,93.99,0
104190,1081,1,74.99,15
104190,1080,1,134.99,27
104191,1014,1,36.99,7.4
104192,1022,2,88.99,35.6
104192,1075,1,50.99,10.2
104193,1007,2,71.99,0
104193,1071,4,9.99,0
104194,1034,1,68.99,6.9
104195,1007,2,71.99,0
104195,1082,1,104.99,0
104196,1085,1,115.99,0
104196,1039,1,483.99,0
104197,1005,1,79.99,0
104198,1010,1,96.99,0
104199,1081,4,74.99,0
104199,1074,4,19.99,0
104200,1003,2,22.99,0
104201,1049,1,126.99,0
104202,1073,1,69.99,0
104203,1070,1,122.99,0
104204,1058,1,93.99,0
104204,1057,1,205.99,0
104205,1078,1,85.99,0
104206,1020,1,54.99,11
104206,1024,1,59.99,12
104206,1023,3,135.99,81.59
104207,1029,1,30.99,6.2
104208,1037,1,28.99,5.8
104208,1057,1,205.99,41.2
104209,1060,1,134.99,0
104209,1001,1,61.99,0
104210,1020,2,,22
104210,1034,1,68.99,13.8
104210,1015,1,96.99,19.4
104211,1071,2,9.99,4
104211,1043,1,127.99,25.6
104212,1040,1,476.99,95.4
104212,1055,2,200.99,80.4
104212,1002,1,138.99,27.8
104212,1013,2,124.99,50
104213,1082,1,110.24,0
104213,1004,1,79.79,0
104213,1079,2,,0
104213,1090,3,18.89,0
104214,1055,1,211.04,0
104215,1079,1,65.09,0
104216,1051,1,56.69,0
104217,1090,1,18.89,0
104217,1026,3,170.09,0
104217,1047,1,204.74,0
104218,1002,3,145.94,0
104218,1022,1,93.44,0
104219,1028,1,81.89,0
104219,1036,1,61.94,0
104219,1017,1,91.34,0
104219,1005,2,83.99,0
104220,1040,1,500.84,0
104221,1006,1,17.84,0
104221,1016,1,190.04,0
104222,1007,1,75.59,0
104223,1080,1,141.74,0
104224,1086,1,102.89,10.29
104225,1044,1,556.49,0
104226,1003,1,24.14,0
104226,1027,1,95.54,0
104227,1028,1,81.89,0
104228,1024,1,62.99,0
104229,1087,1,48.29,0
104230,1029,2,32.54,0
104230,1044,1,556.49,0
104230,1085,1,,0
104231,1075,2,53.54,0
104232,1029,1,32.54,0
104232,1037,1,30.44,0
104232,1031,1,40.94,0
104232,1030,1,8.39,0
104233,1037,1,30.44,0
104234,1083,1,20.99,0
104234,1049,1,133.34,0
104235,1054,2,241.49,0
104236,1058,1,98.69,0
104237,1083,1,20.99,0
104237,1007,1,75.59,0
104238,1052,1,219.44,0
104238,1032,1,86.09,0
104239,1015,2,101.84,0
104239,1021,1,130.19,0
104239,1038,1,329.69,0
104240,1019,1,81.89,0
104240,1058,1,98.69,0
104241,1036,1,61.94,0
104242,1014,1,38.84,0
104243,1053,1,,0
104243,1011,1,36.74,0
104243,1080,1,141.74,0
104244,1071,1,10.49,0
104245,1016,2,190.04,0
104245,1009,4,138.59,0
104246,1076,2,145.94,0
104246,1029,1,32.54,0
104246,1057,1,216.29,0
104247,1045,1,532.34,0
104247,1062,1,160.64,0
104248,1001,1,65.09,0
104248,1015,1,101.84,0
104248,1074,2,20.99,0
104248,1065,1,173.24,0
104249,1054,3,241.49,0
104250,1072,1,149.09,0
104250,1001,1,65.09,0
104251,1032,1,86.09,8.61
104251,1009,1,138.59,13.86
104252,1016,1,190.04,0
104252,1041,1,581.69,0
104252,1066,1,180.59,0
104252,1086,1,102.89,0
104253,1037,1,30.44,0
104254,1084,1,118.64,0
104254,1020,2,57.74,0
104254,1032,1,86.09,0
104254,1049,1,133.34,0
104255,1005,1,83.99,0
104256,1050,2,154.34,0
104256,1034,1,72.44,0
104257,1007,1,75.59,7.56
104258,1048,1,146.99,0
104259,1072,1,149.09,14.91
104260,1035,1,54.59,0
104260,1073,3,73.49,0
104260,1036,1,61.94,0
104261,1086,1,102.89,0
104262,1084,1,118.64,0
104263,1080,1,141.74,0
104264,1077,3,27.29,0
104264,1074,1,20.99,0
104265,1050,1,154.34,0
104266,1085,1,121.79,0
104266,1050,1,154.34,0
104266,1056,1,251.99,0
104267,1070,1,129.14,0
104268,1027,1,95.54,0
104269,1026,1,170.09,0
104269,1009,1,138.59,0
104270,1062,2,160.64,0
104270,1077,1,27.29,0
104271,1049,1,133.34,0
104272,1004,1,79.79,0
104272,1005,3,83.99,0
104272,1038,1,329.69,0
104272,1003,1,24.14,0
104273,1042,1,812.69,81.27
104274,1009,1,138.59,0
104274,1087,1,48.29,0
104275,1009,1,138.59,0
104276,1017,1,91.34,9.13
104277,1047,1,204.74,0
104277,1070,1,129.14,0
104278,1002,1,145.94,0
104278,1028,1,81.89,0
104278,1086,1,102.89,0
104278,1084,2,,0
104279,1006,1,17.84,0
104279,1004,2,79.79,0
104280,1034,1,72.44,0
104280,1013,1,131.24,0
104280,1007,1,75.59,0
104281,1013,1,131.24,13.12
104282,1080,1,141.74,0
104283,1047,1,204.74,0
104283,1057,1,216.29,0
104284,1052,1,219.44,0
104284,1055,3,211.04,0
104284,1072,1,149.09,0
104285,1049,1,133.34,0
104286,1073,1,73.49,0
104286,1019,1,81.89,0
104287,1072,2,149.09,0
104287,1082,3,110.24,0
104288,1047,1,204.74,0
104289,1069,1,28.34,0
104290,1086,1,102.89,0
104291,1086,1,102.89,0
104291,1055,1,211.04,0
104291,1002,1,145.94,0
104292,1021,1,,0
104293,1030,1,8.39,0
104293,1044,1,556.49,0
104293,1004,1,79.79,0
104293,1042,1,812.69,0
104294,1078,1,90.29,0
104294,1075,1,53.54,0
104295,1053,2,39.89,0
104296,1019,3,81.89,0
104296,1089,1,,0
104296,1036,1,61.94,0
104296,1027,1,95.54,0
104297,1089,2,56.69,0
104298,1084,1,118.64,0
104299,1051,2,56.69,0
104300,1006,2,17.84,0
104301,1058,2,98.69,0
104301,1056,1,251.99,0
104302,1056,1,251.99,0
104302,1015,1,101.84,0
104303,1057,1,216.29,0
104303,1089,1,56.69,0
104303,1021,1,130.19,0
104304,1034,1,72.44,0
104304,1076,1,145.94,0
104304,1039,1,508.19,0
104305,1002,1,145.94,0
104306,1014,1,38.84,0
104306,1053,1,,0
104306,1072,1,149.09,0
104307,1064,2,161.69,0
104307,1051,2,56.69,0
104307,1081,1,78.74,0
104308,1086,1,102.89,0
104308,1008,1,46.19,0
104309,1052,1,219.44,0
104309,1076,1,145.94,0
104310,1013,2,131.24,0
104310,1023,2,142.79,0
104310,1090,1,18.89,0
104310,1074,2,20.99,0
104311,1058,1,98.69,0
104311,1021,1,130.19,0
104312,1056,1,251.99,0
104313,1089,1,56.69,0
104314,1006,2,17.84,0
104315,1019,1,81.89,0
104316,1070,1,129.14,0
104316,1054,1,241.49,0
104316,1034,1,72.44,0
104316,1020,1,57.74,0
104317,1078,2,90.29,0
104317,1005,2,83.99,0
104318,1015,1,101.84,0
104319,1005,1,83.99,0
104320,1057,1,216.29,0
104321,1076,1,145.94,0
104321,1032,1,86.09,0
104321,1036,1,61.94,0
104321,1010,1,101.84,0
104322,1081,2,78.74,0
104323,1016,1,190.04,0
104324,1010,1,101.84,0
104325,1055,1,211.04,0
104325,1049,1,133.34,0
104326,1072,1,149.09,0
104326,1084,2,118.64,0
104327,1029,1,32.54,0
104327,1022,2,93.44,0
104328,1073,1,73.49,0
104329,1064,1,161.69,0
104329,1012,1,115.49,0
104329,1007,1,75.59,0
104329,1009,1,138.59,0
104330,1009,1,138.59,0
104331,1001,1,65.09,6.51
104332,1072,1,149.09,0
104332,1016,1,190.04,0
104333,1001,1,65.09,0
104334,1025,2,175.34,0
104334,1030,1,8.39,0
104335,1055,1,211.04,0
104335,1077,4,27.29,0
104335,1012,1,115.49,0
104336,1074,1,20.99,0
104337,1088,1,22.04,0
104338,1054,1,241.49,24.15
104339,1010,1,101.84,0
104339,1013,1,131.24,0
104340,1083,3,20.99,0
104341,1036,1,61.94,0
104342,1045,1,532.34,0
104343,1074,1,20.99,0
104344,1050,1,154.34,0
104344,1077,1,27.29,0
104344,1023,1,142.79,0
104344,1076,1,145.94,0
104345,1085,2,121.79,0
104345,1084,1,118.64,0
104346,1033,2,90.29,0
104346,1027,2,95.54,0
104347,1021,1,130.19,0
104348,1076,1,145.94,0
104349,1073,1,73.49,0
104350,1078,1,90.29,0
104351,1010,1,101.84,0
104351,1044,1,556.49,0
104352,1090,1,18.89,0
104353,1013,1,131.24,0
104354,1017,1,91.34,0
104355,1016,1,190.04,0
104356,1088,1,22.04,0
104356,1015,2,101.84,0
104356,1073,1,73.49,0
104357,1006,1,17.84,0
104357,1088,1,22.04,0
104358,1089,1,56.69,0
104359,1032,3,86.09,0
104359,1009,1,138.59,0
104359,1011,1,36.74,0
104360,1071,2,10.49,2.1
104361,1021,1,130.19,0
104362,1011,1,36.74,0
104362,1090,1,18.89,0
104363,1008,3,46.19,0
104363,1044,1,556.49,0
104364,1018,1,223.64,0
104365,1025,1,175.34,0
104365,1017,1,91.34,0
104366,1016,1,190.04,19
104366,1020,1,57.74,5.77
104367,1011,1,36.74,0
104368,1017,1,91.34,0
104369,1077,1,27.29,0
104369,1037,1,30.44,0
104369,1080,1,141.74,0
104369,1006,1,17.84,0
104370,1076,1,145.94,0
104371,1071,1,10.49,0
104372,1085,1,121.79,0
104372,1028,1,81.89,0
104373,1034,2,72.44,0
104374,1074,1,20.99,0
104375,1084,1,118.64,0
104375,1073,1,73.49,0
104376,1086,1,102.89,0
104377,1026,2,170.09,0
104378,1073,1,73.49,0
104379,1027,1,95.54,0
104379,1037,1,30.44,0
104379,1072,1,149.09,0
104380,1078,1,90.29,0
104381,1021,3,130.19,0
104381,1001,1,65.09,0
104381,1027,2,95.54,0
104382,1072,2,149.09,0
104383,1031,1,40.94,0
104383,1022,1,93.44,0
104383,1073,3,73.49,0
104384,1012,1,115.49,0
104385,1017,2,91.34,0
104385,1037,1,30.44,0
104386,1085,1,121.79,12.18
104387,1006,1,17.84,0
104387,1008,1,46.19,0
104388,1087,1,48.29,0
104389,1001,1,65.09,0
104390,1036,1,61.94,0
104390,1087,1,48.29,0
104391,1050,1,154.34,0
104392,1084,2,118.64,0
104392,1062,1,160.64,0
104392,1043,1,134.39,0
104392,1072,1,149.09,0
104393,1071,1,10.49,0
104394,1051,1,56.69,0
104395,1024,1,62.99,0
104396,1035,1,54.59,0
104396,1086,1,102.89,0
104396,1016,1,190.04,0
104396,1013,2,131.24,0
104397,1005,1,83.99,0
104398,1049,1,133.34,0
104399,1014,1,38.84,0
104399,1083,2,20.99,0
104400,1027,1,95.54,0
104401,1080,1,141.74,0
104402,1090,1,18.89,0
104403,1053,1,39.89,0
104403,1043,1,134.39,0
104403,1016,1,190.04,0
104404,1070,1,129.14,0
104404,1010,3,101.84,0
104405,1036,1,61.94,0
104406,1008,1,46.19,0
104406,1086,2,102.89,0
104407,1076,1,145.94,0
104408,1010,1,101.84,0
104408,1090,1,18.89,0
104409,1011,2,36.74,0
104410,1044,1,556.49,0
104410,1075,1,,0
104411,1073,1,73.49,7.35
104411,1017,1,91.34,9.13
104412,1013,1,131.24,0
104413,1075,1,53.54,0
104414,1057,1,216.29,0
104414,1014,1,38.84,0
104414,1086,2,102.89,0
104415,1037,1,30.44,0
104416,1057,1,216.29,0
104416,1049,1,133.34,0
104416,1023,2,142.79,0
104417,1087,1,48.29,4.83
104418,1011,1,36.74,0
104419,1084,1,118.64,0
104419,1085,1,121.79,0
104420,1004,1,79.79,0
104420,1037,1,30.44,0
104421,1005,1,83.99,0
104421,1078,1,90.29,0
104422,1002,1,145.94,0
104422,1054,1,241.49,0
104423,1090,1,18.89,1.89
104424,1051,2,56.69,0
104424,1006,2,17.84,0
104425,1037,1,30.44,0
104426,1015,1,101.84,0
104426,1085,1,121.79,0
104427,1079,1,65.09,0
104427,1024,1,62.99,0
104428,1029,1,32.54,0
104429,1031,1,40.94,0
104429,1020,1,57.74,0
104429,1012,1,115.49,0
104430,1053,2,39.89,0
104431,1027,1,95.54,0
104431,1085,1,121.79,0
104431,1087,2,48.29,0
104431,1071,1,10.49,0
104432,1083,1,20.99,2.1
104432,1054,1,241.49,24.15
104432,1022,1,93.44,9.34
104433,1084,1,118.64,0
104433,1051,1,56.69,0
104433,1081,1,78.74,0
104434,1052,1,219.44,0
104435,1026,1,170.09,17.01
104435,1017,1,91.34,9.13
104435,1084,1,118.64,11.86
104436,1086,1,102.89,0
104436,1071,1,10.49,0
104436,1008,2,46.19,0
104437,1005,1,83.99,0
104438,1010,2,101.84,0
104438,1044,1,556.49,0
104439,1024,1,62.99,0
104440,1088,1,,0
104440,1085,1,121.79,0
104441,1075,1,53.54,0
104442,1016,1,190.04,0
104442,1080,1,141.74,0
104443,1037,1,30.44,0
104444,1072,1,149.09,0
104445,1011,2,36.74,0
104445,1035,1,54.59,0
104446,1005,1,83.99,0
104447,1015,1,101.84,0
104447,1028,1,81.89,0
104447,1020,1,57.74,0
104448,1027,1,95.54,0
104449,1037,1,30.44,0
104449,1077,1,27.29,0
104449,1090,1,18.89,0
104450,1087,1,48.29,0
104451,1019,1,81.89,0
104452,1082,1,110.24,0
104453,1069,1,28.34,0
104454,1080,3,141.74,0
104455,1016,1,,0
104455,1011,1,36.74,0
104455,1017,1,91.34,0
104456,1082,2,110.24,0
104456,1083,1,20.99,0
104456,1047,1,204.74,0
104457,1088,3,22.04,0
104457,1026,1,170.09,0
104458,1034,1,72.44,0
104459,1003,1,24.14,0
104459,1088,1,22.04,0
104460,1030,2,8.39,0
104461,1019,1,81.89,0
104461,1054,1,241.49,0
104461,1007,1,75.59,0
104462,1021,1,130.19,0
104463,1039,1,508.19,0
104464,1025,1,175.34,0
104465,1017,4,91.34,0
104466,1072,2,149.09,0
104467,1054,1,241.49,0
104468,1014,1,38.84,0
104469,1080,1,141.74,0
104470,1073,1,73.49,0
104471,1002,2,145.94,0
104472,1006,2,17.84,0
104472,1050,1,154.34,0
104473,1056,1,251.99,0
104473,1002,1,145.94,0
104474,1070,1,129.14,0
104474,1006,1,17.84,0
104475,1071,1,10.49,0
104476,1035,1,54.59,0
104477,1007,1,75.59,0
104477,1048,1,146.99,0
104478,1054,1,241.49,0
104478,1080,1,141.74,0
104479,1017,2,91.34,0
104480,1013,1,131.24,13.12
104481,1057,1,216.29,0
104482,1071,1,10.49,0
104483,1012,2,115.49,0
104484,1007,1,75.59,0
104485,1008,1,46.19,0
104485,1058,1,98.69,0
104485,1029,1,32.54,0
104486,1036,1,61.94,0
104487,1052,1,219.44,0
104487,1005,2,83.99,0
104488,1033,3,90.29,0
104489,1034,1,72.44,7.24
104489,1021,1,130.19,13.02
104489,1008,1,46.19,4.62
104490,1012,1,115.49,11.55
104491,1007,1,75.59,7.56
104491,1055,1,211.04,21.1
104492,1082,1,110.24,0
104493,1040,1,500.84,0
104493,1010,2,101.84,0
104494,1083,2,20.99,4.2
104495,1036,1,61.94,0
104495,1055,1,211.04,0
104495,1057,2,216.29,0
104496,1044,1,556.49,0
104496,1011,1,36.74,0
104497,1043,1,134.39,0
104497,1086,1,102.89,0
104498,1078,1,90.29,0
104499,1004,1,79.79,0
104499,1016,1,190.04,0
104499,1072,1,149.09,0
104499,1085,1,121.79,0
104500,1013,1,131.24,0
104500,1051,2,56.69,0
104501,1061,1,48.29,0
104501,1038,1,329.69,0
104502,1087,1,48.29,0
104503,1087,1,48.29,0
104503,1032,1,86.09,0
104504,1009,1,138.59,0
104505,1072,1,149.09,0
104506,1051,1,56.69,0
104507,1081,1,78.74,0
104507,1021,3,130.19,0
104508,1010,1,101.84,0
104509,1028,1,81.89,0
104510,1072,1,149.09,0
104511,1019,1,81.89,0
104511,1009,2,138.59,0
104511,1004,1,79.79,0
104512,1086,1,102.89,0
104513,1034,1,72.44,0
104514,1011,1,36.74,0
104514,1086,1,102.89,0
104514,1044,1,556.49,0
104514,1015,2,101.84,0
104515,1080,3,141.74,0
104515,1089,1,56.69,0
104515,1028,1,81.89,0
104516,1003,2,24.14,0
104516,1077,1,27.29,0
104516,1075,1,53.54,0
104517,1083,1,20.99,0
104518,1005,2,83.99,0
104519,1027,1,95.54,0
104520,1081,1,78.74,0
104521,1021,1,130.19,0
104521,1077,1,27.29,0
104522,1072,1,149.09,0
104523,1078,1,90.29,0
104524,1031,1,40.94,0
104525,1089,1,56.69,0
104525,1024,2,62.99,0
104526,1015,1,101.84,0
104526,1050,1,154.34,0
104526,1030,1,8.39,0
104526,1088,1,22.04,0
104527,1006,1,17.84,0
104528,1031,1,40.94,0
104528,1056,1,251.99,0
104529,1039,1,508.19,0
104530,1081,1,78.74,0
104530,1054,3,241.49,0
104531,1048,1,146.99,0
104531,1004,1,79.79,0
104531,1041,1,581.69,0
104531,1052,1,219.44,0
104532,1073,1,73.49,0
104532,1071,2,10.49,0
104533,1082,1,110.24,0
104534,1023,1,142.79,0
104535,1024,1,62.99,0
104535,1031,1,40.94,0
104535,1016,1,190.04,0
104536,1029,1,32.54,0
104537,1080,1,141.74,0
104537,1002,1,145.94,0
104538,1015,1,101.84,0
104539,1042,1,812.69,0
104540,1075,1,53.54,0
104540,1090,1,18.89,0
104541,1087,2,48.29,0
104541,1042,1,812.69,0
104541,1072,1,149.09,0
104542,1009,1,138.59,0
104543,1087,1,48.29,0
104544,1008,1,46.19,0
104544,1032,4,86.09,0
104545,1078,1,90.29,0
104546,1053,1,39.89,0
104547,1070,1,129.14,0
104547,1023,1,142.79,0
104548,1002,2,145.94,0
104548,1049,1,133.34,0
104548,1087,1,48.29,0
104549,1017,1,91.34,0
104550,1026,1,170.09,0
104551,1008,1,46.19,0
104552,1019,1,81.89,0
104552,1024,1,62.99,0
104553,1074,1,20.99,0
104553,1078,1,90.29,0
104553,1079,1,65.09,0
104554,1037,1,30.44,0
104555,1055,1,211.04,0
104555,1011,2,36.74,0
104555,1053,3,39.89,0
104556,1013,1,131.24,0
104557,1013,1,131.24,0
104558,1049,1,133.34,0
104558,1021,1,130.19,0
104559,1073,1,73.49,0
104560,1086,1,102.89,0
104560,1025,1,175.34,0
104560,1036,2,61.94,0
104561,1017,1,91.34,0
104562,1088,1,22.04,0
104562,1071,1,10.49,0
104563,1013,1,131.24,0
104564,1019,1,81.89,0
104565,1007,1,75.59,0
104566,1054,1,241.49,0
104566,1030,1,8.39,0
104567,1030,1,8.39,0
104568,1011,1,36.74,0
104569,1015,3,101.84,0
104570,1073,1,73.49,0
104571,1084,1,118.64,0
104572,1080,2,141.74,0
104573,1007,1,75.59,7.56
104574,1014,1,38.84,0
104574,1089,1,56.69,0
104575,1083,2,20.99,0
104576,1029,1,32.54,0
104577,1019,1,81.89,0
104578,1011,1,36.74,3.67
104579,1040,1,500.84,0
104579,1020,1,57.74,0
104579,1080,1,141.74,0
104580,1031,1,40.94,0
104580,1089,1,56.69,0
104580,1058,1,98.69,0
104581,1038,1,329.69,0
104582,1059,1,491.39,0
104583,1021,1,130.19,0
104584,1045,1,532.34,0
104584,1070,1,129.14,0
104584,1079,1,65.09,0
104584,1001,1,65.09,0
104585,1088,1,22.04,0
104586,1017,3,91.34,0
104587,1013,2,131.24,0
104588,1005,1,83.99,0
104588,1089,1,56.69,0
104588,1022,1,93.44,0
104588,1037,1,30.44,0
104589,1034,2,72.44,0
104590,1018,2,223.64,44.73
104591,1004,1,79.79,0
104591,1033,1,90.29,0
104592,1048,1,146.99,0
104592,1002,1,145.94,0
104593,1027,1,95.54,0
104594,1014,1,38.84,0
104595,1009,1,138.59,0
104596,1084,1,118.64,0
104596,1019,1,81.89,0
104597,1021,3,130.19,0
104598,1031,1,40.94,0
104598,1015,1,,0
104599,1035,2,54.59,0
104600,1080,1,141.74,0
104600,1034,1,72.44,0
104600,1083,2,20.99,0
104600,1028,1,81.89,0
104601,1026,2,170.09,0
104602,1081,1,78.74,0
104603,1052,1,219.44,0
104603,1002,1,145.94,0
104603,1078,4,90.29,0
104604,1078,1,90.29,9.03
104605,1016,1,190.04,0
104605,1051,1,56.69,0
104605,1026,1,170.09,0
104606,1080,1,141.74,0
104606,1053,1,39.89,0
104606,1012,2,115.49,0
104606,1011,1,36.74,0
104607,1009,1,,0
104608,1057,1,216.29,0
104609,1076,2,145.94,0
104610,1016,1,190.04,0
104610,1015,1,,0
104611,1060,1,,0
104611,1039,1,508.19,0
104611,1004,1,79.79,0
104611,1072,1,149.09,0
104612,1012,1,115.49,0
104612,1051,3,56.69,0
104612,1033,1,90.29,0
104613,1042,1,812.69,0
104613,1085,1,121.79,0
104614,1007,1,75.59,0
104615,1045,1,532.34,53.23
104616,1011,1,36.74,0
104617,1015,1,101.84,0
104618,1006,1,17.84,0
104618,1087,2,48.29,0
104619,1073,1,73.49,0
104620,1039,1,508.19,0
104621,1031,1,40.94,0
104621,1079,1,65.09,0
104622,1062,1,160.64,0
104623,1025,1,175.34,0
104624,1089,1,56.69,0
104625,1013,1,131.24,13.12
104626,1060,3,141.74,0
104627,1032,1,86.09,0
104628,1074,1,20.99,0
104629,1087,1,48.29,0
104629,1032,3,86.09,0
104630,1088,1,22.04,0
104631,1087,4,48.29,0
104631,1054,1,241.49,0
104631,1001,1,65.09,0
104631,1070,1,129.14,0
104632,1090,1,18.89,0
104633,1036,3,61.94,0
104634,1025,3,175.34,0
104634,1078,1,90.29,0
104634,1052,2,219.44,0
104635,1088,1,22.04,0
104635,1007,1,75.59,0
104635,1055,1,211.04,0
104636,1034,1,72.44,0
104637,1014,1,38.84,0
104637,1073,1,73.49,0
104637,1034,1,72.44,0
104637,1075,1,53.54,0
104638,1070,2,129.14,0
104638,1011,1,36.74,0
104639,1087,1,48.29,0
104639,1058,2,98.69,0
104640,1008,1,,4.62
104641,1061,2,48.29,0
104642,1071,1,10.49,0
104642,1080,1,141.74,0
104643,1072,2,149.09,0
104644,1014,1,38.84,0
104645,1046,1,150.14,0
104645,1050,1,154.34,0
104645,1018,1,223.64,0
104645,1020,1,57.74,0
104646,1002,1,145.94,0
104647,1061,1,48.29,0
104647,1016,1,190.04,0
104647,1079,1,65.09,0
104647,1034,1,72.44,0
104648,1077,1,27.29,0
104648,1025,2,175.34,0
104649,1002,1,145.94,0
104650,1089,2,56.69,0
104651,1085,1,121.79,0
104652,1062,1,160.64,0
104653,1087,1,48.29,0
104653,1037,1,30.44,0
104654,1046,1,150.14,0
104655,1074,1,20.99,0
104655,1019,2,81.89,0
104655,1008,1,46.19,0
104656,1012,1,115.49,0
104657,1002,1,145.94,0
104657,1053,1,39.89,0
104657,1039,1,508.19,0
104658,1073,1,73.49,0
104659,1075,1,53.54,0
104660,1078,1,90.29,0
104660,1015,2,101.84,0
104660,1075,2,53.54,0
104661,1077,2,27.29,0
104661,1051,1,56.69,0
104661,1001,2,65.09,0
104661,1021,3,130.19,0
104662,1018,3,223.64,0
104663,1034,1,72.44,0
104664,1003,1,24.14,0
104665,1085,1,121.79,0
104665,1008,2,46.19,0
104665,1037,2,30.44,0
104665,1046,1,150.14,0
104666,1010,1,101.84,0
104667,1082,1,110.24,0
104668,1034,1,72.44,0
104669,1009,1,138.59,0
104670,1040,1,500.84,50.08
104671,1078,4,90.29,0
104672,1005,1,83.99,0
104673,1085,1,121.79,0
104674,1038,1,329.69,0
104675,1011,1,36.74,0
104676,1026,2,170.09,0
104677,1007,2,75.59,0
104678,1028,1,81.89,0
104679,1044,1,556.49,0
104679,1090,1,18.89,0
104680,1001,1,65.09,0
104680,1006,2,17.84,0
104681,1036,1,61.94,0
104682,1001,1,65.09,0
104683,1085,2,121.79,0
104684,1061,2,48.29,0
104684,1015,1,101.84,0
104684,1080,1,,0
104685,1079,1,65.09,6.51
104686,1029,1,32.54,0
104686,1050,1,154.34,0
104687,1028,3,81.89,0
104688,1056,1,251.99,0
104688,1005,1,83.99,0
104689,1021,1,130.19,0
104689,1033,1,90.29,0
104690,1010,1,101.84,0
104690,1012,2,115.49,0
104691,1042,1,812.69,0
104692,1012,1,115.49,0
104692,1015,1,101.84,0
104692,1077,1,27.29,0
104693,1079,1,65.09,0
104693,1089,4,56.69,0
104693,1064,2,161.69,0
104693,1077,2,27.29,0
104694,1004,1,79.79,0
104694,1022,1,93.44,0
104695,1084,1,118.64,0
104695,1056,1,251.99,0
104695,1065,1,173.24,0
104695,1076,1,145.94,0
104696,1002,4,145.94,0
104697,1010,2,101.84,0
104697,1054,1,241.49,0
104697,1062,1,160.64,0
104698,1055,2,211.04,42.21
104698,1081,1,78.74,7.87
104699,1020,2,57.74,0
104700,1013,1,131.24,0
104700,1025,1,175.34,0
104701,1030,1,8.39,0
104702,1080,1,141.74,0
104703,1083,3,20.99,0
104704,1029,1,32.54,0
104705,1023,2,142.79,0
104706,1085,1,121.79,0
104707,1005,2,83.99,0
104707,1081,1,78.74,0
104708,1073,1,73.49,0
104709,1019,1,81.89,0
104709,1078,1,90.29,0
104710,1039,1,508.19,0
104711,1065,1,173.24,0
104712,1073,1,73.49,0
104713,1017,1,91.34,0
104714,1033,1,90.29,0
104715,1015,2,101.84,0
104716,1046,1,150.14,0
104716,1036,1,61.94,0
104717,1026,1,170.09,0
104718,1016,2,190.04,0
104718,1085,2,121.79,0
104718,1076,1,145.94,0
104719,1021,1,130.19,0
104720,1075,1,53.54,5.35
104721,1015,1,101.84,0
104722,1007,1,75.59,0
104722,1085,1,121.79,0
104722,1068,2,52.49,0
104723,1014,1,38.84,0
104724,1075,1,53.54,0
104724,1003,1,24.14,0
104724,1056,2,251.99,0
104725,1036,2,61.94,0
104726,1018,3,,67.09
104727,1081,1,78.74,0
104728,1009,1,138.59,0
104729,1085,1,121.79,0
104730,1049,1,133.34,0
104731,1024,1,62.99,0
104731,1086,1,102.89,0
104732,1083,1,20.99,0
104732,1058,1,98.69,0
104733,1017,2,91.34,0
104733,1087,1,48.29,0
104734,1025,1,175.34,0
104735,1048,1,146.99,0
104735,1073,1,73.49,0
104736,1033,1,90.29,0
104737,1086,2,102.89,0
104738,1089,2,56.69,0
104738,1090,1,18.89,0
104739,1078,1,90.29,0
104740,1045,1,532.34,0
104741,1076,1,145.94,0
104741,1032,1,86.09,0
104742,1075,2,53.54,0
104743,1086,1,102.89,0
104743,1018,1,223.64,0
104744,1001,1,65.09,0
104744,1027,2,95.54,0
104745,1079,1,65.09,0
104746,1089,2,56.69,11.34
104747,1027,1,95.54,0
104747,1032,1,86.09,0
104747,1084,2,118.64,0
104748,1084,1,118.64,0
104749,1079,1,65.09,0
104750,1074,1,20.99,0
104750,1072,2,149.09,0
104750,1031,1,40.94,0
104750,1038,1,329.69,0
104751,1044,1,556.49,0
104751,1082,1,,0
104751,1078,1,90.29,0
104751,1001,1,65.09,0
104752,1015,1,101.84,0
104753,1032,1,86.09,0
104754,1012,1,115.49,0
104755,1008,3,46.19,0
104755,1043,1,134.39,0
104755,1026,2,170.09,0
104756,1058,1,98.69,0
104756,1041,1,581.69,0
104757,1087,1,48.29,0
104757,1039,1,508.19,0
104758,1006,1,17.84,0
104758,1068,1,52.49,0
104759,1003,2,24.14,4.83
104759,1004,1,79.79,7.98
104760,1015,1,101.84,0
104761,1059,1,491.39,0
104762,1074,1,20.99,0
104763,1023,1,142.79,0
104764,1079,2,65.09,0
104764,1026,1,170.09,0
104765,1011,1,36.74,0
104765,1004,1,79.79,0
104766,1088,1,22.04,0
104766,1079,1,65.09,0
104766,1034,1,72.44,0
104767,1077,1,27.29,0
104767,1002,1,145.94,0
104767,1019,1,81.89,0
104768,1038,1,329.69,0
104768,1021,1,130.19,0
104769,1030,1,8.39,0
104769,1018,2,223.64,0
104769,1024,1,62.99,0
104769,1085,1,121.79,0
104770,1028,1,81.89,0
104770,1082,1,110.24,0
104771,1045,1,532.34,0
104771,1036,1,61.94,0
104772,1001,2,65.09,0
104773,1027,1,95.54,0
104774,1071,1,10.49,0
104774,1055,1,211.04,0
104774,1054,1,241.49,0
104774,1045,1,532.34,0
104775,1013,1,131.24,0
104776,1010,1,101.84,0
104777,1005,1,83.99,0
104778,1013,2,131.24,0
104778,1024,3,62.99,0
104779,1045,1,532.34,0
104779,1077,1,27.29,0
104779,1023,1,142.79,0
104779,1036,1,61.94,0
104780,1047,1,204.74,0
104781,1016,1,190.04,0
104782,1022,1,93.44,0
104783,1082,2,110.24,0
104784,1009,2,138.59,0
104785,1077,1,27.29,0
104785,1040,1,500.84,0
104785,1080,1,141.74,0
104786,1080,2,141.74,0
104787,1056,1,251.99,0
104787,1053,1,39.89,0
104787,1082,1,110.24,0
104787,1015,1,101.84,0
104788,1073,2,73.49,0
104789,1065,2,173.24,0
104790,1082,1,110.24,0
104791,1008,1,46.19,0
104792,1017,1,91.34,0
104793,1003,1,24.14,0
104794,1075,1,53.54,0
104794,1079,2,65.09,0
104795,1087,1,48.29,0
104795,1073,1,73.49,0
104796,1004,1,79.79,0
104797,1012,1,115.49,0
104797,1014,1,38.84,0
104798,1037,1,30.44,0
104798,1014,1,38.84,0
104799,1004,3,79.79,0
104800,1085,1,121.79,0
104801,1082,1,110.24,0
104801,1044,1,556.49,0
104802,1018,1,223.64,0
104803,1028,2,81.89,0
104804,1085,2,121.79,24.36
104805,1090,1,18.89,0
104806,1058,2,98.69,0
104806,1028,2,81.89,0
104807,1015,1,101.84,0
104807,1037,2,30.44,0
104808,1071,2,10.49,0
104808,1008,2,46.19,0
104808,1076,1,145.94,0
104808,1083,1,20.99,0
104809,1076,2,145.94,0
104809,1034,2,72.44,0
104809,1081,1,78.74,0
104810,1047,1,204.74,0
104810,1014,3,38.84,0
104811,1059,1,491.39,0
104812,1006,1,17.84,0
104813,1014,1,38.84,0
104814,1056,1,251.99,0
104815,1072,1,149.09,0
104816,1029,2,32.54,0
104817,1075,1,53.54,0
104817,1006,2,,0
104818,1088,1,22.04,0
104818,1011,1,36.74,0
104819,1067,1,36.74,0
104820,1040,1,500.84,0
104821,1011,1,36.74,0
104822,1087,1,48.29,0
104822,1019,1,81.89,0
104822,1035,2,54.59,0
104822,1018,1,223.64,0
104823,1008,1,46.19,0
104823,1029,2,32.54,0
104824,1074,1,20.99,0
104824,1002,1,145.94,0
104825,1034,2,72.44,0
104826,1063,1,258.29,0
104827,1011,1,36.74,0
104827,1016,1,190.04,0
104828,1012,1,115.49,0
104828,1032,1,86.09,0
104829,1036,1,61.94,0
104830,1018,2,223.64,0
104831,1015,1,101.84,0
104831,1024,1,62.99,0
104832,1014,1,38.84,0
104832,1017,1,91.34,0
104833,1006,1,17.84,0
104834,1046,1,150.14,0
104834,1076,3,145.94,0
104835,1029,4,32.54,0
104836,1085,2,121.79,0
104837,1090,1,18.89,0
104838,1046,1,150.14,0
104839,1076,1,145.94,0
104840,1018,1,223.64,0
104840,1017,1,91.34,0
104841,1001,1,65.09,0
104841,1018,2,223.64,0
104842,1070,1,129.14,0
104842,1075,1,53.54,0
104842,1082,1,110.24,0
104843,1072,1,149.09,0
104844,1088,1,22.04,0
104844,1004,1,79.79,0
104845,1062,1,160.64,0
104846,1086,1,102.89,0
104846,1012,2,115.49,0
104847,1011,1,36.74,0
104847,1058,1,98.69,0
104848,1016,1,190.04,0
104849,1035,1,54.59,0
104849,1025,1,175.34,0
104849,1005,1,83.99,0
104849,1034,1,72.44,0
104850,1050,2,154.34,0
104851,1077,1,27.29,0
104851,1011,1,36.74,0
104852,1037,1,30.44,0
104852,1073,1,73.49,0
104853,1028,1,81.89,0
104854,1055,1,211.04,0
104855,1017,1,91.34,0
104856,1029,1,32.54,0
104857,1075,3,53.54,0
104858,1076,1,145.94,0
104859,1085,1,121.79,0
104860,1012,1,115.49,0
104860,1005,1,83.99,0
104861,1082,1,110.24,0
104862,1077,3,27.29,0
104863,1033,1,90.29,0
104864,1076,1,145.94,0
104864,1036,1,61.94,0
104864,1010,1,101.84,0
104865,1026,1,170.09,0
104865,1054,1,241.49,0
104865,1039,1,508.19,0
104865,1012,1,115.49,0
104866,1086,2,102.89,0
104867,1084,1,118.64,0
104867,1049,1,133.34,0
104868,1086,1,102.89,0
104868,1051,1,56.69,0
104869,1008,1,46.19,0
104870,1057,2,216.29,64.89
104870,1089,1,56.69,8.5
104871,1071,1,10.49,0
104871,1072,1,149.09,0
104872,1027,1,95.54,0
104872,1035,2,54.59,0
104872,1008,1,46.19,0
104872,1014,1,38.84,0
104873,1090,1,18.89,0
104874,1003,1,24.14,3.62
104874,1037,1,30.44,4.57
104875,1017,3,91.34,0
104876,1027,2,95.54,0
104877,1015,1,101.84,0
104877,1069,2,28.34,0
104877,1047,1,204.74,0
104878,1044,1,556.49,0
104879,1017,1,91.34,0
104880,1028,1,81.89,12.28
104881,1011,2,36.74,0
104881,1002,1,145.94,0
104882,1041,1,581.69,0
104883,1079,2,65.09,0
104883,1003,1,24.14,0
104884,1048,1,146.99,0
104884,1079,2,65.09,0
104885,1064,1,161.69,24.25
104886,1047,1,204.74,0
104886,1010,1,101.84,0
104887,1080,2,141.74,0
104888,1070,1,129.14,0
104888,1066,1,180.59,0
104888,1037,1,30.44,0
104889,1090,1,18.89,0
104890,1086,1,102.89,0
104890,1045,1,532.34,0
104891,1079,1,65.09,9.76
104891,1076,1,145.94,21.89
104891,1015,2,101.84,30.55
104891,1029,1,32.54,4.88
104892,1040,1,500.84,0
104893,1074,1,20.99,0
104893,1084,2,118.64,0
104894,1013,1,131.24,0
104895,1073,1,73.49,0
104895,1005,3,83.99,0
104896,1074,2,20.99,0
104897,1015,2,101.84,30.55
104897,1071,1,10.49,1.57
104898,1001,1,65.09,0
104899,1085,1,121.79,0
104900,1027,1,95.54,0
104901,1085,1,121.79,0
104902,1018,1,223.64,0
104903,1058,1,98.69,0
104904,1004,3,79.79,0
104904,1073,2,73.49,0
104905,1070,1,129.14,0
104906,1058,1,,14.8
104907,1004,1,79.79,0
104907,1017,1,91.34,0
104908,1018,2,,0
104908,1053,1,39.89,0
104909,1071,1,10.49,1.57
104910,1020,1,57.74,0
104910,1009,1,138.59,0
104910,1031,2,40.94,0
104910,1051,1,56.69,0
104911,1054,1,241.49,0
104911,1074,1,20.99,0
104912,1037,1,30.44,4.57
104912,1029,1,32.54,4.88
104912,1016,1,190.04,28.51
104913,1039,1,508.19,0
104914,1089,1,56.69,8.5
104914,1062,1,160.64,24.1
104914,1006,1,17.84,2.68
104915,1001,1,65.09,9.76
104916,1028,3,81.89,0
104917,1005,1,83.99,0
104917,1017,1,91.34,0
104918,1011,1,36.74,0
104918,1084,1,118.64,0
104919,1065,1,173.24,0
104919,1085,1,121.79,0
104919,1057,1,216.29,0
104920,1007,1,75.59,0
104921,1088,2,22.04,0
104922,1024,2,62.99,18.9
104923,1076,1,145.94,0
104923,1035,1,54.59,0
104924,1013,1,131.24,0
104925,1016,2,190.04,0
104925,1076,1,145.94,0
104926,1034,1,72.44,0
104926,1080,1,141.74,0
104927,1017,1,91.34,0
104927,1062,1,160.64,0
104928,1071,1,10.49,0
104929,1003,3,24.14,0
104930,1006,1,17.84,0
104931,1083,1,20.99,0
104931,1056,1,251.99,0
104931,1006,1,17.84,0
104931,1067,2,36.74,0
104932,1029,1,32.54,0
104932,1028,2,81.89,0
104932,1004,1,79.79,0
104933,1085,1,121.79,0
104934,1024,1,62.99,9.45
104935,1007,1,75.59,0
104935,1006,1,17.84,0
104936,1073,1,73.49,0
104936,1084,1,118.64,0
104937,1080,1,141.74,0
104938,1036,1,61.94,0
104939,1067,1,36.74,0
104939,1019,1,81.89,0
104939,1081,1,78.74,0
104940,1085,1,121.79,0
104940,1043,1,134.39,0
104941,1068,2,52.49,10.5
104942,1003,2,24.14,4.83
104943,1053,3,39.89,0
104944,1073,1,73.49,0
104944,1062,2,160.64,0
104945,1089,1,56.69,0
104946,1079,1,65.09,0
104947,1086,1,102.89,0
104948,1030,1,8.39,0
104948,1085,1,121.79,0
104949,1054,1,,0
104950,1090,1,18.89,0
104951,1003,2,24.14,4.83
104951,1014,2,38.84,7.77
104952,1084,1,118.64,0
104952,1085,1,121.79,0
104953,1030,2,8.39,2.52
104954,1073,1,73.49,0
104954,1081,2,78.74,0
104955,1013,1,131.24,0
104956,1005,2,83.99,0
104956,1066,1,180.59,0
104957,1035,1,54.59,0
104958,1014,1,38.84,5.83
104958,1009,1,138.59,20.79
104959,1085,1,121.79,18.27
104960,1020,2,57.74,0
104961,1056,2,251.99,0
104962,1050,1,154.34,0
104962,1046,1,150.14,0
104963,1085,1,121.79,0
104963,1082,2,110.24,0
104964,1073,1,73.49,11.02
104964,1003,1,24.14,3.62
104965,1090,1,18.89,0
104965,1006,2,17.84,0
104965,1012,3,115.49,0
104965,1030,2,8.39,0
104966,1072,1,149.09,22.36
104967,1052,1,219.44,0
104967,1079,4,65.09,0
104967,1045,1,532.34,0
104967,1077,1,27.29,0
104968,1015,2,101.84,0
104968,1020,2,57.74,0
104969,1060,1,141.74,0
104970,1024,1,62.99,0
104970,1026,1,170.09,0
104971,1048,1,146.99,22.05
104972,1001,1,65.09,0
104972,1085,1,121.79,0
104973,1002,1,145.94,0
104973,1043,1,134.39,0
104974,1074,1,20.99,0
104974,1012,1,115.49,0
104975,1084,1,118.64,0
104976,1085,1,121.79,0
104977,1053,2,39.89,0
104977,1042,1,812.69,0
104978,1016,1,190.04,0
104979,1002,1,145.94,0
104979,1051,1,56.69,0
104980,1049,1,133.34,0
104980,1069,2,28.34,0
104980,1061,1,48.29,0
104981,1065,1,173.24,0
104982,1077,1,27.29,0
104983,1008,1,46.19,6.93
104983,1046,1,150.14,22.52
104984,1083,1,20.99,0
104984,1006,2,17.84,0
104984,1088,1,22.04,0
104985,1035,1,54.59,8.19
104986,1074,1,20.99,0
104986,1045,1,532.34,0
104986,1038,1,329.69,0
104987,1079,1,65.09,0
104987,1081,1,78.74,0
104988,1052,1,219.44,32.92
104988,1060,1,141.74,21.26
104989,1053,1,39.89,0
104989,1032,3,86.09,0
104989,1070,1,129.14,0
104989,1023,1,142.79,0
104990,1073,1,73.49,0
104990,1036,1,61.94,0
104991,1037,2,30.44,9.13
104991,1072,1,149.09,22.36
104992,1045,1,532.34,0
104993,1084,1,118.64,0
104993,1036,3,61.94,0
104993,1064,1,161.69,0
104994,1085,1,121.79,12.18
104995,1087,1,48.29,0
104996,1071,1,10.49,0
104997,1001,1,65.09,0
104998,1008,1,46.19,0
104998,1001,1,65.09,0
104999,1072,1,149.09,0
104999,1033,1,90.29,0
105000,1053,1,39.89,0
105000,1040,1,500.84,0
105000,1044,1,556.49,0
105001,1071,1,10.49,0
105002,1075,2,53.54,0
105003,1050,1,154.34,0
105004,1032,1,86.09,0
105004,1046,1,150.14,0
105005,1040,1,500.84,0
105005,1031,1,40.94,0
105006,1046,1,150.14,0
105007,1049,1,133.34,0
105007,1051,1,56.69,0
105008,1050,2,154.34,0
105008,1036,1,61.94,0
105009,1088,1,22.04,3.31
105009,1020,1,57.74,8.66
105010,1032,1,86.09,12.91
105010,1010,1,101.84,15.28
105010,1071,1,10.49,1.57
105011,1058,1,98.69,0
105012,1053,1,39.89,0
105012,1035,1,54.59,0
105012,1086,1,102.89,0
105012,1007,1,75.59,0
105013,1022,1,93.44,0
105014,1042,1,812.69,0
105014,1090,1,18.89,0
105015,1035,1,54.59,0
105015,1058,1,98.69,0
105015,1061,1,48.29,0
105016,1079,1,65.09,0
105017,1088,2,22.04,6.61
105017,1082,2,110.24,33.07
105018,1050,1,154.34,0
105019,1010,2,101.84,0
105020,1073,1,73.49,0
105021,1009,1,138.59,0
105022,1077,1,27.29,0
105023,1077,1,27.29,0
105024,1046,1,150.14,0
105025,1007,2,75.59,0
105026,1024,1,62.99,0
105026,1053,2,39.89,0
105026,1070,1,129.14,0
105027,1070,1,129.14,0
105027,1023,3,142.79,0
105027,1072,1,149.09,0
105028,1049,1,133.34,0
105028,1011,2,36.74,0
105029,1021,1,130.19,0
105030,1081,1,78.74,0
105031,1027,1,95.54,0
105032,1072,1,149.09,0
105033,1070,1,129.14,0
105033,1048,1,146.99,0
105033,1081,1,78.74,0
105033,1015,1,101.84,0
105034,1030,1,8.39,0
105035,1004,1,79.79,0
105036,1080,1,141.74,0
105036,1015,1,101.84,0
105036,1013,1,131.24,0
105037,1050,1,154.34,0
105037,1043,1,134.39,0
105038,1057,2,216.29,0
105038,1085,2,121.79,0
105039,1072,1,149.09,0
105039,1018,1,223.64,0
105039,1010,2,101.84,0
105040,1085,1,121.79,0
105040,1056,2,251.99,0
105040,1038,1,329.69,0
105040,1065,1,173.24,0
105041,1055,1,211.04,0
105042,1084,2,118.64,0
105043,1009,2,138.59,0
105043,1013,1,131.24,0
105043,1012,1,115.49,0
105043,1078,2,90.29,0
105044,1035,4,54.59,0
105044,1068,1,52.49,0
105044,1067,1,36.74,0
105045,1002,1,145.94,0
105046,1085,1,121.79,0
105046,1022,1,93.44,0
105046,1011,3,36.74,0
105047,1033,1,90.29,0
105047,1046,1,150.14,0
105047,1073,1,73.49,0
105047,1011,1,36.74,0
105048,1052,1,219.44,0
105049,1034,1,72.44,0
105050,1012,1,115.49,0
105051,1019,1,81.89,0
105052,1050,1,154.34,0
105053,1017,1,91.34,0
105054,1067,1,36.74,0
105054,1021,2,130.19,0
105055,1018,1,223.64,0
105056,1079,1,65.09,0
105057,1013,4,131.24,0
105057,1035,1,54.59,0
105058,1064,1,161.69,16.17
105059,1054,1,241.49,0
105059,1015,1,101.84,0
105060,1027,1,95.54,0
105060,1071,1,10.49,0
105061,1015,1,101.84,0
105062,1051,2,56.69,0
105063,1054,4,241.49,0
105063,1014,1,38.84,0
105064,1021,1,130.19,0
105065,1074,1,20.99,0
105065,1003,3,24.14,0
105066,1065,1,173.24,0
105067,1027,1,95.54,14.33
105068,1019,1,81.89,0
105069,1073,1,73.49,0
105069,1003,2,24.14,0
105070,1071,2,,0
105070,1050,1,154.34,0
105071,1019,1,81.89,0
105072,1042,1,812.69,0
105073,1048,1,146.99,0
105073,1051,1,56.69,0
105074,1053,1,39.89,0
105074,1076,1,145.94,0
105075,1040,1,500.84,0
105075,1086,1,102.89,0
105076,1087,1,48.29,0
105076,1002,1,145.94,0
105076,1053,2,39.89,0
105077,1087,1,48.29,7.24
105078,1036,1,61.94,0
105079,1041,1,581.69,0
105080,1073,2,73.49,14.7
105080,1013,1,131.24,13.12
105081,1013,1,131.24,0
105081,1001,1,65.09,0
105082,1081,1,78.74,0
105083,1003,1,24.14,0
105083,1080,2,141.74,0
105084,1069,1,28.34,4.25
105085,1016,1,190.04,0
105085,1005,1,83.99,0
105085,1006,1,17.84,0
105086,1074,1,20.99,0
105087,1042,1,812.69,0
105087,1051,1,56.69,0
105088,1023,1,142.79,0
105089,1032,1,86.09,0
105090,1005,1,83.99,0
105091,1090,2,18.89,0
105091,1080,1,141.74,0
105092,1057,1,216.29,21.63
105092,1036,1,61.94,6.19
105093,1001,1,65.09,0
105094,1064,1,161.69,0
105095,1055,1,211.04,0
105096,1001,2,65.09,0
105096,1024,1,62.99,0
105096,1031,2,40.94,0
105097,1020,1,57.74,8.66
105097,1073,1,73.49,11.02
105098,1064,1,161.69,0
105098,1051,1,56.69,0
105099,1031,1,40.94,0
105100,1085,1,121.79,18.27
105101,1071,1,10.49,0
105101,1083,1,20.99,0
105102,1082,1,110.24,0
105102,1087,1,48.29,0
105102,1077,1,27.29,0
105103,1062,2,160.64,0
105103,1018,1,223.64,0
105104,1008,1,46.19,0
105104,1082,1,110.24,0
105105,1036,1,61.94,0
105106,1087,1,48.29,0
105107,1032,1,86.09,0
105108,1043,1,134.39,0
105108,1011,1,36.74,0
105109,1009,1,138.59,0
105110,1052,1,219.44,0
105110,1032,1,86.09,0
105111,1040,1,500.84,0
105111,1037,1,30.44,0
105111,1015,1,101.84,0
105112,1016,1,190.04,28.51
105113,1089,1,56.69,0
105113,1075,1,53.54,0
105113,1077,1,27.29,0
105114,1086,2,102.89,30.87
105115,1073,2,73.49,0
105116,1086,2,102.89,0
105116,1005,1,83.99,0
105117,1086,1,102.89,0
105117,1084,2,118.64,0
105118,1051,1,56.69,0
105118,1007,1,75.59,0
105118,1032,1,86.09,0
105118,1027,3,95.54,0
105119,1084,1,118.64,0
105120,1067,2,36.74,11.02
105121,1066,1,180.59,0
105121,1009,2,138.59,0
105122,1079,1,65.09,0
105123,1051,1,56.69,0
105124,1075,1,53.54,0
105124,1009,3,138.59,0
105125,1037,1,30.44,3.04
105126,1060,1,141.74,21.26
105127,1056,1,251.99,0
105128,1007,1,75.59,0
105129,1076,1,145.94,0
105130,1086,1,102.89,0
105130,1083,1,20.99,0
105131,1060,1,141.74,0
105132,1089,1,56.69,0
105133,1057,1,216.29,0
105134,1014,1,38.84,0
105134,1073,1,73.49,0
105135,1083,1,20.99,0
105136,1086,2,102.89,30.87
105137,1074,2,20.99,0
105137,1065,1,173.24,0
105138,1042,1,812.69,0
105139,1085,2,121.79,0
105140,1009,1,138.59,0
105141,1082,1,110.24,0
105141,1032,2,86.09,0
105142,1047,1,204.74,0
105143,1043,1,134.39,0
105144,1046,1,150.14,15.01
105145,1076,2,145.94,0
105146,1037,1,30.44,0
105147,1082,1,110.24,0
105148,1074,1,20.99,2.1
105148,1086,1,102.89,10.29
105149,1070,1,129.14,0
105149,1034,1,72.44,0
105149,1043,1,134.39,0
105150,1051,1,56.69,0
105150,1015,1,101.84,0
105151,1004,1,79.79,11.97
105152,1075,1,53.54,0
105153,1026,1,170.09,25.51
105154,1030,1,8.39,0.84
105154,1046,1,150.14,15.01
105155,1055,2,211.04,0
105155,1080,1,141.74,0
105156,1019,2,81.89,0
105156,1035,1,54.59,0
105156,1087,2,48.29,0
105157,1003,2,24.14,0
105158,1034,2,72.44,0
105159,1052,1,219.44,0
105160,1067,1,36.74,0
105160,1050,1,154.34,0
105160,1075,2,53.54,0
105161,1004,1,79.79,0
105162,1034,1,72.44,0
105163,1041,1,581.69,0
105163,1075,1,53.54,0
105164,1010,1,101.84,0
105164,1087,1,48.29,0
105164,1031,1,40.94,0
105165,1023,1,142.79,0
105166,1081,1,78.74,0
105167,1079,1,65.09,0
105168,1003,1,24.14,0
105169,1049,1,133.34,0
105170,1014,1,38.84,3.88
105170,1047,1,204.74,20.47
105170,1022,2,93.44,18.69
105170,1049,1,133.34,13.33
105171,1001,1,65.09,0
105172,1045,1,532.34,0
105173,1080,1,141.74,0
105173,1015,1,101.84,0
105174,1029,1,32.54,0
105174,1075,2,53.54,0
105174,1078,1,90.29,0
105174,1072,1,149.09,0
105175,1078,1,90.29,0
105175,1006,2,17.84,0
105175,1077,1,27.29,0
105176,1011,1,36.74,0
105176,1062,1,160.64,0
105176,1005,1,83.99,0
105176,1075,1,53.54,0
105177,1022,2,93.44,0
105177,1086,1,102.89,0
105178,1082,4,110.24,0
105178,1084,1,118.64,0
105179,1023,2,142.79,0
105180,1060,1,141.74,0
105181,1088,2,22.04,0
105182,1002,1,145.94,0
105183,1087,1,48.29,0
105184,1050,1,154.34,0
105184,1086,1,102.89,0
105184,1090,1,18.89,0
105184,1065,1,173.24,0
105185,1076,1,145.94,0
105185,1078,1,90.29,0
105186,1070,1,129.14,0
105187,1079,1,,0
105188,1009,1,138.59,0
105188,1026,1,170.09,0
105188,1081,1,78.74,0
105189,1064,1,161.69,0
105190,1024,1,62.99,0
105190,1002,1,145.94,0
105191,1009,3,138.59,0
105192,1065,1,173.24,0
105192,1083,1,20.99,0
105193,1075,3,53.54,0
105194,1029,1,,0
105195,1076,1,145.94,0
105195,1017,1,91.34,0
105196,1058,2,98.69,29.61
105197,1033,1,90.29,0
105197,1006,1,17.84,0
105198,1061,2,48.29,0
105198,1068,1,52.49,0
105198,1006,1,17.84,0
105198,1041,1,581.69,0
105199,1085,1,121.79,0
105199,1007,1,75.59,0
105200,1058,1,98.69,0
105200,1089,1,56.69,0
105201,1001,1,65.09,9.76
105202,1089,1,56.69,5.67
105203,1025,1,175.34,0
105204,1009,1,138.59,0
105205,1078,1,90.29,0
105205,1001,2,65.09,0
105205,1064,1,161.69,0
105205,1059,2,491.39,0
105206,1034,1,72.44,0
105206,1057,3,216.29,0
105207,1023,1,142.79,0
105208,1037,2,30.44,0
105209,1023,1,142.79,0
105209,1038,1,329.69,0
105209,1088,1,22.04,0
105209,1090,1,18.89,0
105210,1074,1,20.99,0
105210,1034,1,,0
105211,1054,1,241.49,0
105212,1073,1,73.49,0
105212,1061,2,48.29,0
105212,1009,1,138.59,0
105213,1079,1,65.09,0
105214,1061,1,48.29,7.24
105214,1057,2,216.29,64.89
105214,1016,1,190.04,28.51
105215,1010,1,101.84,10.18
105216,1079,1,65.09,0
105217,1074,1,20.99,0
105218,1007,2,75.59,0
105218,1055,1,211.04,0
105219,1005,1,83.99,0
105220,1080,1,141.74,0
105220,1063,1,258.29,0
105221,1004,1,79.79,0
105221,1011,1,36.74,0
105221,1070,1,129.14,0
105222,1024,1,62.99,6.3
105223,1037,1,30.44,0
105223,1018,1,223.64,0
105224,1019,1,81.89,0
105224,1030,2,8.39,0
105224,1074,1,20.99,0
105225,1063,1,258.29,0
105226,1090,1,18.89,0
105226,1023,1,142.79,0
105227,1046,1,150.14,0
105228,1056,1,251.99,0
105228,1030,1,8.39,0
105229,1083,1,20.99,0
105229,1078,1,90.29,0
105229,1032,1,86.09,0
105229,1016,1,190.04,0
105230,1089,3,56.69,25.51
105230,1014,1,38.84,5.83
105230,1024,4,62.99,37.79
105230,1015,1,101.84,15.28
105231,1004,1,79.79,0
105232,1072,1,149.09,0
105233,1088,1,22.04,0
105233,1012,1,115.49,0
105234,1011,1,36.74,0
105234,1040,1,500.84,0
105235,1068,1,52.49,0
105236,1027,1,95.54,14.33
105236,1050,1,154.34,23.15
105237,1075,1,53.54,0
105237,1029,2,32.54,0
105237,1016,2,190.04,0
105238,1016,1,190.04,0
105239,1080,1,141.74,21.26
105239,1019,1,81.89,12.28
105239,1020,1,57.74,8.66
105239,1003,1,24.14,3.62
105240,1013,1,131.24,0
105241,1078,2,90.29,0
105241,1075,1,53.54,0
105241,1048,1,,0
105242,1082,1,110.24,0
105242,1012,1,115.49,0
105243,1007,2,75.59,0
105243,1053,1,39.89,0
105244,1070,1,129.14,19.37
105244,1080,3,141.74,63.78
105244,1003,1,24.14,3.62
105245,1073,1,73.49,0
105245,1011,1,36.74,0
105246,1083,1,20.99,3.15
105247,1051,1,56.69,0
105247,1005,1,83.99,0
105247,1001,1,65.09,0
105247,1036,1,61.94,0
105248,1087,3,48.29,0
105249,1005,4,83.99,0
105249,1081,1,78.74,0
105250,1006,1,17.84,0
105250,1086,1,102.89,0
105251,1006,1,17.84,0
105252,1031,1,40.94,6.14
105252,1075,1,53.54,8.03
105253,1090,1,18.89,1.89
105254,1077,1,27.29,0
105254,1081,1,78.74,0
105255,1048,1,146.99,0
105255,1030,1,8.39,0
105256,1088,2,22.04,0
105256,1082,1,110.24,0
105256,1080,1,141.74,0
105257,1032,1,86.09,12.91
105257,1089,1,56.69,8.5
105258,1083,1,20.99,0
105258,1079,1,65.09,0
105258,1017,1,91.34,0
105258,1075,1,53.54,0
105259,1083,1,20.99,2.1
105259,1058,1,98.69,9.87
105259,1088,2,22.04,4.41
105259,1061,2,48.29,9.66
105260,1021,1,130.19,0
105260,1082,1,110.24,0
105261,1075,1,53.54,0
105262,1048,1,146.99,0
105262,1050,1,154.34,0
105262,1061,1,48.29,0
105263,1002,1,145.94,0
105263,1033,1,90.29,0
105264,1006,1,17.84,0
105265,1075,1,53.54,0
105265,1048,1,146.99,0
105265,1047,1,204.74,0
105265,1009,1,138.59,0
105266,1061,3,48.29,0
105267,1083,1,20.99,0
105268,1076,1,145.94,21.89
105269,1076,1,145.94,0
105269,1040,1,500.84,0
105269,1009,1,138.59,0
105270,1085,1,121.79,12.18
105270,1037,1,30.44,3.04
105271,1034,1,72.44,0
105272,1090,1,18.89,0
105272,1064,1,161.69,0
105273,1036,2,61.94,0
105273,1023,1,142.79,0
105274,1004,1,79.79,7.98
105274,1030,1,8.39,0.84
105274,1049,1,133.34,13.33
105274,1006,1,17.84,1.78
105275,1004,1,79.79,0
105275,1023,2,142.79,0
105276,1005,3,83.99,0
105276,1064,1,161.69,0
105276,1014,4,,0
105277,1029,1,32.54,0
105277,1073,1,73.49,0
105278,1068,1,52.49,0
105278,1061,1,48.29,0
105279,1031,1,40.94,0
105279,1081,1,78.74,0
105280,1050,1,154.34,0
105280,1055,1,211.04,0
105281,1076,3,145.94,0
105282,1067,3,36.74,0
105283,1089,1,56.69,0
105284,1017,1,91.34,0
105285,1037,1,30.44,0
105286,1087,2,48.29,0
105287,1017,1,91.34,0
105288,1023,2,142.79,42.84
105289,1061,3,48.29,0
105290,1080,1,141.74,0
105291,1075,1,53.54,0
105292,1018,2,223.64,0
105293,1068,1,52.49,0
105293,1031,1,40.94,0
105294,1077,1,27.29,0
105294,1057,1,216.29,0
105294,1047,1,204.74,0
105295,1064,1,161.69,0
105296,1005,1,,0
105296,1078,1,90.29,0
105297,1008,1,46.19,6.93
105298,1053,1,39.89,0
105299,1076,1,145.94,0
105300,1042,1,812.69,0
105301,1012,1,115.49,0
105302,1054,1,241.49,0
105302,1066,1,180.59,0
105303,1074,1,20.99,0
105304,1076,1,145.94,0
105305,1067,1,36.74,5.51
105306,1036,1,61.94,0
105306,1002,2,145.94,0
105306,1072,1,149.09,0
105307,1041,1,581.69,0
105307,1069,1,28.34,0
105308,1077,2,27.29,0
105308,1016,1,190.04,0
105308,1073,2,73.49,0
105309,1069,1,28.34,0
105310,1080,1,141.74,0
105310,1006,1,17.84,0
105311,1029,2,32.54,0
105311,1005,1,83.99,0
105312,1057,1,216.29,0
105313,1061,1,48.29,0
105314,1002,1,145.94,21.89
105314,1050,3,154.34,69.45
105315,1026,1,170.09,25.51
105315,1011,1,36.74,5.51
105316,1074,1,20.99,0
105316,1021,1,130.19,0
105316,1065,1,173.24,0
105317,1033,2,90.29,0
105318,1072,1,149.09,0
105318,1023,1,142.79,0
105319,1052,1,219.44,0
105320,1031,1,40.94,0
105321,1062,1,160.64,0
105321,1071,1,10.49,0
105321,1072,1,149.09,0
105322,1003,2,24.14,0
105323,1052,1,219.44,0
105323,1014,1,38.84,0
105324,1058,1,98.69,14.8
105324,1088,1,22.04,3.31
105325,1087,1,48.29,0
105326,1057,1,216.29,0
105326,1024,1,62.99,0
105327,1067,1,36.74,0
105327,1045,1,532.34,0
105327,1026,1,170.09,0
105328,1086,2,102.89,0
105329,1081,1,78.74,0
105329,1002,1,145.94,0
105329,1090,1,18.89,0
105330,1033,1,90.29,0
105331,1012,1,115.49,0
105331,1027,1,95.54,0
105331,1069,1,28.34,0
105332,1004,2,79.79,0
105332,1076,1,145.94,0
105332,1083,1,20.99,0
105333,1031,4,40.94,0
105333,1016,1,190.04,0
105334,1010,1,101.84,0
105334,1003,1,24.14,0
105335,1010,1,101.84,0
105335,1055,1,211.04,0
105335,1073,1,73.49,0
105335,1017,1,91.34,0
105336,1081,1,78.74,0
105337,1043,1,134.39,0
105338,1002,1,145.94,0
105339,1017,1,91.34,0
105340,1051,1,56.69,0
105340,1016,1,190.04,0
105341,1078,1,90.29,0
105341,1010,1,101.84,0
105341,1011,1,36.74,0
105342,1089,1,56.69,0
105342,1071,1,10.49,0
105343,1025,1,175.34,0
105344,1026,1,170.09,0
105344,1069,1,28.34,0
105345,1010,1,101.84,0
105345,1006,1,17.84,0
105346,1052,1,219.44,32.92
105347,1066,1,180.59,0
105347,1033,1,90.29,0
105347,1071,1,10.49,0
105347,1032,1,86.09,0
105348,1062,1,160.64,0
105348,1033,1,90.29,0
105349,1074,1,20.99,0
105350,1066,1,180.59,0
105350,1054,1,241.49,0
105351,1031,2,40.94,0
105352,1068,1,52.49,0
105353,1018,1,223.64,0
105353,1085,1,121.79,0
105354,1074,1,20.99,0
105354,1076,2,145.94,0
105355,1004,1,79.79,7.98
105355,1081,2,78.74,15.75
105356,1035,2,54.59,0
105356,1030,4,8.39,0
105357,1007,1,75.59,0
105357,1083,2,20.99,0
105357,1062,1,160.64,0
105358,1083,1,20.99,0
105358,1080,2,141.74,0
105359,1034,1,72.44,0
105360,1069,1,28.34,0
105360,1015,1,101.84,0
105360,1039,1,508.19,0
105361,1076,1,145.94,14.59
105362,1072,1,149.09,0
105362,1061,1,48.29,0
105363,1071,1,10.49,0
105363,1012,1,115.49,0
105363,1030,1,8.39,0
105364,1090,1,18.89,2.83
105365,1022,1,93.44,0
105366,1011,1,36.74,0
105366,1068,1,52.49,0
105366,1012,1,115.49,0
105367,1086,1,102.89,15.43
105368,1007,2,75.59,0
105369,1006,1,17.84,0
105369,1063,1,258.29,0
105370,1059,1,491.39,0
105370,1036,2,61.94,0
105371,1003,1,24.14,2.41
105371,1020,2,57.74,11.55
105372,1072,1,149.09,0
105373,1037,3,30.44,0
105373,1078,1,90.29,0
105373,1026,1,170.09,0
105373,1088,1,22.04,0
105374,1057,1,216.29,0
105374,1009,2,138.59,0
105375,1073,1,73.49,11.02
105375,1008,3,46.19,20.79
105375,1068,1,52.49,7.87
105376,1061,4,48.29,0
105377,1001,2,65.09,0
105378,1017,1,91.34,0
105378,1076,3,145.94,0
105379,1090,1,18.89,2.83
105379,1063,1,258.29,38.74
105379,1023,1,142.79,21.42
105379,1083,1,20.99,3.15
105380,1058,3,98.69,0
105381,1028,2,81.89,0
105381,1037,1,30.44,0
105382,1083,3,20.99,9.45
105383,1081,1,78.74,0
105384,1069,1,28.34,0
105385,1037,2,30.44,0
105386,1013,1,131.24,0
105387,1001,2,65.09,0
105387,1074,2,20.99,0
105388,1073,1,73.49,0
105388,1010,1,101.84,0
105388,1003,1,24.14,0
105388,1042,1,812.69,0
105389,1074,1,20.99,0
105390,1069,1,28.34,0
105391,1039,1,508.19,0
105392,1033,1,90.29,0
105393,1002,1,145.94,0
105393,1069,2,28.34,0
105394,1026,1,170.09,0
105395,1025,3,175.34,0
105396,1071,1,10.49,1.05
105396,1062,1,160.64,16.06
105397,1025,1,175.34,17.53
105397,1065,1,173.24,17.32
105398,1075,1,53.54,0
105399,1057,1,216.29,0
105400,1037,1,30.44,0
105401,1008,2,46.19,0
105402,1024,1,62.99,0
105403,1071,1,10.49,0
105403,1072,1,149.09,0
105404,1079,1,65.09,0
105405,1062,1,160.64,0
105406,1035,1,54.59,0
105406,1050,1,154.34,0
105406,1036,1,61.94,0
105407,1088,2,22.04,0
105408,1064,1,161.69,0
105409,1036,1,61.94,6.19
105409,1035,1,54.59,5.46
105410,1009,1,138.59,0
105411,1049,1,133.34,13.33
105411,1085,1,121.79,12.18
105412,1079,1,65.09,0
105413,1055,2,211.04,0
105413,1004,1,79.79,0
105413,1079,2,65.09,0
105414,1061,3,48.29,21.73
105415,1050,1,154.34,0
105416,1006,1,17.84,0
105417,1053,1,39.89,0
105417,1027,1,95.54,0
105418,1032,1,86.09,0
105419,1090,1,18.89,0
105420,1028,2,81.89,0
105421,1063,1,258.29,25.83
105422,1059,1,491.39,0
105422,1051,1,56.69,0
105423,1087,1,48.29,0
105424,1082,1,110.24,0
105425,1016,1,190.04,0
105426,1030,1,,0
105427,1036,1,61.94,0
105428,1040,1,500.84,0
105429,1060,1,141.74,0
105430,1006,1,17.84,2.68
105430,1067,1,36.74,5.51
105431,1070,1,129.14,0
105431,1017,2,91.34,0
105432,1029,1,32.54,0
105432,1022,4,93.44,0
105433,1003,1,24.14,0
105433,1032,2,86.09,0
105433,1010,2,101.84,0
105433,1024,1,62.99,0
105434,1019,1,81.89,0
105434,1046,1,150.14,0
105435,1070,1,129.14,0
105435,1090,1,18.89,0
105436,1035,1,54.59,0
105437,1089,1,56.69,0
105437,1059,1,491.39,0
105437,1036,2,61.94,0
105437,1041,1,581.69,0
105438,1036,2,61.94,0
105438,1066,1,180.59,0
105439,1064,1,161.69,0
105440,1081,1,78.74,0
105441,1089,1,56.69,0
105441,1072,1,149.09,0
105442,1049,1,133.34,0
105443,1035,2,54.59,0
105444,1074,1,20.99,3.15
105445,1067,1,36.74,0
105445,1003,1,24.14,0
105446,1063,1,258.29,0
105447,1005,2,83.99,0
105447,1001,1,65.09,0
105447,1018,1,223.64,0
105448,1022,2,93.44,0
105449,1044,1,556.49,0
105450,1071,1,10.49,1.57
105450,1026,2,170.09,51.03
105451,1079,3,,0
105452,1080,1,141.74,0
105453,1031,1,40.94,0
105453,1080,1,141.74,0
105454,1051,2,56.69,0
105454,1010,1,,0
105454,1074,1,20.99,0
105455,1067,1,36.74,0
105455,1079,1,65.09,0
105456,1074,1,20.99,0
105456,1080,1,141.74,0
105457,1050,1,154.34,15.43
105457,1059,1,491.39,49.14
105458,1085,1,121.79,0
105459,1059,1,491.39,0
105460,1024,1,62.99,0
105460,1066,3,180.59,0
105460,1077,2,27.29,0
105460,1073,2,73.49,0
105461,1075,1,53.54,0
105461,1058,1,98.69,0
105462,1012,1,115.49,0
105462,1028,1,81.89,0
105463,1078,2,90.29,0
105463,1063,3,258.29,0
105463,1090,1,18.89,0
105464,1030,3,8.39,0
105465,1001,1,65.09,0
105465,1067,2,36.74,0
105465,1023,1,142.79,0
105465,1066,1,180.59,0
105466,1058,1,98.69,0
105466,1028,1,81.89,0
105467,1018,1,223.64,0
105467,1062,1,160.64,0
105468,1038,1,329.69,0
105468,1068,1,52.49,0
105469,1028,1,81.89,0
105469,1023,1,142.79,0
105469,1033,1,90.29,0
105470,1076,1,145.94,0
105470,1046,1,150.14,0
105471,1055,2,211.04,0
105472,1005,1,83.99,0
105473,1049,1,133.34,0
105474,1002,1,,0
105475,1004,1,79.79,0
105476,1065,1,173.24,25.99
105477,1055,2,211.04,63.31
105478,1060,1,141.74,21.26
105478,1027,1,95.54,14.33
105479,1048,1,146.99,0
105479,1066,1,180.59,0
105480,1076,1,145.94,0
105481,1052,1,219.44,0
105481,1068,1,52.49,0
105481,1010,1,101.84,0
105482,1084,2,118.64,0
105482,1060,1,141.74,0
105483,1084,1,118.64,0
105484,1027,1,95.54,0
105484,1036,1,61.94,0
105485,1015,1,101.84,0
105486,1074,1,20.99,0
105487,1028,1,81.89,0
105488,1069,1,28.34,0
105488,1029,1,32.54,0
105488,1003,1,24.14,0
105489,1065,3,173.24,0
105489,1083,1,20.99,0
105489,1012,1,115.49,0
105490,1046,1,150.14,0
105490,1036,3,61.94,0
105490,1057,1,216.29,0
105491,1007,3,75.59,0
105492,1029,1,32.54,0
105493,1047,1,204.74,0
105494,1060,1,141.74,21.26
105494,1086,1,102.89,15.43
105495,1007,1,75.59,0
105496,1085,1,121.79,0
105496,1082,1,110.24,0
105497,1088,3,22.04,0
105497,1005,2,83.99,0
105498,1035,1,54.59,0
105498,1026,1,170.09,0
105499,1026,1,170.09,0
105500,1082,1,110.24,0
105500,1047,1,204.74,0
105501,1077,2,27.29,8.19
105502,1078,1,90.29,0
105503,1078,1,90.29,13.54
105504,1059,1,491.39,73.71
105505,1029,1,32.54,0
105506,1010,2,101.84,0
105507,1008,1,46.19,4.62
105508,1064,1,161.69,24.25
105508,1066,1,180.59,27.09
105508,1027,1,95.54,14.33
105509,1037,1,30.44,0
105510,1071,1,10.49,0
105510,1073,1,73.49,0
105511,1057,1,216.29,0
105511,1005,3,83.99,0
105512,1078,1,90.29,0
105513,1014,1,38.84,0
105513,1077,2,27.29,0
105514,1070,1,129.14,0
105515,1016,1,190.04,0
105515,1076,3,145.94,0
105516,1014,1,38.84,0
105517,1071,1,10.49,0
105518,1090,1,18.89,0
105518,1005,1,83.99,0
105519,1079,1,65.09,9.76
105520,1088,1,22.04,2.2
105520,1074,1,20.99,2.1
105520,1090,3,18.89,5.67
105521,1051,1,56.69,8.5
105521,1037,1,30.44,4.57
105522,1019,2,81.89,24.57
105522,1071,1,10.49,1.57
105523,1071,1,10.49,0
105523,1022,2,93.44,0
105524,1079,1,65.09,0
105525,1081,1,78.74,11.81
105526,1026,1,170.09,17.01
105527,1026,1,170.09,0
105528,1085,1,121.79,0
105529,1010,1,101.84,0
105530,1066,1,180.59,27.09
105531,1066,1,180.59,0
105532,1006,1,17.84,0
105532,1031,1,40.94,0
105532,1089,1,56.69,0
105532,1005,1,83.99,0
105533,1006,1,17.84,1.78
105534,1067,1,36.74,0
105535,1071,1,10.49,0
105535,1022,1,93.44,0
105536,1069,1,28.34,4.25
105537,1078,1,90.29,0
105538,1002,1,145.94,21.89
105539,1080,2,141.74,0
105540,1071,1,10.49,0
105540,1001,1,65.09,0
105541,1078,1,90.29,0
105542,1074,1,20.99,3.15
105543,1015,2,101.84,0
105543,1049,1,133.34,0
105544,1037,2,30.44,9.13
105544,1072,1,149.09,22.36
105545,1081,2,78.74,0
105546,1037,1,30.44,0
105546,1090,2,18.89,0
105546,1067,1,36.74,0
105547,1061,1,48.29,0
105548,1083,1,20.99,3.15
105549,1080,1,141.74,0
105550,1037,1,30.44,0
105551,1070,1,129.14,0
105552,1008,1,46.19,0
105553,1078,4,90.29,0
105554,1090,1,18.89,0
105555,1029,1,32.54,0
105556,1062,1,160.64,0
105557,1068,1,52.49,0
105557,1011,1,36.74,0
105557,1044,1,556.49,0
105558,1044,1,556.49,55.65
105559,1087,1,48.29,0
105560,1008,1,46.19,6.93
105560,1030,1,8.39,1.26
105560,1013,1,131.24,19.69
105561,1015,1,101.84,0
105562,1055,1,211.04,0
105562,1088,1,22.04,0
105562,1011,1,36.74,0
105563,1068,1,52.49,0
105563,1006,3,17.84,0
105563,1043,1,134.39,0
105563,1038,1,329.69,0
105564,1071,1,10.49,0
105564,1021,1,130.19,0
105565,1026,1,170.09,25.51
105565,1070,1,129.14,19.37
105566,1029,1,32.54,0
105566,1075,1,53.54,0
105567,1010,2,101.84,0
105567,1044,1,556.49,0
105568,1025,1,175.34,0
105568,1078,4,90.29,0
105569,1007,1,75.59,0
105569,1069,2,28.34,0
105570,1039,1,508.19,0
105570,1023,1,142.79,0
105570,1082,1,110.24,0
105571,1003,1,24.14,0
105571,1069,1,28.34,0
105572,1077,1,27.29,4.09
105572,1020,1,57.74,8.66
105572,1060,1,141.74,21.26
105573,1078,1,90.29,0
105573,1005,1,83.99,0
105574,1063,1,258.29,0
105575,1008,1,46.19,0
105576,1015,1,101.84,0
105576,1013,1,131.24,0
105576,1023,1,142.79,0
105577,1084,1,118.64,0
105578,1003,1,24.14,0
105578,1020,1,57.74,0
105578,1002,2,145.94,0
105579,1079,1,65.09,0
105580,1029,1,32.54,0
105581,1025,1,175.34,0
105581,1086,1,102.89,0
105582,1065,1,173.24,0
105583,1075,1,53.54,8.03
105584,1063,1,258.29,0
105584,1056,1,251.99,0
105584,1061,1,48.29,0
105585,1013,1,131.24,0
105586,1076,1,145.94,21.89
105586,1019,1,81.89,12.28
105587,1063,1,258.29,0
105587,1040,1,500.84,0
105588,1020,1,57.74,0
105588,1014,1,,0
105589,1032,1,86.09,12.91
105590,1033,2,90.29,0
105590,1079,1,65.09,0
105590,1085,1,121.79,0
105591,1024,1,62.99,0
105592,1063,1,258.29,0
105592,1023,1,142.79,0
105592,1077,2,27.29,0
105593,1043,1,134.39,0
105593,1087,1,48.29,0
105594,1074,1,20.99,0
105594,1019,1,81.89,0
105594,1059,1,491.39,0
105595,1009,1,138.59,0
105595,1076,1,145.94,0
105595,1048,1,146.99,0
105596,1054,1,241.49,24.15
105596,1083,1,20.99,2.1
105597,1031,1,40.94,0
105597,1008,1,46.19,0
105598,1078,2,90.29,0
105598,1026,1,170.09,0
105598,1080,1,141.74,0
105598,1034,1,72.44,0
105599,1037,3,30.44,0
105599,1038,1,329.69,0
105599,1065,1,173.24,0
105600,1076,1,145.94,0
105601,1039,1,508.19,0
105602,1005,1,83.99,8.4
105602,1029,1,32.54,3.25
105603,1034,1,72.44,0
105604,1082,1,110.24,0
105604,1011,1,36.74,0
105605,1010,2,101.84,30.55
105606,1074,1,20.99,3.15
105607,1048,1,146.99,0
105607,1062,1,160.64,0
105608,1017,1,91.34,0
105608,1019,2,81.89,0
105608,1076,1,145.94,0
105609,1023,2,142.79,0
105610,1042,1,812.69,121.9
105611,1022,1,93.44,14.02
105611,1034,1,72.44,10.87
105611,1089,1,56.69,8.5
105612,1036,1,61.94,0
105613,1011,1,36.74,0
105614,1050,1,154.34,0
105614,1001,1,65.09,0
105615,1065,1,173.24,0
105615,1006,1,17.84,0
105616,1059,1,491.39,73.71
105616,1006,1,17.84,2.68
105616,1041,1,581.69,87.25
105616,1089,1,,8.5
105617,1090,1,18.89,0
105617,1073,1,73.49,0
105617,1013,1,131.24,0
105618,1071,1,10.49,0
105618,1070,1,129.14,0
105618,1028,1,81.89,0
105619,1074,1,20.99,0
105620,1018,1,223.64,0
105621,1049,1,133.34,0
105622,1021,3,130.19,0
105622,1034,1,72.44,0
105623,1067,2,36.74,0
105624,1006,1,17.84,0
105625,1031,1,40.94,0
105626,1087,3,48.29,0
105627,1005,1,83.99,0
105628,1072,1,149.09,0
105628,1029,1,32.54,0
105629,1031,1,40.94,4.09
105629,1035,1,54.59,5.46
105629,1064,1,161.69,16.17
105630,1009,2,138.59,0
105630,1090,1,18.89,0
105631,1015,1,101.84,0
105631,1075,2,53.54,0
105632,1055,1,211.04,31.66
105632,1087,1,48.29,7.24
105632,1061,1,48.29,7.24
105633,1005,1,83.99,0
105634,1037,1,30.44,0
105634,1003,1,24.14,0
105634,1021,1,130.19,0
105635,1085,2,121.79,0
105635,1067,1,36.74,0
105636,1083,1,20.99,0
105637,1058,1,98.69,0
105637,1050,1,154.34,0
105637,1023,1,142.79,0
105637,1086,1,102.89,0
105638,1060,1,141.74,0
105638,1058,1,98.69,0
105639,1057,1,216.29,0
105640,1078,2,90.29,0
105640,1033,1,90.29,0
105641,1035,2,54.59,0
105641,1032,2,86.09,0
105641,1077,1,27.29,0
105642,1062,1,160.64,24.1
105643,1002,1,145.94,0
105644,1063,2,258.29,0
105645,1052,1,219.44,0
105646,1078,1,90.29,0
105647,1064,1,161.69,0
105648,1002,1,145.94,0
105649,1075,1,53.54,0
105650,1003,1,24.14,0
105650,1061,1,48.29,0
105651,1007,1,75.59,11.34
105651,1081,1,78.74,11.81
105652,1065,1,173.24,0
105653,1069,1,28.34,0
105654,1032,1,86.09,12.91
105655,1064,1,161.69,0
105655,1008,1,46.19,0
105656,1057,1,216.29,0
105657,1024,1,62.99,0
105658,1017,1,91.34,0
105659,1069,1,28.34,4.25
105659,1067,1,36.74,5.51
105660,1066,1,180.59,0
105661,1089,1,56.69,0
105662,1071,2,10.49,0
105663,1085,1,121.79,18.27
105663,1064,1,161.69,24.25
105663,1003,1,24.14,3.62
105663,1060,2,141.74,42.52
105664,1061,1,48.29,0
105664,1015,1,101.84,0
105664,1004,1,79.79,0
105664,1081,1,78.74,0
105665,1024,1,62.99,0
105665,1088,1,22.04,0
105666,1032,1,86.09,0
105667,1011,1,36.74,0
105668,1082,1,110.24,0
105669,1055,1,211.04,0
105669,1065,1,173.24,0
105670,1021,1,130.19,0
105671,1063,1,258.29,0
105671,1085,1,121.79,0
105672,1010,1,101.84,0
105673,1059,1,491.39,0
105673,1084,1,118.64,0
105674,1015,1,101.84,0
105675,1064,2,161.69,0
105675,1016,1,190.04,0
105675,1082,1,110.24,0
105676,1078,3,90.29,0
105677,1065,1,173.24,0
105677,1084,1,118.64,0
105677,1067,1,36.74,0
105677,1071,1,10.49,0
105678,1059,1,491.39,49.14
105679,1077,1,27.29,0
105679,1047,1,204.74,0
105679,1070,1,129.14,0
105679,1013,4,131.24,0
105680,1001,1,65.09,0
105681,1038,1,329.69,0
105682,1061,1,48.29,0
105683,1066,1,180.59,0
105684,1020,1,57.74,0
105685,1034,1,72.44,7.24
105685,1005,3,83.99,25.2
105686,1083,1,20.99,0
105686,1082,1,110.24,0
105686,1088,1,22.04,0
105687,1072,1,149.09,22.36
105687,1070,1,129.14,19.37
105687,1067,1,36.74,5.51
105687,1068,1,52.49,7.87
105688,1020,1,57.74,8.66
105689,1028,1,81.89,0
105689,1049,1,133.34,0
105690,1086,1,102.89,0
105691,1033,1,90.29,0
105691,1025,1,175.34,0
105692,1071,1,10.49,0
105693,1012,1,115.49,0
105693,1015,2,101.84,0
105694,1034,1,72.44,0
105694,1008,1,46.19,0
105694,1019,1,81.89,0
105694,1024,1,62.99,0
105695,1082,1,110.24,0
105695,1014,2,38.84,0
105696,1068,1,52.49,0
105697,1064,1,161.69,0
105698,1031,1,40.94,0
105699,1027,1,95.54,0
105700,1060,1,141.74,0
105701,1087,3,48.29,0
105702,1034,2,72.44,0
105702,1078,1,90.29,0
105702,1028,1,81.89,0
105703,1079,1,65.09,0
105703,1070,2,129.14,0
105703,1064,1,161.69,0
105704,1061,1,48.29,0
105705,1029,1,32.54,0
105706,1002,1,145.94,0
105706,1015,1,101.84,0
105706,1058,1,98.69,0
105707,1082,1,110.24,0
105707,1090,1,18.89,0
105708,1022,1,93.44,0
105708,1058,1,98.69,0
105708,1036,1,61.94,0
105709,1069,1,28.34,0
105709,1089,1,56.69,0
105709,1029,1,32.54,0
105709,1082,1,110.24,0
105710,1087,1,48.29,0
105711,1032,1,86.09,0
105711,1004,2,79.79,0
105711,1084,1,118.64,0
105712,1007,1,75.59,11.34
105713,1087,1,48.29,0
105714,1088,1,22.04,0
105714,1006,1,17.84,0
105714,1079,1,65.09,0
105715,1052,2,219.44,0
105715,1025,1,175.34,0
105716,1060,1,141.74,0
105717,1066,1,180.59,0
105717,1019,1,81.89,0
105718,1068,1,52.49,0
105718,1066,1,180.59,0
105719,1088,1,22.04,0
105719,1001,1,65.09,0
105719,1062,1,160.64,0
105719,1019,1,81.89,0
105720,1044,1,556.49,0
105720,1026,1,170.09,0
105721,1005,2,83.99,0
105721,1035,1,54.59,0
105721,1018,1,223.64,0
105722,1022,2,93.44,0
105723,1066,1,180.59,0
105723,1084,1,118.64,0
105724,1046,1,150.14,0
105724,1018,3,223.64,0
105725,1071,1,10.49,0
105726,1011,1,36.74,5.51
105726,1090,3,18.89,8.5
105726,1080,2,141.74,42.52
105726,1077,1,27.29,4.09
105727,1074,1,20.99,0
105728,1068,1,52.49,0
105729,1089,1,56.69,0
105729,1060,1,141.74,0
105729,1064,1,161.69,0
105730,1066,1,180.59,0
105731,1064,2,161.69,0
105732,1006,1,17.84,0
105732,1057,1,216.29,0
105732,1046,1,150.14,0
105733,1003,1,24.14,0
105734,1023,2,142.79,0
105735,1050,2,154.34,0
105736,1006,1,17.84,0
105736,1042,1,812.69,0
105737,1006,1,17.84,0
105738,1060,2,141.74,0
105739,1035,1,54.59,0
105740,1074,1,20.99,0
105741,1001,2,65.09,0
105741,1068,1,52.49,0
105741,1074,1,20.99,0
105742,1052,1,219.44,0
105742,1034,1,72.44,0
105743,1013,1,131.24,0
105744,1020,1,57.74,0
105744,1068,1,52.49,0
105745,1085,1,121.79,0
105746,1002,1,145.94,0
105747,1011,1,36.74,0
105748,1024,1,62.99,0
105749,1071,1,10.49,0
105749,1060,2,141.74,0
105750,1088,1,22.04,3.31
105751,1054,1,241.49,0
105752,1060,1,141.74,0
105752,1064,1,161.69,0
105753,1074,1,20.99,0
105754,1007,1,75.59,0
105755,1083,1,20.99,0
105755,1032,1,86.09,0
105756,1063,2,258.29,0
105757,1024,4,62.99,0
105758,1085,1,121.79,12.18
105758,1030,3,8.39,2.52
105759,1046,1,150.14,0
105759,1080,1,141.74,0
105760,1005,1,83.99,0
105761,1031,1,40.94,0
105761,1071,1,10.49,0
105761,1076,1,145.94,0
105762,1090,1,18.89,0
105763,1065,1,173.24,0
105764,1087,2,48.29,9.66
105765,1076,1,145.94,21.89
105765,1070,1,129.14,19.37
105765,1018,1,223.64,33.55
105766,1008,2,46.19,0
105766,1070,2,129.14,0
105766,1062,1,160.64,0
105766,1055,1,211.04,0
105767,1011,1,36.74,5.51
105767,1076,1,145.94,21.89
105767,1080,2,141.74,42.52
105768,1004,1,79.79,0
105769,1079,1,65.09,0
105770,1022,1,93.44,0
105770,1059,1,491.39,0
105770,1078,1,90.29,0
105771,1068,1,52.49,7.87
105772,1076,1,,21.89
105773,1032,1,86.09,12.91
105774,1019,1,81.89,0
105775,1011,1,36.74,5.51
105775,1086,1,102.89,15.43
105775,1027,1,95.54,14.33
105776,1089,1,56.69,0
105777,1069,1,28.34,0
105778,1009,1,138.59,0
105779,1049,1,133.34,0
105779,1061,1,48.29,0
105779,1015,1,101.84,0
105780,1019,1,81.89,0
105780,1071,2,10.49,0
105780,1052,2,219.44,0
105780,1050,1,154.34,0
105781,1055,1,211.04,0
105781,1004,1,79.79,0
105782,1057,1,216.29,0
105783,1032,1,86.09,0
105783,1037,1,30.44,0
105783,1069,1,28.34,0
105784,1076,1,145.94,0
105785,1039,1,508.19,0
105786,1062,1,160.64,24.1
105787,1076,1,145.94,0
105787,1003,1,24.14,0
105787,1030,1,,0
105787,1061,1,48.29,0
105788,1090,1,18.89,0
105789,1043,1,134.39,0
105790,1027,2,95.54,0
105791,1027,1,95.54,0
105791,1060,1,141.74,0
105792,1007,1,75.59,0
105792,1090,1,18.89,0
105792,1063,1,258.29,0
105792,1008,1,46.19,0
105793,1037,1,30.44,0
105794,1085,1,121.79,0
105794,1073,1,73.49,0
105795,1048,1,146.99,0
105796,1070,1,129.14,19.37
105796,1051,2,56.69,17.01
105797,1001,1,65.09,0
105797,1005,1,83.99,0
105798,1006,1,17.84,0
105798,1022,2,93.44,0
105798,1016,1,190.04,0
105799,1085,1,121.79,0
105799,1037,1,30.44,0
105799,1043,1,134.39,0
105799,1033,2,90.29,0
105800,1057,3,216.29,0
105801,1006,2,17.84,0
105801,1072,1,149.09,0
105802,1020,1,57.74,0
105802,1086,1,102.89,0
105803,1002,1,145.94,0
105803,1036,2,61.94,0
105804,1062,2,160.64,0
105805,1085,2,121.79,0
105805,1071,2,10.49,0
105806,1035,2,54.59,0
105806,1058,1,98.69,0
105807,1072,1,149.09,0
105808,1029,1,32.54,0
105809,1046,1,150.14,15.01
105810,1067,1,36.74,0
105810,1012,2,115.49,0
105810,1011,1,36.74,0
105810,1058,3,98.69,0
105811,1063,1,258.29,0
105811,1035,1,54.59,0
105811,1026,3,170.09,0
105811,1059,1,491.39,0
105812,1077,2,27.29,0
105813,1085,2,121.79,0
105813,1002,1,145.94,0
105814,1062,1,160.64,0
105814,1082,1,110.24,0
105815,1017,1,91.34,0
105816,1063,1,258.29,0
105817,1028,2,81.89,0
105817,1070,2,129.14,0
105817,1067,1,36.74,0
105818,1074,1,20.99,0
105818,1081,1,78.74,0
105818,1029,1,32.54,0
105819,1026,1,170.09,0
105820,1007,1,75.59,0
105820,1077,1,27.29,0
105821,1059,1,491.39,0
105822,1064,1,161.69,0
105823,1051,1,56.69,0
105824,1011,1,36.74,0
105824,1088,1,22.04,0
105825,1032,1,86.09,0
105826,1061,1,48.29,0
105827,1034,1,72.44,0
105827,1019,3,81.89,0
105828,1071,2,10.49,0
105829,1031,1,40.94,0
105830,1073,1,73.49,0
105830,1031,1,40.94,0
105831,1083,1,20.99,0
105831,1033,1,90.29,0
105831,1021,1,130.19,0
105832,1088,1,22.04,0
105833,1060,1,141.74,0
105833,1039,1,508.19,0
105834,1055,3,211.04,0
105834,1056,1,251.99,0
105834,1081,1,78.74,0
105835,1075,1,53.54,8.03
105836,1050,1,154.34,0
105836,1030,1,8.39,0
105837,1059,1,491.39,73.71
105838,1065,1,173.24,0
105838,1071,1,10.49,0
105838,1057,2,216.29,0
105838,1064,1,161.69,0
105839,1070,1,129.14,19.37
105840,1041,1,581.69,58.17
105840,1077,1,27.29,2.73
105841,1090,1,18.89,0
105842,1038,1,329.69,0
105842,1028,1,81.89,0
105843,1008,1,46.19,4.62
105844,1019,2,81.89,0
105845,1053,1,39.89,0
105845,1086,1,102.89,0
105845,1083,1,,0
105846,1028,1,81.89,0
105847,1043,1,134.39,20.16
105847,1075,2,53.54,16.06
105848,1084,1,118.64,0
105849,1076,1,145.94,0
105850,1006,1,17.84,0
105851,1016,1,190.04,0
105851,1002,1,145.94,0
105852,1010,1,101.84,0
105853,1001,2,65.09,0
105854,1018,3,223.64,0
105854,1061,3,48.29,0
105854,1012,1,115.49,0
105854,1044,1,556.49,0
105855,1002,4,145.94,0
105856,1053,1,39.89,0
105856,1047,1,204.74,0
105857,1080,1,141.74,0
105858,1063,2,258.29,51.66
105858,1073,1,73.49,7.35
105859,1066,2,,0
105859,1029,2,32.54,0
105860,1067,1,36.74,5.51
105860,1011,1,36.74,5.51
105860,1066,1,180.59,27.09
105860,1079,1,65.09,9.76
105861,1062,1,160.64,0
105862,1006,2,17.84,0
105863,1059,1,491.39,0
105864,1021,2,130.19,0
105865,1067,1,36.74,0
105866,1068,1,52.49,0
105867,1004,1,79.79,0
105868,1013,1,131.24,0
105868,1080,3,141.74,0
105868,1079,1,65.09,0
105869,1076,1,145.94,0
105870,1074,1,20.99,0
105870,1082,1,110.24,0
105870,1028,1,81.89,0
105870,1078,1,90.29,0
105871,1074,1,20.99,0
105871,1089,2,56.69,0
105871,1009,2,138.59,0
105872,1068,1,52.49,0
105872,1010,1,101.84,0
105872,1075,1,53.54,0
105873,1033,1,90.29,0
105873,1079,1,65.09,0
105874,1076,1,145.94,0
105875,1041,1,581.69,0
105876,1046,1,150.14,0
105877,1065,1,173.24,0
105878,1033,1,90.29,0
105878,1003,1,24.14,0
105879,1058,1,98.69,0
105879,1069,1,28.34,0
105880,1058,1,98.69,0
105881,1065,2,173.24,0
105882,1030,1,8.39,0
105882,1011,1,36.74,0
105882,1006,1,17.84,0
105883,1062,1,160.64,0
105883,1005,1,83.99,0
105884,1064,2,161.69,0
105884,1059,1,491.39,0
105885,1017,1,91.34,0
105886,1056,1,251.99,0
105887,1081,1,78.74,0
105887,1062,1,160.64,0
105888,1010,1,,15.28
105889,1018,2,223.64,0
105889,1067,1,36.74,0
105890,1047,1,204.74,0
105891,1041,1,581.69,0
105892,1034,1,72.44,0
105893,1067,2,36.74,0
105893,1022,1,93.44,0
105893,1079,3,65.09,0
105894,1082,1,110.24,0
105894,1048,1,146.99,0
105895,1074,1,20.99,3.15
105895,1061,1,48.29,7.24
105896,1064,1,161.69,0
105897,1011,1,36.74,0
105898,1004,2,79.79,23.94
105899,1089,1,,0
105900,1070,1,129.14,0
105901,1031,1,40.94,6.14
105901,1088,1,22.04,3.31
105902,1012,1,115.49,0
105902,1037,1,30.44,0
105902,1042,1,812.69,0
105903,1014,1,38.84,0
105904,1087,1,48.29,0
105904,1081,1,78.74,0
105904,1022,1,93.44,0
105904,1042,1,812.69,0
105905,1013,1,131.24,0
105905,1081,1,78.74,0
105906,1003,1,24.14,0
105906,1083,1,20.99,0
105907,1062,2,160.64,0
105907,1065,1,173.24,0
105907,1011,1,36.74,0
105907,1051,2,56.69,0
105908,1081,1,78.74,7.87
105909,1083,4,20.99,0
105910,1009,2,138.59,0
105910,1073,1,73.49,0
105910,1070,1,129.14,0
105911,1017,1,91.34,0
105912,1011,1,36.74,0
105913,1003,1,24.14,3.62
105914,1090,2,18.89,0
105915,1076,2,145.94,0
105915,1021,2,130.19,0
105915,1015,1,101.84,0
105915,1063,2,,0
105916,1036,1,61.94,0
105917,1010,1,101.84,0
105917,1048,1,146.99,0
105918,1088,1,22.04,0
105919,1071,1,10.49,1.57
105920,1086,1,102.89,0
105921,1032,1,86.09,0
105921,1069,1,28.34,0
105921,1015,1,101.84,0
105922,1090,1,18.89,0
105922,1023,1,142.79,0
105923,1061,1,48.29,0
105924,1090,3,18.89,0
105925,1086,1,102.89,0
105926,1030,1,8.39,0
105927,1081,1,78.74,0
105927,1015,1,101.84,0
105928,1086,2,102.89,0
105929,1005,1,83.99,12.6
105929,1007,1,75.59,11.34
105930,1007,1,75.59,0
105931,1079,1,65.09,6.51
105932,1063,1,258.29,0
105932,1007,1,75.59,0
105932,1003,1,24.14,0
105933,1028,1,81.89,0
105934,1072,1,149.09,0
105934,1023,1,142.79,0
105935,1055,1,211.04,0
105935,1081,1,78.74,0
105935,1013,2,131.24,0
105936,1009,1,138.59,0
105937,1027,1,95.54,0
105938,1036,1,61.94,0
105939,1078,1,90.29,0
105939,1006,1,17.84,0
105939,1083,1,20.99,0
105940,1001,1,65.09,6.51
105940,1005,1,83.99,8.4
105941,1066,1,180.59,0
105942,1047,1,204.74,0
105943,1072,1,149.09,22.36
105944,1077,1,27.29,0
105945,1029,1,32.54,0
105946,1006,1,17.84,0
105947,1011,2,36.74,0
105947,1066,1,180.59,0
105948,1090,2,18.89,0
105949,1064,2,161.69,0
105950,1010,1,101.84,0
105951,1024,1,62.99,0
105951,1013,1,131.24,0
105951,1089,1,56.69,0
105952,1064,1,161.69,0
105952,1043,1,134.39,0
105953,1015,1,101.84,0
105954,1065,1,173.24,17.32
105954,1060,1,141.74,14.17
105955,1053,1,39.89,0
105956,1055,1,211.04,0
105956,1037,2,30.44,0
105957,1008,1,46.19,0
105958,1075,2,53.54,0
105959,1051,2,,0
105959,1006,1,17.84,0
105960,1072,2,149.09,29.82
105961,1024,1,62.99,6.3
105961,1062,1,160.64,16.06
105962,1089,1,56.69,5.67
105962,1084,1,118.64,11.86
105963,1065,1,173.24,0
105964,1076,1,145.94,0
105965,1040,1,500.84,0
105965,1089,1,56.69,0
105966,1064,1,161.69,0
105966,1010,1,101.84,0
105967,1054,1,241.49,0
105967,1027,1,95.54,0
105968,1033,1,90.29,0
105969,1087,1,48.29,0
105970,1075,2,53.54,0
105970,1022,1,93.44,0
105971,1010,2,101.84,30.55
105971,1002,1,145.94,21.89
105971,1021,1,130.19,19.53
105972,1060,1,141.74,21.26
105972,1059,1,491.39,73.71
105973,1036,1,61.94,0
105974,1014,1,38.84,0
105974,1024,1,62.99,0
105974,1080,1,141.74,0
105975,1051,1,56.69,0
105975,1005,2,83.99,0
105975,1054,2,241.49,0
105975,1063,2,258.29,0
105976,1074,1,20.99,3.15
105976,1007,1,75.59,11.34
105977,1011,1,36.74,0
105978,1022,1,93.44,0
105978,1001,1,65.09,0
105979,1004,2,79.79,0
105980,1075,1,53.54,5.35
105981,1020,1,57.74,0
105981,1029,2,32.54,0
105981,1067,1,36.74,0
105981,1023,1,142.79,0
105982,1029,1,32.54,0
105982,1041,1,581.69,0
105982,1006,1,17.84,0
105983,1019,1,81.89,0
105983,1036,2,61.94,0
105984,1037,1,30.44,0
105984,1083,2,20.99,0
105985,1070,1,129.14,0
105986,1046,1,150.14,22.52
105987,1013,1,131.24,0
105988,1044,1,556.49,0
105989,1014,1,38.84,5.83
105989,1036,1,61.94,9.29
105989,1017,1,91.34,13.7
105989,1050,1,154.34,23.15
105990,1016,1,190.04,0
105990,1039,1,508.19,0
105990,1070,1,129.14,0
105990,1076,1,145.94,0
105991,1067,1,36.74,0
105991,1074,2,20.99,0
105991,1003,1,24.14,0
105991,1053,1,39.89,0
105992,1076,1,145.94,0
105992,1012,4,115.49,0
105993,1013,1,131.24,0
105993,1025,1,175.34,0
105994,1088,1,22.04,3.31
105994,1087,1,48.29,7.24
105994,1076,2,145.94,43.78
105994,1060,1,141.74,21.26
105995,1029,1,,0
105995,1016,1,190.04,0
105996,1064,1,161.69,0
105996,1035,1,54.59,0
105997,1064,2,161.69,0
105997,1029,1,32.54,0
105998,1002,1,145.94,0
105999,1030,2,8.39,0
106000,1058,1,98.69,14.8
106000,1041,1,581.69,87.25
106001,1067,4,36.74,0
106001,1036,1,61.94,0
106002,1089,1,56.69,0
106003,1006,1,,0
106003,1007,3,75.59,0
106003,1010,1,101.84,0
106003,1051,1,56.69,0
106004,1065,1,173.24,0
106005,1060,1,141.74,0
106006,1088,3,22.04,0
106006,1064,1,161.69,0
106007,1004,1,79.79,0
106007,1068,3,52.49,0
106008,1008,1,46.19,0
106008,1078,1,90.29,0
106009,1052,1,219.44,0
106009,1064,1,161.69,0
106010,1090,1,18.89,0
106011,1067,1,36.74,0
106011,1033,1,90.29,0
106011,1050,1,154.34,0
106012,1021,1,130.19,0
106013,1005,1,83.99,0
106014,1074,1,20.99,0
106014,1086,2,102.89,0
106015,1005,2,83.99,0
106016,1026,1,170.09,0
106016,1082,1,110.24,0
106017,1016,1,190.04,0
106017,1024,1,62.99,0
106017,1089,1,56.69,0
106018,1010,1,101.84,0
106019,1019,1,81.89,0
106020,1077,2,27.29,0
106021,1029,2,32.54,0
106022,1013,1,131.24,0
106023,1083,1,20.99,0
106023,1015,1,101.84,0
106023,1068,1,52.49,0
106024,1030,1,8.39,0
106024,1044,1,556.49,0
106025,1072,1,149.09,0
106026,1020,1,57.74,0
106027,1029,1,32.54,0
106027,1060,1,141.74,0
106028,1036,1,61.94,0
106029,1075,1,53.54,0
106029,1060,1,141.74,0
106030,1020,1,57.74,0
106030,1060,1,141.74,0
106030,1013,1,131.24,0
106031,1028,1,81.89,0
106031,1023,1,142.79,0
106032,1007,1,75.59,0
106033,1021,1,130.19,0
106034,1008,1,46.19,6.93
106034,1047,1,204.74,30.71
106035,1052,1,219.44,0
106036,1056,1,251.99,0
106036,1075,1,53.54,0
106036,1086,1,102.89,0
106036,1011,1,36.74,0
106037,1058,1,98.69,0
106038,1072,2,149.09,0
106039,1022,1,93.44,0
106040,1056,2,251.99,0
106040,1081,1,78.74,0
106041,1086,1,102.89,0
106042,1066,1,180.59,0
106042,1031,2,40.94,0
106042,1081,1,78.74,0
106043,1078,1,90.29,0
106044,1088,1,22.04,0
106045,1068,1,52.49,0
106046,1084,1,118.64,0
106047,1064,1,161.69,0
106048,1034,3,72.44,0
106049,1066,2,180.59,0
106050,1069,3,28.34,12.75
106051,1084,1,118.64,0
106052,1014,2,38.84,0
106052,1002,1,145.94,0
106052,1076,1,145.94,0
106053,1051,1,56.69,8.5
106054,1036,1,61.94,0
106054,1007,1,75.59,0
106055,1090,1,18.89,2.83
106056,1067,1,36.74,0
106057,1080,1,141.74,14.17
106057,1073,1,73.49,7.35
106057,1076,1,145.94,14.59
106057,1022,2,93.44,18.69
106058,1049,1,133.34,0
106058,1017,2,91.34,0
106058,1019,1,81.89,0
106059,1054,1,241.49,0
106060,1053,1,39.89,0
106060,1028,1,81.89,0
106061,1060,2,141.74,0
106062,1011,1,36.74,0
106063,1024,2,62.99,0
106063,1035,1,54.59,0
106064,1040,1,500.84,0
106065,1028,3,81.89,24.57
106065,1065,1,173.24,17.32
106066,1075,1,53.54,0
106066,1068,1,52.49,0
106066,1083,1,20.99,0
106067,1085,2,121.79,0
106068,1017,1,91.34,0
106068,1010,1,101.84,0
106068,1007,1,75.59,0
106069,1009,1,138.59,0
106070,1075,1,53.54,0
106071,1085,1,121.79,0
106071,1082,2,110.24,0
106071,1004,1,79.79,0
106071,1034,1,72.44,0
106072,1045,1,532.34,0
106073,1026,1,170.09,0
106074,1053,1,39.89,0
106075,1012,1,115.49,0
106076,1054,1,,0
106077,1082,1,110.24,0
106078,1056,1,251.99,0
106078,1077,2,27.29,0
106079,1075,2,53.54,0
106080,1069,2,28.34,0
106081,1077,1,27.29,0
106081,1067,1,36.74,0
106082,1028,3,81.89,0
106082,1005,1,83.99,0
106082,1073,2,73.49,0
106083,1003,1,24.14,0
106083,1002,1,145.94,0
106083,1069,1,28.34,0
106084,1066,1,180.59,0
106085,1032,1,86.09,0
106086,1039,1,508.19,0
106087,1014,1,38.84,0
106087,1048,1,,0
106088,1001,1,65.09,0
106088,1078,2,90.29,0
106089,1010,1,101.84,0
106089,1066,3,180.59,0
106090,1084,2,118.64,0
106091,1013,3,131.24,0
106091,1066,1,180.59,0
106092,1064,1,161.69,0
106093,1001,1,65.09,0
106094,1012,4,115.49,0
106095,1015,1,101.84,0
106096,1029,2,32.54,0
106097,1050,1,154.34,0
106097,1005,1,83.99,0
106098,1080,1,141.74,0
106099,1070,1,129.14,0
106099,1021,2,130.19,0
106099,1034,1,72.44,0
106100,1074,1,20.99,0
106100,1008,1,46.19,0
106100,1085,1,121.79,0
106101,1040,1,500.84,0
106101,1083,1,20.99,0
106101,1032,1,86.09,0
106102,1069,1,28.34,0
106102,1018,2,223.64,0
106102,1081,2,78.74,0
106102,1009,1,138.59,0
106103,1016,1,190.04,0
106104,1034,1,72.44,0
106105,1053,1,39.89,0
106105,1011,1,36.74,0
106106,1076,2,145.94,0
106107,1034,1,72.44,0
106107,1053,1,39.89,0
106107,1008,1,46.19,0
106107,1005,1,83.99,0
106108,1025,1,175.34,0
106108,1036,1,61.94,0
106109,1066,1,180.59,0
106109,1087,1,48.29,0
106109,1078,3,90.29,0
106110,1075,1,53.54,0
106111,1078,2,90.29,0
106112,1053,1,39.89,0
106112,1060,1,141.74,0
106112,1078,1,90.29,0
106112,1090,1,18.89,0
106113,1036,1,61.94,0
106113,1014,1,38.84,0
106113,1054,1,241.49,0
106113,1081,1,78.74,0
106114,1035,2,54.59,0
106115,1019,1,81.89,0
106115,1016,1,190.04,0
106116,1023,1,142.79,0
106116,1005,1,83.99,0
106117,1046,1,150.14,0
106118,1085,1,121.79,0
106118,1020,1,57.74,0
106119,1082,1,110.24,0
106120,1013,1,131.24,0
106121,1003,2,24.14,0
106121,1025,1,175.34,0
106121,1056,1,251.99,0
106121,1026,2,170.09,0
106122,1049,1,133.34,0
106123,1033,1,90.29,0
106124,1031,1,40.94,0
106125,1070,1,129.14,0
106125,1031,2,40.94,0
106125,1079,1,65.09,0
106126,1012,1,115.49,0
106126,1069,1,28.34,0
106127,1081,1,78.74,0
106128,1055,1,211.04,0
106128,1064,1,161.69,0
106128,1003,1,24.14,0
106129,1078,1,90.29,0
106130,1031,1,40.94,0
106130,1069,1,28.34,0
106130,1024,1,62.99,0
106131,1066,1,180.59,0
106131,1033,2,90.29,0
106132,1012,1,115.49,0
106133,1051,1,56.69,0
106134,1051,1,56.69,0
106135,1032,2,86.09,0
106136,1060,1,141.74,0
106136,1034,1,72.44,0
106136,1079,1,65.09,0
106137,1018,1,223.64,0
106137,1010,3,101.84,0
106138,1089,1,56.69,0
106139,1020,1,57.74,0
106140,1001,2,65.09,0
106140,1028,1,81.89,0
106141,1063,1,258.29,25.83
106142,1064,1,161.69,0
106143,1025,1,175.34,0
106143,1033,1,90.29,0
106144,1007,1,75.59,0
106144,1018,1,223.64,0
106144,1041,1,581.69,0
106144,1090,1,18.89,0
106145,1020,1,57.74,0
106145,1090,1,18.89,0
106145,1080,2,141.74,0
106145,1056,1,251.99,0
106146,1036,1,61.94,0
106147,1051,1,56.69,0
106147,1087,1,48.29,0
106147,1022,1,93.44,0
106148,1065,1,173.24,0
106149,1051,2,56.69,0
106149,1021,1,130.19,0
106150,1011,1,36.74,0
106151,1012,1,115.49,0
106151,1087,1,48.29,0
106151,1072,2,149.09,0
106151,1069,1,28.34,0
106152,1072,1,149.09,0
106152,1014,2,38.84,0
106153,1018,1,223.64,0
106153,1015,1,101.84,0
106153,1070,2,129.14,0
106154,1065,1,173.24,0
106155,1017,2,91.34,0
106155,1039,1,508.19,0
106156,1077,1,27.29,0
106156,1034,1,72.44,0
106157,1035,1,54.59,0
106158,1079,2,65.09,0
106158,1032,1,86.09,0
106159,1032,1,86.09,0
106160,1013,2,131.24,0
106160,1048,1,146.99,0
106160,1025,1,175.34,0
106161,1003,1,24.14,0
106162,1065,1,173.24,0
106163,1053,3,39.89,0
106163,1068,1,52.49,0
106163,1089,1,56.69,0
106164,1013,1,131.24,0
106165,1058,1,98.69,0
106166,1080,1,141.74,0
106167,1067,1,36.74,0
106168,1068,1,52.49,0
106169,1022,1,93.44,0
106170,1008,1,46.19,0
106171,1013,1,131.24,0
106172,1060,1,141.74,0
106173,1031,1,40.94,0
106174,1072,1,149.09,0
106174,1059,1,491.39,0
106174,1015,2,101.84,0
106174,1066,1,180.59,0
106175,1076,1,145.94,0
106176,1065,1,173.24,0
106176,1008,1,46.19,0
106176,1038,1,329.69,0
106177,1088,1,22.04,0
106177,1042,1,812.69,0
106178,1020,2,57.74,0
106178,1059,1,491.39,0
106178,1080,1,141.74,0
106179,1061,1,48.29,0
106179,1064,1,161.69,0
106180,1004,1,79.79,0
106180,1083,1,20.99,0
106180,1035,2,54.59,0
106180,1079,1,65.09,0
106181,1083,2,20.99,0
106181,1061,1,48.29,0
106182,1063,1,258.29,0
106182,1025,1,175.34,0
106183,1068,1,52.49,0
106183,1013,1,131.24,0
106183,1090,1,18.89,0
106183,1074,1,20.99,0
106184,1084,2,118.64,0
106184,1059,1,491.39,0
106185,1050,1,154.34,0
106185,1003,1,24.14,0
106185,1089,1,56.69,0
106185,1038,1,329.69,0
106186,1023,3,142.79,0
106187,1033,2,90.29,0
106188,1065,1,173.24,0
106188,1014,1,38.84,0
106189,1080,2,141.74,0
106189,1084,1,118.64,0
106190,1063,4,258.29,0
106190,1011,1,36.74,0
106191,1033,2,90.29,0
106191,1089,1,56.69,0
106192,1032,2,,0
106193,1019,2,81.89,0
106194,1071,2,10.49,0
106194,1002,1,145.94,0
106195,1013,2,131.24,26.25
106196,1036,1,61.94,0
106196,1008,1,46.19,0
106197,1084,1,118.64,0
106198,1006,1,17.84,0
106198,1067,2,36.74,0
106199,1075,1,53.54,0
106200,1065,1,173.24,0
106200,1029,1,32.54,0
106201,1076,2,145.94,0
106201,1034,1,72.44,0
106202,1011,2,36.74,0
106202,1048,1,146.99,0
106203,1009,1,138.59,0
106204,1048,1,146.99,0
106205,1068,1,52.49,0
106205,1088,1,22.04,0
106206,1060,2,141.74,0
106207,1083,1,20.99,0
106208,1068,1,52.49,0
106209,1088,1,22.04,0
106210,1023,1,142.79,0
106211,1089,1,56.69,0
106212,1007,1,75.59,0
106212,1001,3,65.09,0
106212,1019,2,81.89,0
106212,1002,1,145.94,0
106213,1009,1,138.59,0
106214,1056,1,251.99,0
106214,1005,2,83.99,0
106214,1032,1,86.09,0
106215,1056,3,251.99,0
106216,1025,2,175.34,0
106216,1082,2,110.24,0
106217,1024,1,62.99,0
106217,1006,1,17.84,0
106217,1010,2,101.84,0
106218,1013,2,131.24,0
106219,1062,2,160.64,0
106220,1023,1,142.79,0
106221,1057,1,216.29,0
106222,1086,2,102.89,0
106222,1059,3,491.39,0
106223,1067,1,36.74,0
106223,1009,1,138.59,0
106223,1063,2,258.29,0
106224,1022,2,93.44,0
106225,1038,1,329.69,0
106225,1067,1,36.74,0
106226,1067,1,36.74,0
106227,1083,1,20.99,0
106227,1086,2,102.89,0
106228,1075,1,53.54,0
106228,1037,1,30.44,0
106229,1077,2,27.29,0
106229,1002,1,145.94,0
106229,1059,1,491.39,0
106229,1062,2,160.64,0
106230,1050,1,154.34,0
106231,1017,1,91.34,0
106232,1062,1,160.64,0
106233,1066,2,180.59,0
106234,1021,1,130.19,0
106235,1006,1,17.84,0
106235,1069,1,28.34,0
106235,1002,3,145.94,0
106235,1058,1,98.69,0
106236,1084,1,118.64,0
106236,1013,1,131.24,0
106236,1025,1,175.34,0
106237,1080,1,141.74,0
106237,1063,2,258.29,0
106237,1052,1,219.44,0
106237,1076,2,145.94,0
106238,1064,1,161.69,0
106238,1088,1,22.04,0
106238,1054,1,241.49,0
106239,1036,1,61.94,0
106240,1062,1,160.64,0
106241,1081,1,78.74,0
106242,1056,1,251.99,0
106243,1030,1,8.39,0
106243,1086,2,102.89,0
106244,1050,1,154.34,0
106244,1081,1,78.74,0
106245,1016,2,190.04,0
106246,1016,2,190.04,0
106247,1012,1,115.49,0
106248,1011,1,36.74,0
106248,1061,1,48.29,0
106249,1011,1,36.74,0
106249,1061,3,48.29,0
106249,1004,1,79.79,0
106250,1016,1,190.04,0
106250,1026,1,170.09,0
106250,1064,1,161.69,0
106250,1063,1,258.29,0
106251,1061,1,48.29,0
106251,1016,1,190.04,0
106251,1020,2,57.74,0
106251,1046,1,150.14,0
106252,1068,1,52.49,0
106252,1074,1,20.99,0
106253,1085,1,121.79,0
106254,1083,1,20.99,0
106255,1063,1,258.29,0
106255,1036,1,61.94,0
106255,1065,1,173.24,0
106255,1058,1,98.69,0
106256,1062,1,160.64,0
106256,1090,1,18.89,0
106256,1005,1,83.99,0
106257,1085,1,121.79,0
106257,1008,3,46.19,0
106257,1033,1,90.29,0
106258,1029,1,32.54,0
106258,1062,1,160.64,0
106259,1004,1,79.79,0
106260,1062,1,160.64,0
106260,1065,1,173.24,0
106261,1088,1,22.04,0
106262,1051,1,56.69,0
106263,1067,1,36.74,0
106264,1033,1,90.29,0
106265,1071,2,10.49,0
106265,1022,1,93.44,0
106265,1088,1,22.04,0
106265,1003,1,24.14,0
106266,1053,2,39.89,0
106267,1046,1,150.14,0
106268,1050,1,154.34,0
106269,1020,1,57.74,0
106270,1063,2,258.29,0
106270,1001,2,65.09,0
106271,1007,1,75.59,0
106271,1058,1,98.69,0
106272,1088,1,22.04,0
106273,1087,1,48.29,0
106274,1009,1,138.59,0
106274,1038,1,329.69,0
106275,1054,1,241.49,0
106275,1003,1,24.14,0
106276,1069,1,28.34,0
106277,1089,1,56.69,0
106277,1067,1,36.74,0
106278,1050,3,154.34,0
106278,1018,1,223.64,0
106279,1064,1,161.69,0
106280,1028,1,81.89,0
106280,1031,2,40.94,0
106280,1089,1,56.69,0
106280,1042,1,812.69,0
106281,1053,1,39.89,0
106281,1057,1,216.29,0
106282,1051,1,56.69,0
106283,1048,1,146.99,0
106283,1044,1,556.49,0
106283,1084,2,118.64,0
106284,1049,1,133.34,0
106285,1039,1,508.19,0
106285,1046,1,150.14,0
106286,1038,1,329.69,0
106287,1077,1,27.29,0
106288,1038,1,329.69,0
106289,1057,1,216.29,0
106289,1063,2,,0
106290,1055,1,211.04,0
106291,1054,2,241.49,0
106291,1058,1,98.69,0
106292,1006,1,17.84,0
106292,1010,2,101.84,0
106293,1030,1,8.39,0
106293,1063,1,258.29,0
106294,1016,1,190.04,0
106294,1083,1,20.99,0
106294,1086,1,102.89,0
106294,1038,1,329.69,0
106295,1089,1,56.69,0
106296,1019,2,81.89,16.38
106296,1034,2,72.44,14.49
106297,1015,2,101.84,0
106298,1061,4,48.29,0
106298,1086,1,102.89,0
106299,1013,2,,0
106300,1058,1,98.69,0
106300,1011,1,36.74,0
106300,1029,4,32.54,0
106301,1075,1,53.54,0
106302,1019,1,81.89,0
106303,1007,1,75.59,0
106304,1037,1,30.44,0
106305,1056,1,251.99,0
106305,1072,1,149.09,0
106305,1067,1,36.74,0
106305,1003,1,24.14,0
106306,1083,1,20.99,0
106306,1006,2,17.84,0
106307,1033,1,90.29,0
106308,1029,1,32.54,0
106309,1012,1,115.49,11.55
106309,1034,1,72.44,7.24
106310,1085,2,121.79,0
106311,1065,2,173.24,0
106312,1002,2,145.94,0
106312,1068,1,52.49,0
106312,1063,1,258.29,0
106313,1027,1,95.54,0
106314,1015,1,101.84,0
106315,1061,4,48.29,0
106316,1071,1,10.49,0
106316,1032,1,86.09,0
106316,1059,1,491.39,0
106317,1088,1,22.04,0
106318,1057,1,216.29,0
106319,1087,1,48.29,0
106319,1003,1,24.14,0
106320,1067,1,36.74,0
106321,1013,1,131.24,0
106322,1034,1,72.44,0
106323,1087,1,48.29,0
106324,1011,1,36.74,0
106324,1031,1,40.94,0
106325,1072,2,149.09,0
106326,1068,1,52.49,0
106326,1077,1,27.29,0
106327,1017,2,91.34,0
106328,1025,2,175.34,0
106328,1060,1,,0
106329,1058,1,98.69,0
106330,1080,2,141.74,0
106331,1005,1,83.99,0
106331,1050,2,154.34,0
106332,1064,1,161.69,0
106333,1050,1,154.34,0
106333,1057,1,216.29,0
106333,1009,1,138.59,0
106333,1007,2,75.59,0
106334,1058,1,98.69,0
106335,1086,2,102.89,0
106335,1008,1,46.19,0
106336,1058,1,98.69,0
106337,1062,1,160.64,0
106338,1072,1,149.09,0
106339,1003,1,24.14,0
106339,1019,2,81.89,0
106340,1069,1,28.34,0
106340,1019,1,81.89,0
106341,1075,2,53.54,0
106342,1003,1,24.14,0
106343,1062,1,160.64,0
106344,1078,2,90.29,0
106345,1076,2,145.94,0
106346,1003,1,24.14,0
106347,1089,1,56.69,0
106347,1070,1,129.14,0
106347,1068,1,52.49,0
106347,1051,1,56.69,0
106348,1081,1,78.74,0
106349,1065,1,173.24,0
106350,1063,1,258.29,0
106350,1019,1,81.89,0
106351,1003,3,24.14,0
106351,1089,1,56.69,0
106352,1034,1,72.44,0
106353,1059,1,491.39,0
106353,1078,1,90.29,0
106354,1022,2,93.44,0
106354,1044,1,556.49,0
106355,1023,1,142.79,0
106355,1072,1,149.09,0
106356,1013,1,131.24,0
106356,1071,1,10.49,0
106357,1077,2,27.29,0
106357,1081,1,78.74,0
106357,1001,1,65.09,0
106357,1067,1,36.74,0
106358,1090,3,18.89,0
106359,1074,2,20.99,0
106360,1056,1,251.99,0
106361,1063,1,258.29,0
106362,1037,1,30.44,0
106363,1089,1,56.69,0
106363,1034,2,72.44,0
106363,1053,1,39.89,0
106363,1084,1,118.64,0
106364,1075,1,53.54,0
106364,1006,1,17.84,0
106364,1001,1,65.09,0
106365,1071,2,10.49,0
106365,1066,1,180.59,0
106366,1023,2,142.79,0
106366,1020,1,57.74,0
106367,1071,1,10.49,0
106367,1045,1,532.34,0
106368,1074,1,20.99,0
106369,1079,1,65.09,0
106370,1073,1,73.49,0
106371,1005,1,83.99,0
106372,1072,3,149.09,0
106372,1034,1,72.44,0
106372,1078,1,90.29,0
106373,1067,2,36.74,0
106373,1053,1,39.89,0
106373,1068,1,52.49,0
106373,1083,1,20.99,0
106374,1036,1,61.94,0
106375,1029,1,32.54,0
106376,1083,1,20.99,0
106376,1012,1,115.49,0
106377,1007,1,75.59,0
106378,1046,1,150.14,0
106378,1087,1,48.29,0
106379,1077,1,27.29,2.73
106379,1063,2,258.29,51.66
106379,1073,1,73.49,7.35
106380,1006,1,17.84,0
106381,1008,2,46.19,0
106382,1008,2,46.19,0
106382,1033,2,90.29,0
106383,1029,1,32.54,0
106384,1030,1,8.39,0.84
106385,1019,1,81.89,0
106386,1062,1,160.64,0
106387,1059,1,491.39,0
106388,1003,1,24.14,0
106389,1052,1,219.44,0
106389,1074,1,20.99,0
106390,1034,1,72.44,0
106391,1064,1,161.69,16.17
106392,1085,1,121.79,0
106393,1052,1,219.44,0
106394,1035,4,54.59,0
106395,1025,1,175.34,0
106396,1070,1,129.14,0
106396,1044,1,556.49,0
106397,1023,2,142.79,0
106397,1046,1,150.14,0
106397,1090,1,18.89,0
106398,1051,1,56.69,0
106399,1037,1,30.44,0
106399,1009,1,138.59,0
106399,1051,1,56.69,0
106400,1013,1,131.24,0
106401,1022,2,93.44,0
106401,1065,1,173.24,0
106402,1066,1,180.59,0
106402,1025,1,175.34,0
106403,1068,1,52.49,0
106404,1012,3,115.49,0
106404,1065,1,173.24,0
106405,1061,1,48.29,0
106406,1010,1,101.84,0
106407,1010,2,101.84,0
106408,1008,1,46.19,0
106409,1073,1,73.49,0
106410,1030,3,8.39,0
106410,1073,2,73.49,0
106410,1080,1,141.74,0
106411,1069,1,28.34,0
106412,1062,1,160.64,0
106412,1090,2,18.89,0
106412,1077,1,27.29,0
106412,1033,1,90.29,0
106413,1053,1,39.89,0
106413,1004,1,79.79,0
106414,1023,1,142.79,0
106415,1010,1,101.84,0
106416,1037,1,30.44,0
106417,1086,1,102.89,0
106417,1059,3,491.39,0
106418,1032,1,86.09,0
106419,1082,1,110.24,0
106420,1067,1,36.74,0
106421,1075,1,53.54,0
106421,1037,1,30.44,0
106422,1087,1,,0
106423,1037,1,30.44,0
106423,1008,1,46.19,0
106424,1067,1,36.74,0
106424,1078,1,90.29,0
106425,1084,1,118.64,0
106426,1086,1,102.89,0
106427,1061,1,48.29,0
106428,1062,2,160.64,0
106429,1069,2,28.34,0
106429,1040,1,500.84,0
106430,1082,1,110.24,0
106430,1067,2,36.74,0
106431,1015,1,101.84,0
106431,1009,1,138.59,0
106432,1089,1,56.69,0
106433,1033,1,90.29,0
106433,1049,1,133.34,0
106434,1009,2,138.59,0
106435,1025,1,175.34,0
106435,1083,1,20.99,0
106436,1039,1,508.19,0
106437,1085,1,121.79,0
106438,1063,3,258.29,0
106438,1013,1,131.24,0
106439,1002,1,145.94,0
106440,1062,1,160.64,0
106440,1005,1,83.99,0
106440,1075,1,53.54,0
106440,1021,1,130.19,0
106441,1012,1,115.49,0
106442,1079,1,65.09,0
106443,1061,1,48.29,0
106444,1067,1,36.74,0
106445,1006,1,17.84,0
106446,1087,2,48.29,0
106447,1059,2,491.39,0
106448,1067,1,36.74,0
106449,1030,3,8.39,0
106450,1019,1,81.89,0
106451,1062,2,160.64,0
106451,1083,2,20.99,0
106451,1032,1,86.09,0
106451,1069,1,28.34,0
106452,1064,1,161.69,0
106452,1088,1,22.04,0
106453,1045,1,532.34,0
106454,1011,1,36.74,0
106455,1020,1,57.74,0
106456,1078,2,90.29,0
106457,1011,1,36.74,0
106457,1016,1,190.04,0
106458,1085,2,121.79,0
106459,1009,1,138.59,0
106459,1020,1,57.74,0
106459,1013,4,131.24,0
106460,1053,1,39.89,0
106460,1066,3,180.59,0
106461,1064,2,161.69,0
106462,1054,1,241.49,0
106462,1011,1,36.74,0
106463,1045,1,532.34,0
106463,1011,2,36.74,0
106464,1025,3,175.34,0
106465,1076,1,145.94,0
106466,1023,1,142.79,0
106466,1060,1,141.74,0
106467,1070,2,129.14,0
106467,1036,1,61.94,0
106468,1057,1,216.29,0
106469,1016,1,190.04,0
106470,1071,1,10.49,0
106471,1003,1,24.14,0
106471,1061,1,48.29,0
106472,1017,2,91.34,0
106473,1006,1,17.84,0
106474,1079,1,65.09,0
106475,1014,1,38.84,0
106475,1057,2,216.29,0
106476,1090,2,18.89,0
106476,1028,1,81.89,0
106476,1086,1,102.89,0
106476,1059,1,491.39,0
106477,1014,2,38.84,0
106478,1065,2,173.24,0
106479,1084,1,118.64,0
106480,1082,1,110.24,0
106481,1009,1,138.59,0
106482,1073,1,73.49,0
106483,1051,3,56.69,0
106484,1009,2,138.59,0
106485,1009,1,138.59,0
106486,1056,1,251.99,0
106487,1051,2,56.69,0
106487,1033,1,90.29,0
106488,1044,1,556.49,0
106488,1017,1,91.34,0
106489,1075,1,53.54,0
106490,1077,1,27.29,0
106490,1060,1,141.74,0
106491,1030,1,8.39,0
106491,1079,1,65.09,0
106491,1052,1,219.44,0
106492,1068,1,52.49,0
106492,1066,2,180.59,0
106492,1079,2,65.09,0
106492,1026,1,170.09,0
106493,1060,2,141.74,0
106494,1053,2,39.89,0
106494,1089,1,56.69,0
106495,1042,1,812.69,0
106496,1073,1,73.49,7.35
106497,1036,1,61.94,0
106497,1066,1,180.59,0
106498,1013,1,131.24,13.12
106498,1083,2,20.99,4.2
106499,1035,1,54.59,0
106500,1050,1,154.34,0
106501,1050,1,154.34,0
106501,1051,1,56.69,0
106501,1017,1,91.34,0
106502,1080,1,141.74,0
106503,1023,1,142.79,0
106503,1006,1,17.84,0
106504,1060,1,141.74,0
106505,1025,2,175.34,0
106506,1009,1,138.59,0
106507,1081,1,78.74,0
106507,1066,1,180.59,0
106507,1068,2,52.49,0
106508,1060,1,141.74,0
106509,1022,1,,0
106510,1027,1,95.54,0
106511,1035,1,54.59,0
106511,1063,1,258.29,0
106511,1034,1,72.44,0
106512,1058,1,98.69,0
106513,1066,1,180.59,0
106514,1045,1,532.34,0
106515,1019,1,81.89,0
106515,1023,1,142.79,0
106515,1070,1,129.14,0
106516,1006,1,17.84,0
106516,1074,1,20.99,0
106517,1011,1,36.74,0
106517,1064,1,161.69,0
106517,1085,1,121.79,0
106518,1018,1,223.64,0
106518,1066,1,,0
106519,1063,2,258.29,0
106519,1015,1,101.84,0
106519,1006,1,17.84,0
106519,1078,4,90.29,0
106520,1084,1,118.64,0
106521,1059,1,491.39,0
106521,1033,1,90.29,0
106522,1066,1,180.59,0
106523,1071,1,10.49,0
106524,1086,1,102.89,0
106524,1066,1,180.59,0
106525,1052,2,219.44,0
106526,1080,1,141.74,0
106526,1020,1,57.74,0
106527,1087,1,48.29,0
106528,1066,1,180.59,0
106529,1016,1,190.04,0
106529,1067,1,36.74,0
106530,1088,1,22.04,0
106531,1020,1,57.74,0
106532,1006,1,17.84,0
106532,1055,1,211.04,0
106533,1031,1,40.94,0
106533,1038,1,329.69,0
106534,1031,1,40.94,0
106534,1077,2,27.29,0
106534,1013,1,131.24,0
106535,1044,1,556.49,0
106536,1011,2,36.74,0
106537,1073,1,73.49,0
106538,1003,3,24.14,0
106539,1083,1,20.99,0
106539,1018,1,223.64,0
106539,1065,2,173.24,0
106540,1035,1,54.59,0
106540,1072,2,149.09,0
106541,1082,1,110.24,0
106542,1067,1,36.74,0
106542,1024,4,62.99,0
106542,1050,1,154.34,0
106543,1078,1,90.29,0
106544,1007,1,75.59,0
106545,1047,1,204.74,0
106545,1083,1,20.99,0
106546,1089,1,56.69,0
106546,1068,1,52.49,0
106546,1012,1,115.49,0
106546,1040,1,500.84,0
106547,1067,2,36.74,0
106547,1080,1,141.74,0
106548,1038,1,329.69,0
106549,1006,1,17.84,1.78
106550,1005,4,83.99,0
106550,1052,1,219.44,0
106551,1087,1,48.29,0
106552,1087,1,48.29,0
106553,1030,1,8.39,0
106553,1065,1,173.24,0
106553,1042,1,812.69,0
106554,1035,1,54.59,0
106555,1033,1,90.29,0
106555,1006,1,17.84,0
106556,1048,1,146.99,0
106556,1030,1,8.39,0
106557,1059,1,491.39,0
106558,1033,1,90.29,0
106558,1064,2,161.69,0
106559,1089,1,56.69,0
106559,1056,1,251.99,0
106560,1012,1,,0
106561,1078,1,90.29,0
106561,1067,2,36.74,0
106562,1015,1,101.84,0
106562,1074,1,20.99,0
106563,1080,1,141.74,0
106563,1065,1,173.24,0
106564,1037,2,30.44,0
106564,1009,1,138.59,0
106565,1070,3,129.14,0
106565,1010,1,101.84,0
106566,1052,3,219.44,0
106567,1064,1,161.69,0
106568,1078,1,90.29,0
106568,1015,1,101.84,0
106569,1082,2,110.24,0
106569,1054,4,241.49,0
106570,1077,1,27.29,0
106571,1046,1,150.14,0
106571,1026,1,170.09,0
106572,1017,1,91.34,0
106573,1017,1,91.34,0
106573,1086,2,102.89,0
106574,1051,2,,0
106575,1053,1,39.89,0
106576,1014,3,38.84,0
106576,1088,1,22.04,0
106577,1023,1,142.79,14.28
106577,1001,1,65.09,6.51
106578,1028,1,81.89,0
106578,1066,1,180.59,0
106579,1052,1,219.44,0
106580,1067,1,36.74,0
106581,1063,1,258.29,0
106582,1064,1,161.69,0
106582,1004,1,,0
106583,1042,1,812.69,0
106583,1026,1,170.09,0
106584,1089,2,56.69,0
106584,1042,1,812.69,0
106585,1001,1,65.09,0
106585,1023,1,142.79,0
106586,1077,2,27.29,0
106586,1065,1,173.24,0
106586,1005,2,83.99,0
106586,1020,1,57.74,0
106587,1052,1,219.44,0
106588,1082,1,110.24,0
106588,1081,2,78.74,0
106589,1066,2,180.59,0
106590,1060,1,141.74,0
106590,1014,1,38.84,0
106591,1004,1,79.79,0
106592,1033,1,90.29,0
106593,1066,3,180.59,0
106594,1015,1,101.84,0
106595,1079,1,65.09,0
106596,1007,1,75.59,0
106597,1078,1,90.29,0
106597,1053,1,39.89,0
106598,1052,1,219.44,0
106599,1082,1,110.24,0
106599,1020,1,57.74,0
106600,1063,1,258.29,0
106600,1090,1,18.89,0
106600,1021,2,130.19,0
106601,1059,1,491.39,0
106602,1064,1,161.69,0
106602,1080,1,141.74,0
106603,1023,1,142.79,14.28
106603,1085,3,121.79,36.54
106604,1021,1,130.19,0
106605,1046,1,150.14,0
106605,1068,1,52.49,0
106605,1052,2,219.44,0
106605,1004,2,79.79,0
106606,1071,1,10.49,0
106607,1029,1,32.54,0
106608,1070,1,129.14,0
106609,1068,1,52.49,0
106609,1055,1,211.04,0
106609,1060,2,141.74,0
106609,1065,1,173.24,0
106610,1086,1,102.89,0
106610,1065,1,173.24,0
106610,1063,1,258.29,0
106611,1082,3,110.24,0
106611,1083,1,20.99,0
106612,1078,1,90.29,0
106613,1002,1,145.94,0
106613,1036,1,61.94,0
106613,1086,1,102.89,0
106614,1080,1,141.74,0
106615,1066,1,180.59,0
106616,1047,1,204.74,0
106616,1068,2,52.49,0
106617,1006,1,17.84,0
106617,1066,1,180.59,0
106618,1035,2,54.59,0
106619,1069,1,28.34,0
106620,1087,4,48.29,0
106621,1033,1,90.29,0
106622,1063,2,258.29,0
106622,1001,1,65.09,0
106622,1089,1,56.69,0
106623,1005,1,83.99,0
106623,1064,1,161.69,0
106624,1010,2,101.84,0
106624,1065,1,173.24,0
106625,1066,1,180.59,18.06
106626,1065,1,173.24,0
106626,1013,4,131.24,0
106626,1035,1,54.59,0
106627,1086,1,102.89,0
106627,1021,1,130.19,0
106628,1077,1,27.29,0
106629,1089,1,56.69,0
106629,1006,1,17.84,0
106630,1002,2,145.94,0
106631,1053,1,39.89,0
106631,1017,1,91.34,0
106631,1061,2,48.29,0
106631,1011,1,36.74,0
106632,1087,1,48.29,0
106633,1026,1,170.09,0
106633,1043,1,134.39,0
106634,1028,2,81.89,0
106634,1065,3,173.24,0
106634,1070,1,,0
106634,1061,1,48.29,0
106635,1003,1,24.14,0
106636,1012,1,115.49,0
106637,1005,2,83.99,0
106637,1083,2,20.99,0
106637,1072,1,149.09,0
106638,1068,1,,0
106639,1090,3,18.89,0
106639,1075,1,53.54,0
106640,1069,1,28.34,0
106640,1045,1,532.34,0
106640,1008,1,46.19,0
106641,1055,1,211.04,0
106642,1029,1,32.54,0
106643,1077,1,27.29,0
106643,1015,2,101.84,0
106644,1043,1,134.39,0
106645,1068,1,52.49,0
106645,1015,1,101.84,0
106646,1035,1,54.59,0
106647,1056,2,251.99,0
106648,1009,2,138.59,0
106649,1014,2,38.84,0
106650,1067,1,36.74,0
106650,1065,1,173.24,0
106651,1080,1,141.74,0
106652,1072,2,149.09,0
106652,1051,1,56.69,0
106653,1064,1,161.69,0
106654,1067,1,36.74,0
106654,1045,1,532.34,0
106655,1059,1,491.39,0
106656,1041,1,581.69,0
106656,1083,2,20.99,0
106656,1070,1,129.14,0
106657,1073,1,73.49,0
106658,1034,1,72.44,0
106659,1022,1,93.44,0
106659,1036,2,61.94,0
106659,1020,1,57.74,0
106659,1027,1,95.54,0
106660,1068,1,,0
106660,1057,1,216.29,0
106660,1004,1,79.79,0
106661,1089,1,56.69,0
106661,1079,1,65.09,0
106662,1023,1,142.79,0
106663,1047,1,204.74,0
106664,1085,1,121.79,12.18
106664,1036,1,61.94,6.19
106665,1012,1,115.49,0
106665,1011,2,36.74,0
106665,1034,1,72.44,0
106666,1089,1,56.69,0
106667,1019,1,81.89,0
106667,1067,1,36.74,0
106668,1030,2,8.39,1.68
106669,1073,1,73.49,0
106669,1087,1,48.29,0
106669,1018,1,223.64,0
106670,1060,3,141.74,0
106671,1053,1,39.89,0
106672,1074,2,20.99,0
106673,1077,2,27.29,0
106674,1026,3,170.09,0
106675,1082,1,110.24,0
106676,1049,1,133.34,0
106677,1038,1,329.69,0
106677,1019,1,81.89,0
106678,1065,1,173.24,0
106678,1056,1,251.99,0
106679,1032,1,86.09,0
106679,1063,3,258.29,0
106679,1004,1,79.79,0
106680,1012,1,115.49,0
106680,1081,1,78.74,0
106680,1025,1,175.34,0
106681,1085,2,121.79,0
106682,1017,1,91.34,0
106682,1082,1,110.24,0
106682,1006,1,17.84,0
106683,1074,1,20.99,0
106683,1031,1,40.94,0
106684,1060,1,141.74,0
106684,1073,1,73.49,0
106685,1062,1,160.64,0
106685,1029,1,32.54,0
106686,1004,1,79.79,0
106687,1033,1,90.29,0
106687,1057,1,216.29,0
106688,1064,1,161.69,0
106688,1048,1,146.99,0
106689,1036,1,61.94,0
106690,1077,1,27.29,0
106691,1078,1,90.29,0
106692,1013,1,131.24,0
106693,1021,1,130.19,0
106694,1064,1,161.69,0
106695,1005,1,83.99,0
106696,1026,2,170.09,0
106696,1077,1,27.29,0
106697,1003,1,24.14,0
106697,1085,1,121.79,0
106697,1031,1,40.94,0
106697,1030,2,8.39,0
106698,1080,1,141.74,0
106698,1027,1,95.54,0
106699,1033,1,90.29,0
106700,1019,1,81.89,0
106700,1038,1,329.69,0
106700,1053,1,39.89,0
106701,1084,1,118.64,0
106701,1067,1,36.74,0
106701,1058,2,98.69,0
106702,1053,3,39.89,0
106703,1089,1,56.69,0
106704,1001,1,65.09,0
106704,1077,1,27.29,0
106705,1033,2,90.29,0
106705,1038,1,329.69,0
106706,1008,1,46.19,0
106707,1026,1,170.09,0
106707,1070,1,129.14,0
106707,1067,2,36.74,0
106707,1019,1,81.89,0
106708,1083,1,20.99,0
106708,1078,1,90.29,0
106709,1080,1,141.74,0
106710,1090,1,18.89,0
106710,1086,1,102.89,0
106711,1029,1,32.54,0
106711,1017,1,91.34,0
106711,1019,2,81.89,0
106711,1008,1,46.19,0
106712,1020,1,57.74,0
106712,1067,2,36.74,0
106712,1025,1,175.34,0
106713,1079,2,65.09,0
106713,1082,1,110.24,0
106714,1061,1,48.29,0
106714,1089,4,56.69,0
106715,1003,1,24.14,0
106716,1064,1,161.69,0
106717,1082,1,110.24,0
106718,1083,1,20.99,0
106719,1090,1,18.89,0
106720,1026,2,170.09,0
106721,1004,1,79.79,0
106722,1063,1,258.29,0
106722,1048,1,146.99,0
106723,1015,3,101.84,0
106723,1031,1,40.94,0
106724,1060,1,141.74,0
106724,1037,1,30.44,0
106725,1036,1,61.94,0
106726,1055,1,211.04,0
106727,1070,1,129.14,0
106728,1053,1,39.89,0
106728,1059,3,491.39,0
106728,1011,2,36.74,0
106728,1065,2,173.24,0
106729,1023,1,142.79,0
106729,1011,1,36.74,0
106730,1028,2,81.89,0
106731,1062,1,160.64,0
106732,1055,1,211.04,0
106732,1032,1,86.09,0
106733,1074,1,20.99,0
106734,1003,1,24.14,0
106735,1053,1,39.89,0
106736,1087,1,48.29,0
106737,1087,1,48.29,0
106737,1068,1,52.49,0
106738,1050,1,154.34,0
106739,1065,1,173.24,0
106739,1001,2,65.09,0
106740,1036,2,61.94,0
106740,1080,2,141.74,0
106741,1023,1,142.79,0
106742,1036,1,61.94,0
106742,1014,1,38.84,0
106743,1007,1,75.59,0
106744,1060,1,141.74,0
106744,1039,1,508.19,0
106745,1051,1,56.69,0
106746,1011,1,36.74,0
106746,1083,1,20.99,0
106746,1039,1,508.19,0
106747,1017,1,91.34,0
106747,1003,1,24.14,0
106748,1013,1,131.24,0
106749,1060,1,,0
106750,1001,1,65.09,0
106750,1053,2,39.89,0
106750,1086,1,102.89,0
106751,1053,2,39.89,0
106752,1066,2,180.59,0
106753,1079,1,65.09,0
106754,1065,1,173.24,0
106755,1067,1,36.74,0
106756,1089,2,56.69,0
106757,1029,1,32.54,0
106758,1009,4,138.59,0
106758,1008,1,46.19,0
106758,1065,2,173.24,0
106758,1014,1,38.84,0
106759,1081,2,78.74,0
106759,1027,1,95.54,0
106759,1084,1,118.64,0
106760,1087,1,,0
106761,1078,1,90.29,0
106762,1090,1,18.89,0
106762,1066,2,180.59,0
106762,1002,1,145.94,0
106763,1080,2,141.74,0
106764,1011,1,36.74,0
106765,1046,1,150.14,0
106766,1023,1,142.79,0
106767,1086,2,102.89,0
106767,1018,1,223.64,0
106768,1072,1,149.09,0
106769,1032,1,86.09,8.61
106770,1033,1,90.29,0
106770,1020,1,57.74,0
106770,1063,1,258.29,0
106771,1063,1,258.29,0
106772,1056,1,251.99,0
106772,1073,1,73.49,0
106772,1061,1,48.29,0
106773,1017,3,91.34,0
106774,1054,1,241.49,0
106775,1087,1,48.29,0
106775,1073,1,73.49,0
106776,1014,2,38.84,0
106777,1025,2,175.34,0
106778,1054,1,241.49,0
106779,1076,1,145.94,0
106780,1077,1,27.29,0
106780,1029,1,32.54,0
106781,1044,1,556.49,0
106781,1046,1,150.14,0
106782,1016,1,190.04,0
106783,1068,1,52.49,0
106783,1008,1,46.19,0
106783,1025,1,175.34,0
106784,1003,1,24.14,0
106785,1001,2,65.09,0
106785,1030,1,8.39,0
106785,1078,1,90.29,0
106786,1003,1,24.14,0
106787,1010,1,101.84,0
106787,1081,1,78.74,0
106787,1025,1,175.34,0
106788,1002,1,145.94,14.59
106789,1018,1,223.64,0
106790,1039,1,508.19,0
106791,1068,1,52.49,0
106792,1041,1,581.69,0
106792,1028,1,81.89,0
106792,1009,1,138.59,0
106793,1069,1,28.34,0
106794,1086,1,102.89,0
106794,1018,1,223.64,0
106794,1024,1,62.99,0
106795,1078,1,90.29,0
106795,1055,1,211.04,0
106796,1083,1,20.99,0
106797,1081,1,78.74,0
106798,1064,1,161.69,0
106798,1053,1,39.89,0
106799,1053,1,39.89,0
106799,1076,1,145.94,0
106799,1004,1,79.79,0
106800,1007,1,,0
106800,1064,4,161.69,0
106800,1069,1,28.34,0
106801,1026,1,170.09,0
106802,1008,1,46.19,0
106803,1011,4,36.74,0
106804,1013,1,131.24,0
106804,1047,1,204.74,0
106804,1015,1,101.84,0
106804,1069,1,28.34,0
106805,1072,2,149.09,0
106806,1084,1,118.64,0
106806,1032,1,86.09,0
106807,1079,1,65.09,0
106807,1061,1,48.29,0
106808,1070,1,129.14,0
106809,1069,1,28.34,0
106810,1073,1,73.49,0
106810,1006,2,17.84,0
106811,1058,1,98.69,0
106811,1052,1,219.44,0
106812,1047,1,204.74,0
106813,1071,1,10.49,0
106814,1033,1,90.29,0
106814,1057,1,216.29,0
106815,1071,1,10.49,0
106815,1072,1,149.09,0
106815,1007,1,75.59,0
106816,1068,1,52.49,0
106816,1003,2,24.14,0
106816,1076,1,145.94,0
106817,1089,3,56.69,0
106817,1060,1,141.74,0
106818,1023,1,142.79,0
106819,1040,1,500.84,0
106820,1071,1,10.49,0
106821,1014,1,38.84,0
106821,1017,1,91.34,0
106822,1054,2,241.49,0
106823,1035,1,54.59,0
106823,1074,1,20.99,0
106824,1073,2,73.49,0
106824,1075,2,53.54,0
106824,1006,2,17.84,0
106825,1075,1,53.54,0
106825,1009,2,138.59,0
106826,1004,1,79.79,0
106827,1061,1,48.29,0
106828,1024,1,62.99,0
106829,1070,2,129.14,0
106830,1049,1,133.34,0
106831,1052,1,219.44,0
106831,1015,3,101.84,0
106832,1031,1,40.94,4.09
106832,1032,1,86.09,8.61
106833,1064,2,161.69,0
106833,1010,1,101.84,0
106833,1081,1,78.74,0
106834,1057,1,,0
106835,1002,1,145.94,0
106836,1049,1,133.34,0
106837,1085,2,121.79,0
106837,1063,1,258.29,0
106837,1079,3,65.09,0
106838,1081,3,78.74,0
106839,1068,1,52.49,0
106840,1069,1,28.34,0
106841,1031,1,40.94,0
106841,1083,2,20.99,0
106842,1049,1,133.34,0
106842,1065,1,173.24,0
106843,1037,2,30.44,0
106844,1075,1,53.54,0
106845,1084,1,118.64,0
106845,1061,1,48.29,0
106846,1016,1,190.04,0
106847,1067,2,36.74,7.35
106848,1006,1,17.84,0
106849,1033,2,90.29,0
106850,1077,1,27.29,0
106851,1032,1,86.09,0
106852,1072,1,149.09,0
106853,1069,1,28.34,0
106854,1041,1,581.69,0
106855,1023,3,142.79,0
106856,1043,1,134.39,0
106857,1049,1,133.34,0
106857,1014,1,38.84,0
106858,1009,2,138.59,0
106858,1006,2,17.84,0
106858,1028,1,81.89,0
106858,1002,2,145.94,0
106859,1021,1,130.19,0
106860,1047,1,204.74,0
106861,1056,1,251.99,0
106861,1037,1,30.44,0
106862,1029,1,32.54,0
106863,1058,1,98.69,0
106863,1048,1,146.99,0
106863,1002,1,145.94,0
106864,1070,1,129.14,0
106865,1080,1,141.74,0
106865,1013,1,131.24,0
106865,1019,1,81.89,0
106866,1087,1,48.29,0
106866,1063,1,258.29,0
106866,1084,1,118.64,0
106866,1081,1,78.74,0
106867,1009,2,138.59,0
106867,1085,1,121.79,0
106867,1004,1,79.79,0
106867,1011,1,36.74,0
106868,1051,1,56.69,0
106868,1050,1,154.34,0
106868,1084,1,118.64,0
106868,1076,1,145.94,0
106869,1007,1,75.59,0
106870,1060,1,141.74,0
106870,1013,1,131.24,0
106870,1019,1,81.89,0
106870,1009,1,138.59,0
106871,1087,1,48.29,0
106871,1080,1,141.74,0
106872,1055,1,211.04,0
106873,1026,1,170.09,0
106873,1077,1,27.29,0
106873,1075,2,53.54,0
106874,1077,1,27.29,0
106874,1029,1,32.54,0
106875,1006,1,17.84,0
106876,1007,1,75.59,0
106877,1071,1,10.49,0
106877,1070,1,129.14,0
106877,1053,2,39.89,0
106878,1004,1,79.79,0
106879,1063,1,258.29,0
106880,1010,1,101.84,0
106881,1024,4,62.99,0
106882,1060,1,141.74,0
106883,1057,1,216.29,0
106884,1045,1,532.34,0
106884,1056,2,251.99,0
106884,1015,2,101.84,0
106885,1087,1,48.29,0
106885,1075,2,53.54,0
106885,1001,1,65.09,0
106885,1022,2,93.44,0
106886,1014,1,38.84,0
106887,1077,1,27.29,0
106887,1050,1,154.34,0
106888,1022,1,93.44,0
106889,1026,1,170.09,0
106890,1076,1,145.94,0
106891,1062,1,160.64,0
106891,1075,1,53.54,0
106892,1016,1,190.04,0
106892,1033,3,90.29,0
106892,1064,1,161.69,0
106892,1072,1,149.09,0
106893,1040,1,500.84,0
106893,1058,1,98.69,0
106894,1011,1,36.74,0
106894,1087,1,48.29,0
106895,1051,1,56.69,0
106896,1012,1,115.49,0
106897,1072,1,149.09,0
106898,1035,1,54.59,0
106898,1004,1,79.79,0
106899,1009,1,138.59,0
106899,1028,1,81.89,0
106900,1002,1,145.94,0
106900,1029,1,32.54,0
106900,1083,1,20.99,0
106901,1037,1,30.44,0
106901,1010,1,101.84,0
106902,1063,1,258.29,0
106902,1073,2,73.49,0
106903,1009,2,,0
106903,1012,1,115.49,0
106903,1075,2,53.54,0
106904,1082,1,110.24,0
106904,1003,1,24.14,0
106905,1054,1,241.49,0
106906,1082,1,110.24,0
106906,1089,3,56.69,0
106907,1004,1,79.79,0
106907,1006,1,17.84,0
106908,1017,1,91.34,0
106908,1033,1,90.29,0
106909,1050,2,154.34,0
106909,1076,1,145.94,0
106909,1011,1,36.74,0
106909,1036,1,61.94,0
106910,1057,2,216.29,0
106910,1006,3,17.84,0
106910,1044,1,556.49,0
106911,1074,1,20.99,0
106911,1016,1,190.04,0
106911,1052,1,219.44,0
106912,1086,1,102.89,0
106913,1002,2,145.94,0
106914,1088,1,22.04,0
106915,1009,1,138.59,0
106915,1067,1,36.74,0
106916,1089,1,56.69,0
106917,1052,1,219.44,0
106917,1088,1,22.04,0
106918,1067,1,36.74,3.67
106918,1082,2,110.24,22.05
106919,1045,1,532.34,0
106919,1079,1,65.09,0
106919,1061,1,48.29,0
106919,1090,2,18.89,0
106920,1002,1,145.94,0
106920,1074,2,20.99,0
106920,1031,1,40.94,0
106921,1073,1,73.49,0
106922,1043,1,134.39,0
106923,1012,1,115.49,0
106924,1032,1,86.09,0
106925,1024,1,62.99,0
106926,1012,2,115.49,0
106926,1004,1,79.79,0
106926,1034,2,72.44,0
106927,1082,1,110.24,0
106927,1027,1,95.54,0
106928,1037,1,30.44,0
106928,1041,1,581.69,0
106928,1050,1,154.34,0
106929,1073,1,73.49,7.35
106930,1042,1,812.69,0
106930,1022,1,93.44,0
106931,1070,1,129.14,0
106931,1083,1,20.99,0
106932,1070,1,129.14,0
106932,1008,2,46.19,0
106933,1023,1,142.79,0
106934,1041,1,,58.17
106935,1065,3,173.24,0
106936,1028,1,81.89,0
106936,1089,2,56.69,0
106937,1062,1,160.64,0
106938,1059,1,491.39,0
106938,1084,1,118.64,0
106938,1047,1,204.74,0
106938,1080,1,141.74,0
106939,1048,1,146.99,14.7
106940,1081,1,78.74,0
106941,1050,1,154.34,0
106942,1085,1,121.79,0
106942,1070,1,129.14,0
106942,1019,1,81.89,0
106943,1057,1,216.29,0
106944,1051,1,56.69,0
106944,1025,1,175.34,0
106944,1084,1,118.64,0
106945,1026,1,170.09,0
106946,1025,1,175.34,0
106946,1058,1,98.69,0
106946,1070,1,129.14,0
106947,1067,2,36.74,0
106948,1018,1,223.64,0
106948,1064,1,161.69,0
106948,1011,1,36.74,0
106949,1072,1,149.09,0
106949,1061,1,48.29,0
106950,1006,1,17.84,0
106950,1021,1,130.19,0
106951,1088,1,22.04,0
106952,1004,1,79.79,7.98
106953,1030,4,8.39,3.36
106953,1037,2,30.44,6.09
106954,1061,1,48.29,0
106954,1046,1,150.14,0
106954,1045,1,532.34,0
106954,1026,3,170.09,0
106955,1020,1,57.74,0
106956,1061,2,48.29,0
106956,1060,1,141.74,0
106957,1077,1,27.29,0
106958,1051,1,56.69,0
106958,1004,1,79.79,0
106959,1079,2,65.09,0
106960,1059,3,491.39,0
106961,1020,1,57.74,0
106961,1028,2,81.89,0
106962,1085,1,121.79,0
106963,1057,1,216.29,0
106964,1018,2,223.64,0
106964,1072,1,149.09,0
106965,1028,1,81.89,0
106965,1090,1,18.89,0
106966,1083,1,20.99,0
106967,1090,1,18.89,0
106967,1075,2,53.54,0
106967,1024,1,62.99,0
106968,1081,1,78.74,0
106968,1041,1,581.69,0
106968,1088,1,22.04,0
106968,1077,1,27.29,0
106969,1068,1,52.49,5.25
106970,1068,1,52.49,0
106971,1080,1,141.74,0
106972,1016,1,190.04,0
106973,1078,1,90.29,0
106974,1076,1,145.94,0
106974,1080,1,141.74,0
106975,1074,1,20.99,0
106976,1033,1,90.29,0
106977,1005,1,83.99,0
106978,1027,1,95.54,0
106978,1088,1,22.04,0
106979,1014,1,38.84,0
106979,1082,4,110.24,0
106980,1066,2,180.59,0
106980,1037,2,30.44,0
106981,1027,1,95.54,0
106981,1089,3,56.69,0
106981,1022,1,93.44,0
106982,1013,1,131.24,0
106983,1064,1,161.69,0
106983,1072,1,149.09,0
106984,1005,1,83.99,0
106985,1063,1,258.29,0
106985,1012,2,115.49,0
106986,1050,1,154.34,0
106987,1066,1,180.59,0
106987,1010,1,101.84,0
106987,1013,1,131.24,0
106987,1026,1,170.09,0
106988,1069,1,28.34,0
106988,1087,1,48.29,0
106989,1031,1,40.94,0
106990,1035,1,54.59,0
106990,1007,1,75.59,0
106991,1026,2,170.09,0
106992,1027,2,95.54,0
106993,1056,1,251.99,0
106994,1056,1,251.99,0
106995,1036,1,61.94,0
106995,1020,2,57.74,0
106996,1080,2,141.74,0
106996,1068,2,52.49,0
106997,1005,1,83.99,0
106997,1034,1,72.44,0
106998,1016,1,190.04,0
106999,1004,1,79.79,0
106999,1012,1,115.49,0
106999,1008,1,46.19,0
107000,1085,1,121.79,0
107001,1089,1,56.69,0
107002,1082,2,110.24,0
107003,1039,1,508.19,0
107004,1015,1,101.84,0
107004,1067,1,36.74,0
107005,1034,4,72.44,0
107005,1082,1,110.24,0
107005,1020,1,57.74,0
107006,1009,1,138.59,13.86
107007,1060,1,,0
107007,1028,1,81.89,0
107007,1053,2,39.89,0
107007,1075,1,53.54,0
107008,1061,1,48.29,0
107008,1076,1,145.94,0
107008,1062,1,160.64,0
107009,1027,2,95.54,0
107010,1056,1,251.99,0
107010,1003,1,24.14,0
107011,1047,1,204.74,20.47
107012,1006,1,17.84,0
107012,1004,1,79.79,0
107012,1014,1,38.84,0
107012,1041,1,581.69,0
107013,1005,1,83.99,0
107014,1089,1,56.69,0
107015,1039,1,508.19,0
107015,1031,1,40.94,0
107016,1054,1,241.49,0
107017,1078,1,,0
107018,1013,1,131.24,0
107018,1084,1,118.64,0
107019,1053,1,39.89,0
107020,1060,1,141.74,0
107020,1020,2,57.74,0
107020,1001,2,65.09,0
107020,1006,1,17.84,0
107021,1074,1,20.99,0
107021,1005,1,83.99,0
107022,1059,2,491.39,0
107022,1034,2,72.44,0
107022,1056,2,251.99,0
107022,1087,2,48.29,0
107023,1057,1,216.29,0
107023,1030,1,8.39,0
107023,1012,1,115.49,0
107024,1021,2,130.19,0
107025,1017,1,91.34,0
107026,1014,1,38.84,0
107027,1032,1,86.09,0
107028,1004,1,79.79,0
107029,1087,1,48.29,0
107030,1056,1,251.99,0
107031,1003,1,24.14,0
107032,1060,1,141.74,0
107032,1053,2,39.89,0
107033,1027,1,95.54,0
107033,1088,1,22.04,0
107034,1058,2,98.69,0
107035,1017,1,91.34,0
107036,1062,1,160.64,0
107037,1085,1,121.79,0
107038,1019,1,81.89,0
107038,1005,1,83.99,0
107039,1047,1,204.74,0
107040,1068,1,52.49,0
107040,1078,1,90.29,0
107040,1019,1,81.89,0
107041,1049,1,133.34,0
107042,1076,3,,0
107042,1081,1,78.74,0
107043,1067,4,36.74,0
107043,1082,1,110.24,0
107044,1044,1,556.49,0
107045,1033,1,90.29,0
107046,1028,1,81.89,0
107047,1062,2,160.64,0
107047,1058,1,98.69,0
107048,1053,1,39.89,0
107048,1061,2,48.29,0
107049,1078,1,90.29,0
107050,1085,1,121.79,0
107051,1035,1,54.59,0
107052,1026,1,170.09,17.01
107053,1087,2,48.29,0
107053,1029,2,32.54,0
107054,1009,1,138.59,0
107055,1088,1,22.04,0
107055,1013,1,131.24,0
107056,1065,1,173.24,0
107057,1030,1,8.39,0
107057,1088,1,22.04,0
107057,1078,1,90.29,0
107058,1041,1,581.69,58.17
107059,1029,1,32.54,0
107059,1057,2,216.29,0
107059,1088,1,22.04,0
107059,1033,1,90.29,0
107060,1053,1,39.89,0
107061,1083,1,20.99,0
107062,1006,1,17.84,0
107063,1071,1,10.49,0
107064,1061,1,48.29,0
107064,1087,2,48.29,0
107065,1077,1,27.29,0
107065,1090,2,18.89,0
107066,1001,1,65.09,0
107067,1076,1,145.94,0
107068,1024,1,62.99,0
107068,1048,1,146.99,0
107069,1003,1,24.14,0
107070,1084,1,118.64,0
107070,1034,3,72.44,0
107070,1020,2,57.74,0
107070,1035,1,54.59,0
107071,1015,1,101.84,0
107072,1069,1,28.34,0
107073,1068,1,52.49,0
107073,1018,4,223.64,0
107073,1027,1,95.54,0
107074,1070,1,129.14,0
107074,1026,1,170.09,0
107074,1079,1,65.09,0
107075,1080,1,141.74,0
107076,1032,1,86.09,0
107077,1089,1,56.69,0
107077,1068,3,52.49,0
107078,1061,1,48.29,4.83
107078,1066,1,180.59,18.06
107078,1085,2,121.79,24.36
107079,1015,1,101.84,0
107080,1016,1,190.04,0
107081,1085,2,121.79,0
107082,1025,1,175.34,0
107082,1072,2,149.09,0
107083,1002,1,145.94,0
107084,1030,1,8.39,0
107084,1087,1,48.29,0
107084,1058,1,98.69,0
107085,1010,1,101.84,0
107086,1034,1,72.44,0
107087,1011,1,36.74,0
107087,1006,1,17.84,0
107087,1050,1,154.34,0
107088,1008,1,46.19,0
107089,1031,1,40.94,0
107090,1069,1,28.34,0
107091,1050,1,154.34,0
107091,1037,2,30.44,0
107092,1046,1,150.14,0
107092,1074,1,20.99,0
107093,1064,4,161.69,0
107094,1027,1,95.54,0
107095,1082,1,110.24,0
107095,1059,1,491.39,0
107096,1047,1,204.74,0
107097,1086,1,102.89,0
107098,1037,1,30.44,0
107098,1056,1,251.99,0
107098,1012,1,115.49,0
107099,1077,1,27.29,0
107099,1065,1,173.24,0
107100,1012,1,115.49,0
107101,1069,1,28.34,0
107102,1001,1,65.09,0
107102,1067,1,36.74,0
107102,1030,1,8.39,0
107102,1061,1,48.29,0
107103,1082,1,110.24,0
107103,1064,1,161.69,0
107103,1031,1,40.94,0
107103,1008,1,46.19,0
107104,1076,1,145.94,0
107105,1052,3,219.44,0
107106,1037,1,30.44,0
107107,1062,1,160.64,0
107108,1045,1,532.34,0
107108,1006,1,17.84,0
107109,1014,1,38.84,0
107110,1028,1,81.89,0
107110,1026,1,170.09,0
107110,1007,1,75.59,0
107111,1059,1,491.39,0
107112,1068,1,52.49,0
107112,1085,1,121.79,0
107112,1066,1,180.59,0
107113,1008,1,46.19,0
107114,1052,1,219.44,0
107114,1073,1,73.49,0
107115,1056,3,,0
107115,1029,2,32.54,0
107116,1088,1,22.04,0
107117,1080,1,141.74,0
107118,1005,1,83.99,0
107118,1054,1,241.49,0
107118,1060,1,141.74,0
107119,1008,1,46.19,0
107119,1002,1,145.94,0
107119,1082,2,110.24,0
107119,1084,2,118.64,0
107120,1016,1,190.04,0
107120,1054,1,241.49,0
107120,1009,1,138.59,0
107120,1004,1,79.79,0
107121,1059,2,491.39,98.28
107121,1038,1,329.69,32.97
107122,1033,4,90.29,0
107123,1009,1,138.59,0
107124,1050,1,154.34,0
107125,1022,1,93.44,0
107125,1071,1,10.49,0
107125,1087,3,48.29,0
107126,1053,1,39.89,0
107127,1008,2,46.19,0
107127,1028,2,81.89,0
107127,1081,2,,0
107127,1063,1,258.29,0
107128,1030,1,8.39,0
107129,1010,2,101.84,0
107129,1089,1,56.69,0
107129,1082,1,110.24,0
107130,1067,1,36.74,0
107131,1051,1,56.69,0
107132,1010,1,101.84,0
107133,1040,1,500.84,0
107133,1072,2,149.09,0
107133,1004,1,79.79,0
107134,1075,2,53.54,0
107134,1083,1,20.99,0
107134,1081,1,78.74,0
107135,1011,1,36.74,0
107135,1065,1,173.24,0
107136,1050,3,154.34,0
107137,1059,1,491.39,0
107138,1019,1,81.89,0
107139,1069,1,28.34,0
107140,1010,1,101.84,0
107141,1083,1,20.99,0
107142,1073,1,73.49,0
107142,1082,1,110.24,0
107143,1014,2,38.84,0
107144,1082,1,110.24,0
107145,1066,2,180.59,0
107146,1062,1,160.64,0
107146,1015,1,101.84,0
107146,1076,1,145.94,0
107147,1089,1,56.69,0
107148,1017,1,91.34,0
107149,1061,2,48.29,0
107150,1073,1,73.49,0
107151,1087,1,48.29,0
107151,1036,1,61.94,0
107152,1016,1,190.04,0
107153,1013,1,131.24,13.12
107154,1088,1,22.04,0
107155,1080,1,141.74,0
107155,1025,3,175.34,0
107156,1086,1,102.89,0
107157,1078,1,90.29,0
107158,1061,1,48.29,0
107158,1081,1,78.74,0
107159,1023,2,142.79,0
107160,1012,1,115.49,0
107161,1039,1,508.19,0
107162,1035,1,54.59,0
107163,1048,1,146.99,0
107164,1017,3,91.34,0
107165,1033,1,90.29,0
107165,1005,1,83.99,0
107165,1047,1,204.74,0
107166,1003,1,24.14,0
107167,1013,3,131.24,0
107167,1009,1,138.59,0
107167,1061,1,48.29,0
107168,1028,1,81.89,0
107168,1080,2,141.74,0
107168,1060,1,141.74,0
107169,1078,1,90.29,0
107169,1066,1,180.59,0
107169,1022,2,93.44,0
107170,1074,1,20.99,0
107171,1041,1,581.69,0
107172,1063,1,258.29,0
107173,1081,1,78.74,0
107173,1011,1,36.74,0
107174,1036,1,61.94,0
107174,1028,1,81.89,0
107175,1009,1,138.59,13.86
107176,1008,1,46.19,4.62
107177,1002,1,145.94,0
107178,1088,1,22.04,0
107179,1055,1,211.04,0
107180,1063,1,258.29,0
107181,1015,1,101.84,10.18
107181,1012,1,115.49,11.55
107182,1037,1,30.44,0
107182,1036,2,61.94,0
107183,1089,1,56.69,5.67
107183,1036,1,61.94,6.19
107184,1064,1,161.69,0
107185,1026,1,170.09,0
107185,1046,1,150.14,0
107185,1005,1,83.99,0
107185,1040,1,500.84,0
107186,1047,1,204.74,0
107187,1056,1,251.99,0
107187,1017,1,91.34,0
107188,1006,1,17.84,0
107188,1008,1,46.19,0
107189,1018,2,223.64,0
107189,1089,1,56.69,0
107189,1059,1,491.39,0
107189,1008,1,46.19,0
107190,1005,1,83.99,0
107191,1052,1,219.44,0
107192,1068,2,,0
107192,1059,1,491.39,0
107193,1074,2,20.99,0
107194,1007,1,75.59,0
107195,1064,1,161.69,0
107195,1008,1,46.19,0
107195,1073,1,73.49,0
107196,1015,1,101.84,0
107197,1070,1,129.14,0
107198,1008,1,46.19,0
107198,1038,1,329.69,0
107198,1025,4,175.34,0
107199,1080,2,141.74,0
107199,1009,1,138.59,0
107200,1074,1,20.99,0
107201,1030,1,8.39,0
107202,1024,1,62.99,0
107203,1036,1,61.94,0
107204,1013,1,131.24,0
107205,1025,1,175.34,0
107205,1063,1,258.29,0
107206,1072,1,149.09,14.91
107206,1010,1,101.84,10.18
107206,1081,1,78.74,7.87
107207,1016,1,190.04,0
107207,1070,1,129.14,0
107208,1008,1,46.19,0
107209,1086,1,102.89,0
107210,1058,1,98.69,0
107210,1007,1,75.59,0
107211,1036,1,61.94,0
107212,1053,3,39.89,0
107213,1041,1,581.69,0
107213,1079,2,65.09,0
107214,1030,1,8.39,0
107215,1085,1,121.79,0
107216,1013,4,131.24,0
107216,1014,1,38.84,0
107216,1059,1,491.39,0
107216,1029,1,32.54,0
107217,1009,2,138.59,27.72
107218,1037,1,30.44,0
107219,1073,1,73.49,0
107220,1080,1,141.74,0
107221,1029,1,32.54,0
107222,1044,1,556.49,0
107223,1089,1,56.69,0
107223,1065,4,173.24,0
107224,1035,1,54.59,0
107225,1065,2,173.24,0
107226,1011,1,36.74,0
107226,1057,2,216.29,0
107227,1089,1,56.69,0
107228,1005,1,83.99,0
107229,1078,1,90.29,0
107229,1079,2,65.09,0
107229,1059,2,491.39,0
107230,1012,1,115.49,0
107230,1005,1,83.99,0
107230,1077,1,27.29,0
107230,1017,1,91.34,0
107231,1086,1,102.89,0
107231,1003,1,24.14,0
107232,1082,1,110.24,0
107233,1001,1,65.09,0
107234,1059,1,491.39,0
107235,1082,1,110.24,0
107235,1081,1,78.74,0
107236,1055,1,211.04,21.1
107237,1075,1,53.54,0
107237,1003,1,24.14,0
107238,1030,1,8.39,0
107238,1062,2,160.64,0
107239,1011,1,36.74,0
107239,1028,1,81.89,0
107240,1089,3,56.69,0
107240,1061,1,48.29,0
107241,1033,1,90.29,0
107242,1027,1,95.54,0
107243,1044,1,556.49,0
107243,1084,3,118.64,0
107244,1070,2,129.14,0
107245,1059,1,491.39,0
107246,1078,1,90.29,0
107247,1054,1,241.49,0
107248,1082,1,110.24,0
107248,1055,1,211.04,0
107248,1043,1,134.39,0
107249,1076,1,145.94,0
107249,1072,2,149.09,0
107249,1027,1,95.54,0
107249,1077,3,27.29,0
107250,1076,1,145.94,0
107251,1049,1,133.34,0
107251,1053,1,39.89,0
107252,1013,1,131.24,0
107252,1055,1,211.04,0
107253,1006,1,17.84,0
107254,1004,1,79.79,0
107255,1011,1,36.74,0
107256,1037,1,30.44,0
107256,1090,1,18.89,0
107257,1037,1,30.44,0
107257,1040,1,500.84,0
107258,1085,1,121.79,0
107259,1064,1,161.69,0
107260,1009,1,138.59,0
107261,1030,2,8.39,1.68
107262,1042,1,812.69,0
107262,1017,1,91.34,0
107263,1004,1,79.79,0
107264,1023,2,142.79,0
107265,1035,1,54.59,0
107265,1019,1,81.89,0
107265,1083,1,20.99,0
107266,1079,2,65.09,0
107267,1066,1,180.59,0
107268,1038,1,329.69,0
107268,1083,1,20.99,0
107269,1036,1,61.94,0
107270,1058,1,98.69,0
107270,1006,1,17.84,0
107271,1034,2,72.44,0
107271,1085,1,121.79,0
107272,1001,1,65.09,0
107272,1053,1,39.89,0
107272,1010,1,101.84,0
107273,1036,1,61.94,6.19
107274,1020,1,57.74,0
107274,1010,1,101.84,0
107275,1085,1,121.79,0
107275,1053,1,39.89,0
107275,1079,1,65.09,0
107275,1062,1,160.64,0
107276,1079,1,65.09,0
107276,1006,1,17.84,0
107276,1033,1,90.29,0
107277,1078,2,90.29,0
107278,1066,1,180.59,0
107278,1086,1,102.89,0
107278,1008,2,46.19,0
107278,1034,1,72.44,0
107279,1087,3,48.29,0
107280,1008,1,46.19,0
107281,1028,1,81.89,0
107282,1001,1,65.09,0
107283,1027,1,95.54,0
107284,1052,1,219.44,21.94
107284,1012,1,115.49,11.55
107284,1047,1,204.74,20.47
107284,1072,1,149.09,14.91
107285,1054,1,241.49,0
107286,1024,1,62.99,0
107287,1002,1,145.94,0
107288,1028,1,81.89,0
107289,1067,1,36.74,0
107290,1079,2,65.09,0
107290,1067,1,36.74,0
107290,1004,1,79.79,0
107290,1088,1,22.04,0
107291,1070,1,129.14,0
107292,1074,1,20.99,0
107293,1071,1,10.49,0
107293,1070,3,129.14,0
107293,1022,1,93.44,0
107294,1081,1,78.74,0
107294,1090,1,18.89,0
107294,1054,1,241.49,0
107294,1053,1,39.89,0
107295,1051,3,56.69,0
107296,1042,1,812.69,0
107296,1029,1,32.54,0
107297,1052,3,219.44,0
107298,1067,1,36.74,0
107299,1013,1,131.24,0
107300,1076,1,145.94,0
107300,1084,2,118.64,0
107300,1017,1,91.34,0
107301,1083,1,20.99,0
107302,1028,2,81.89,0
107303,1032,2,86.09,0
107303,1015,1,101.84,0
107304,1003,1,24.14,0
107305,1001,1,65.09,0
107306,1062,1,160.64,0
107307,1066,2,180.59,0
107307,1069,1,28.34,0
107308,1051,1,56.69,0
107308,1034,1,72.44,0
107309,1054,1,241.49,0
107309,1036,1,61.94,0
107310,1025,1,175.34,0
107311,1045,1,532.34,0
107312,1019,1,,0
107312,1004,1,79.79,0
107313,1076,1,145.94,0
107314,1030,1,8.39,0
107315,1049,1,133.34,0
107315,1090,1,18.89,0
107316,1004,1,79.79,0
107317,1013,1,131.24,0
107318,1035,1,54.59,0
107319,1030,1,8.39,0
107320,1027,1,95.54,0
107320,1075,1,53.54,0
107320,1072,1,149.09,0
107321,1027,1,95.54,0
107321,1052,3,219.44,0
107321,1082,1,110.24,0
107322,1006,1,17.84,0
107322,1057,1,216.29,0
107322,1069,1,28.34,0
107322,1072,1,149.09,0
107323,1061,1,48.29,0
107324,1090,1,18.89,0
107325,1065,1,173.24,0
107326,1023,1,142.79,0
107326,1077,1,27.29,0
107327,1072,2,149.09,0
107327,1031,2,40.94,0
107327,1020,1,57.74,0
107328,1030,1,8.39,0
107328,1034,1,72.44,0
107328,1051,1,56.69,0
107328,1008,1,46.19,0
107329,1003,1,24.14,0
107329,1080,1,141.74,0
107329,1063,2,258.29,0
107329,1090,1,18.89,0
107330,1030,4,8.39,0
107331,1073,1,73.49,0
107332,1080,2,141.74,0
107332,1069,1,28.34,0
107333,1004,1,79.79,0
107333,1049,1,133.34,0
107333,1063,1,258.29,0
107333,1066,1,180.59,0
107334,1027,1,95.54,9.55
107335,1004,1,79.79,0
107335,1008,1,46.19,0
107336,1030,1,8.39,0
107337,1056,1,251.99,0
107338,1064,1,161.69,0
107339,1083,1,20.99,0
107339,1022,1,93.44,0
107340,1031,1,40.94,0
107341,1048,1,146.99,0
107342,1054,1,241.49,0
107343,1022,1,93.44,0
107344,1017,1,91.34,0
107344,1065,1,173.24,0
107345,1045,1,532.34,0
107346,1010,1,101.84,0
107346,1071,1,10.49,0
107347,1022,1,93.44,0
107347,1056,1,251.99,0
107348,1088,1,22.04,0
107349,1015,3,101.84,0
107350,1015,2,101.84,0
107351,1009,1,138.59,0
107352,1009,1,138.59,0
107353,1010,1,101.84,0
107353,1075,1,53.54,0
107354,1077,1,27.29,0
107355,1064,1,161.69,0
107356,1036,1,61.94,0
107357,1024,2,62.99,0
107357,1090,1,18.89,0
107358,1019,1,81.89,0
107359,1022,1,93.44,0
107360,1038,1,329.69,0
107361,1058,1,98.69,0
107362,1088,1,22.04,0
107363,1010,1,101.84,0
107364,1064,1,161.69,16.17
107364,1007,1,75.59,7.56
107365,1028,1,81.89,0
107366,1081,1,78.74,0
107366,1043,1,134.39,0
107366,1006,2,17.84,0
107366,1025,1,175.34,0
107367,1061,1,48.29,0
107368,1086,1,102.89,0
107368,1052,2,219.44,0
107368,1075,1,53.54,0
107369,1072,1,149.09,0
107369,1033,1,90.29,0
107370,1089,1,56.69,0
107371,1079,1,65.09,0
107372,1079,1,65.09,0
107373,1079,1,65.09,0
107374,1081,3,78.74,0
107374,1050,1,154.34,0
107375,1078,1,90.29,0
107376,1036,1,61.94,0
107377,1041,1,581.69,0
107377,1006,1,17.84,0
107377,1068,1,52.49,0
107378,1011,1,36.74,0
107379,1041,1,581.69,0
107379,1086,1,102.89,0
107380,1002,1,145.94,0
107380,1030,1,8.39,0
107381,1077,1,27.29,0
107381,1083,3,20.99,0
107381,1036,1,61.94,0
107382,1071,1,10.49,0
107383,1074,1,20.99,2.1
107383,1081,1,78.74,7.87
107384,1086,2,102.89,0
107384,1008,1,46.19,0
107385,1006,1,17.84,0
107386,1057,1,216.29,0
107387,1079,1,65.09,0
107388,1011,1,36.74,0
107388,1027,1,95.54,0
107388,1053,2,39.89,0
107389,1026,1,170.09,0
107390,1045,1,532.34,0
107391,1070,1,129.14,0
107392,1089,1,56.69,5.67
107393,1011,1,36.74,3.67
107393,1018,1,223.64,22.36
107394,1072,1,149.09,0
107394,1013,1,,0
107395,1058,1,98.69,0
107396,1054,1,241.49,0
107397,1063,1,258.29,0
107398,1036,1,61.94,0
107398,1015,1,101.84,0
107398,1044,1,556.49,0
107399,1017,1,91.34,0
107400,1080,1,141.74,0
107401,1040,1,500.84,0
107401,1003,3,24.14,0
107402,1072,1,149.09,0
107403,1005,1,83.99,0
107403,1087,1,48.29,0
107403,1010,1,101.84,0
107404,1082,1,110.24,0
107405,1074,1,20.99,0
107406,1072,1,149.09,0
107406,1008,2,46.19,0
107407,1028,1,81.89,0
107408,1083,1,20.99,0
107409,1022,4,93.44,0
107409,1025,1,175.34,0
107410,1034,2,72.44,0
107410,1080,1,141.74,0
107410,1004,1,79.79,0
107410,1019,1,81.89,0
107411,1089,1,56.69,0
107411,1013,1,131.24,0
107412,1054,1,241.49,0
107413,1087,2,48.29,0
107414,1037,1,30.44,0
107415,1087,1,48.29,0
107415,1076,1,145.94,0
107415,1005,1,83.99,0
107416,1033,2,90.29,18.06
107416,1038,1,329.69,32.97
107416,1068,1,52.49,5.25
107417,1068,1,52.49,0
107418,1007,1,75.59,7.56
107419,1080,1,141.74,0
107420,1039,1,508.19,0
107420,1018,1,223.64,0
107420,1088,1,22.04,0
107420,1085,1,121.79,0
107421,1077,1,27.29,0
107421,1006,1,17.84,0
107422,1005,1,83.99,0
107423,1086,1,102.89,0
107424,1075,1,53.54,0
107424,1083,2,20.99,0
107425,1012,1,115.49,0
107426,1038,1,329.69,0
107427,1030,1,8.39,0.84
107428,1072,2,149.09,0
107428,1076,1,145.94,0
107429,1078,1,90.29,0
107429,1031,2,40.94,0
107430,1067,1,36.74,0
107431,1054,1,241.49,24.15
107431,1056,2,251.99,50.4
107432,1026,1,170.09,0
107433,1008,1,46.19,0
107433,1009,1,138.59,0
107434,1030,1,8.39,0
107434,1069,1,28.34,0
107434,1061,1,48.29,0
107435,1077,1,27.29,0
107435,1082,1,110.24,0
107436,1051,1,56.69,0
107437,1083,3,20.99,0
107438,1004,1,79.79,0
107439,1016,3,190.04,0
107439,1051,1,56.69,0
107440,1053,1,39.89,0
107441,1053,1,39.89,0
107442,1051,1,56.69,0
107443,1071,1,10.49,0
107444,1083,3,20.99,0
107444,1075,1,53.54,0
107444,1048,1,146.99,0
107444,1085,1,121.79,0
107445,1038,1,329.69,0
107446,1003,1,24.14,0
107447,1059,1,491.39,0
107447,1006,1,17.84,0
107448,1061,1,48.29,0
107448,1002,1,145.94,0
107448,1071,1,10.49,0
107448,1055,2,211.04,0
107449,1045,1,532.34,0
107449,1043,1,134.39,0
107449,1079,1,65.09,0
107450,1031,1,40.94,0
107451,1087,1,48.29,0
107451,1075,1,53.54,0
107452,1001,1,65.09,0
107453,1065,1,173.24,0
107453,1045,1,532.34,0
107454,1013,1,131.24,0
107455,1005,2,83.99,0
107455,1006,1,17.84,0
107455,1004,1,79.79,0
107456,1082,1,110.24,0
107457,1088,1,22.04,0
107458,1027,1,95.54,0
107458,1006,1,17.84,0
107458,1082,1,110.24,0
107458,1071,1,10.49,0
107459,1082,1,110.24,0
107459,1079,1,65.09,0
107460,1027,1,95.54,0
107461,1058,2,98.69,0
107462,1078,1,90.29,0
107463,1070,1,129.14,0
107463,1018,1,223.64,0
107463,1090,1,18.89,0
107464,1041,1,581.69,0
107464,1007,1,75.59,0
107464,1062,1,160.64,0
107465,1032,1,86.09,0
107465,1072,1,149.09,0
107466,1071,1,10.49,0
107467,1057,1,216.29,0
107468,1033,1,90.29,0
107469,1028,1,81.89,0
107470,1003,1,24.14,0
107470,1008,1,46.19,0
107471,1058,1,98.69,0
107472,1071,1,10.49,0
107472,1051,1,56.69,0
107472,1035,4,54.59,0
107472,1054,1,241.49,0
107473,1076,2,145.94,0
107473,1034,1,72.44,0
107474,1020,1,57.74,0
107474,1081,1,78.74,0
107475,1058,1,98.69,0
107476,1041,1,581.69,0
107477,1020,2,57.74,0
107478,1086,1,102.89,0
107479,1090,1,18.89,0
107480,1082,4,110.24,0
107481,1053,2,39.89,0
107481,1074,1,20.99,0
107482,1087,2,48.29,0
107483,1085,1,121.79,0
107484,1027,2,95.54,0
107484,1028,2,81.89,0
107485,1078,1,90.29,0
107486,1076,1,145.94,0
107487,1010,2,101.84,0
107487,1047,1,204.74,0
107488,1028,1,81.89,0
107489,1014,1,38.84,0
107490,1056,1,251.99,0
107491,1011,1,36.74,0
107491,1001,1,65.09,0
107491,1072,3,149.09,0
107492,1043,1,134.39,0
107493,1088,1,22.04,0
107494,1076,1,145.94,0
107495,1078,1,90.29,0
107495,1086,1,102.89,0
107495,1002,1,145.94,0
107496,1072,1,149.09,0
107497,1075,3,53.54,0
107498,1016,1,190.04,0
107498,1022,1,93.44,0
107499,1015,1,101.84,0
107500,1002,1,145.94,0
107501,1062,1,160.64,0
107502,1030,2,8.39,0
107503,1040,1,500.84,0
107503,1007,1,75.59,0
107504,1006,1,17.84,0
107505,1072,1,149.09,0
107505,1054,1,241.49,0
107506,1009,1,138.59,0
107507,1010,1,101.84,0
107508,1008,1,46.19,0
107508,1025,1,175.34,0
107509,1087,1,48.29,0
107510,1029,1,32.54,0
107511,1086,1,102.89,0
107511,1046,1,150.14,0
107512,1087,1,48.29,0
107512,1001,1,65.09,0
107512,1016,1,190.04,0
107513,1035,1,54.59,0
107514,1001,1,65.09,6.51
107515,1081,1,78.74,0
107515,1010,2,101.84,0
107516,1034,1,72.44,0
107517,1090,1,18.89,0
107517,1045,1,532.34,0
107517,1018,2,223.64,0
107517,1009,1,138.59,0
107518,1002,1,145.94,0
107519,1071,1,10.49,0
107520,1021,1,130.19,13.02
107520,1063,2,258.29,51.66
107521,1009,1,138.59,0
107522,1056,4,251.99,0
107522,1063,1,258.29,0
107522,1079,1,65.09,0
107523,1023,1,142.79,0
107524,1061,1,48.29,0
107524,1083,1,20.99,0
107525,1001,1,65.09,0
107525,1053,1,39.89,0
107526,1059,4,491.39,196.56
107527,1058,3,98.69,0
107528,1055,1,211.04,0
107529,1024,2,62.99,0
107529,1061,2,48.29,0
107530,1050,1,154.34,0
107530,1049,1,133.34,0
107530,1065,2,173.24,0
107531,1033,1,90.29,0
107531,1080,1,141.74,0
107532,1019,2,81.89,0
107533,1027,1,95.54,0
107534,1089,1,56.69,0
107535,1004,1,79.79,0
107536,1087,1,48.29,0
107537,1088,1,22.04,0
107538,1012,1,115.49,0
107539,1020,1,57.74,0
107539,1052,1,219.44,0
107540,1072,3,149.09,0
107540,1040,1,500.84,0
107541,1036,1,61.94,0
107542,1017,1,91.34,0
107542,1013,1,131.24,0
107543,1013,1,131.24,0
107544,1014,3,38.84,0
107544,1030,1,8.39,0
107544,1078,1,90.29,0
107544,1060,1,141.74,0
107545,1013,1,131.24,0
107545,1007,1,75.59,0
107546,1057,2,216.29,0
107547,1071,2,10.49,0
107548,1013,1,131.24,0
107548,1033,1,90.29,0
107548,1071,2,10.49,0
107549,1065,1,173.24,0
107549,1085,1,121.79,0
107549,1022,2,,0
107550,1027,2,95.54,0
107551,1043,1,134.39,0
107552,1021,1,130.19,0
107552,1089,2,56.69,0
107552,1087,1,48.29,0
107552,1085,1,121.79,0
107553,1075,1,53.54,0
107553,1014,1,38.84,0
107554,1016,1,,0
107554,1085,1,121.79,0
107555,1078,1,90.29,0
107556,1089,1,56.69,0
107557,1036,1,61.94,6.19
107558,1026,2,170.09,0
107559,1062,2,160.64,0
107559,1060,1,141.74,0
107560,1011,2,36.74,7.35
107561,1031,1,40.94,0
107562,1049,1,133.34,0
107563,1015,4,101.84,0
107563,1051,1,56.69,0
107564,1082,1,110.24,0
107565,1023,1,142.79,0
107566,1049,1,133.34,0
107566,1021,1,130.19,0
107566,1054,1,241.49,0
107567,1053,1,39.89,0
107567,1062,1,160.64,0
107568,1086,1,102.89,0
107568,1090,2,18.89,0
107569,1054,1,241.49,0
107569,1090,2,18.89,0
107569,1051,1,56.69,0
107570,1070,2,129.14,0
107570,1086,1,102.89,0
107570,1018,1,223.64,0
107571,1043,1,,0
107572,1050,2,154.34,0
107572,1054,1,241.49,0
107573,1050,1,154.34,15.43
107574,1007,1,75.59,0
107575,1057,4,216.29,0
107576,1020,3,57.74,0
107577,1024,2,62.99,0
107577,1008,1,46.19,0
107577,1071,1,10.49,0
107577,1001,1,65.09,0
107578,1025,1,175.34,0
107579,1084,1,118.64,0
107580,1075,1,53.54,0
107580,1007,1,75.59,0
107580,1072,1,149.09,0
107581,1013,1,131.24,0
107582,1073,2,73.49,0
107583,1016,1,190.04,0
107583,1065,1,173.24,0
107583,1053,2,39.89,0
107584,1062,1,160.64,0
107585,1057,1,216.29,0
107586,1044,1,556.49,0
107586,1031,1,40.94,0
107586,1029,1,32.54,0
107587,1028,1,81.89,0
107587,1017,1,91.34,0
107588,1002,1,145.94,0
107589,1009,1,138.59,13.86
107590,1078,1,90.29,0
107591,1073,1,73.49,0
107592,1073,1,73.49,0
107593,1016,1,190.04,0
107593,1082,2,110.24,0
107593,1012,1,115.49,0
107593,1002,1,145.94,0
107594,1089,1,56.69,0
107595,1010,1,101.84,0
107595,1002,1,145.94,0
107596,1047,1,204.74,0
107597,1090,3,18.89,0
107597,1056,1,251.99,0
107597,1003,2,24.14,0
107597,1002,1,145.94,0
107598,1010,2,101.84,0
107599,1026,1,170.09,0
107600,1022,1,93.44,0
107601,1035,1,54.59,0
107602,1054,1,241.49,0
107603,1025,2,175.34,0
107603,1013,1,131.24,0
107604,1032,1,86.09,0
107604,1085,1,121.79,0
107605,1017,1,91.34,0
107606,1086,4,102.89,0
107607,1008,1,46.19,0
107607,1015,1,101.84,0
107608,1039,1,508.19,0
107609,1051,1,56.69,0
107609,1008,1,46.19,0
107609,1036,1,61.94,0
107609,1010,1,101.84,0
107610,1028,1,81.89,0
107611,1078,1,90.29,0
107612,1021,1,130.19,0
107612,1005,2,83.99,0
107612,1071,1,10.49,0
107613,1078,4,90.29,0
107613,1073,1,73.49,0
107614,1072,1,149.09,0
107615,1053,1,39.89,0
107616,1071,1,10.49,0
107617,1002,2,145.94,0
107618,1045,1,532.34,0
107618,1034,1,72.44,0
107619,1080,1,141.74,0
107620,1058,2,98.69,0
107620,1080,1,141.74,0
107620,1035,1,54.59,0
107621,1078,1,90.29,0
107622,1079,2,65.09,13.02
107623,1001,1,65.09,0
107624,1017,1,91.34,0
107624,1089,1,56.69,0
107625,1011,1,36.74,0
107626,1079,1,65.09,0
107627,1025,1,175.34,0
107628,1036,1,61.94,0
107628,1024,1,62.99,0
107629,1010,1,101.84,0
107630,1023,1,142.79,14.28
107630,1025,1,175.34,17.53
107631,1011,1,36.74,0
107632,1038,1,329.69,32.97
107633,1040,1,500.84,0
107634,1080,1,141.74,0
107634,1023,1,142.79,0
107634,1013,1,131.24,0
107635,1041,1,581.69,0
107635,1058,1,,0
107636,1072,1,149.09,0
107637,1011,1,36.74,3.67
107637,1082,1,110.24,11.02
107638,1019,1,81.89,0
107639,1074,1,20.99,0
107640,1018,1,223.64,0
107640,1079,1,65.09,0
107640,1072,2,149.09,0
107641,1044,1,556.49,0
107641,1033,1,90.29,0
107642,1014,1,38.84,0
107643,1072,1,149.09,0
107644,1017,1,91.34,0
107645,1030,1,8.39,0.84
107646,1072,1,149.09,0
107647,1040,1,500.84,0
107648,1086,1,102.89,0
107648,1081,1,78.74,0
107648,1002,2,145.94,0
107649,1053,1,39.89,0
107649,1051,2,56.69,0
107649,1077,1,27.29,0
107649,1085,1,121.79,0
107650,1008,1,46.19,0
107651,1004,1,79.79,0
107651,1032,1,86.09,0
107652,1037,1,30.44,0
107652,1006,1,17.84,0
107653,1014,1,38.84,0
107654,1056,2,251.99,0
107654,1058,1,98.69,0
107655,1012,1,115.49,0
107655,1040,1,500.84,0
107656,1012,1,115.49,11.55
107657,1002,2,145.94,0
107658,1050,1,154.34,0
107658,1046,1,150.14,0
107658,1044,1,556.49,0
107659,1010,1,101.84,0
107660,1008,1,46.19,0
107661,1090,1,18.89,1.89
107661,1027,1,,9.55
107662,1002,1,145.94,0
107663,1005,1,83.99,0
107663,1024,1,62.99,0
107664,1037,2,30.44,0
107664,1078,1,90.29,0
107665,1087,1,48.29,4.83
107666,1077,1,27.29,0
107667,1005,1,83.99,0
107668,1003,1,24.14,2.41
107669,1017,1,,0
107669,1082,1,110.24,0
107670,1009,1,138.59,0
107671,1005,1,83.99,0
107671,1080,1,,0
107672,1065,1,173.24,0
107673,1075,1,53.54,0
107674,1040,1,500.84,0
107675,1084,1,118.64,0
107675,1075,1,53.54,0
107676,1086,1,102.89,0
107677,1090,1,18.89,0
107677,1069,1,28.34,0
107677,1033,2,90.29,0
107677,1015,1,101.84,0
107678,1054,1,241.49,0
107679,1057,2,216.29,0
107679,1020,1,57.74,0
107680,1043,1,134.39,0
107680,1063,1,258.29,0
107680,1048,1,146.99,0
107681,1038,1,329.69,0
107682,1078,1,90.29,9.03
107682,1085,1,121.79,12.18
107683,1051,2,56.69,0
107683,1085,1,121.79,0
107684,1007,3,75.59,0
107684,1050,1,154.34,0
107685,1050,1,154.34,0
107685,1026,1,170.09,0
107685,1057,1,216.29,0
107685,1020,2,57.74,0
107686,1058,1,98.69,0
107686,1089,1,56.69,0
107687,1019,1,81.89,0
107688,1090,2,18.89,0
107689,1054,1,241.49,0
107689,1049,1,133.34,0
107689,1072,1,149.09,0
107690,1070,1,129.14,0
107690,1020,1,57.74,0
107691,1043,1,134.39,0
107692,1027,1,95.54,0
107692,1070,1,129.14,0
107693,1052,2,219.44,0
107693,1051,1,56.69,0
107694,1074,1,20.99,0
107695,1037,1,30.44,0
107696,1082,1,110.24,0
107696,1070,1,129.14,0
107697,1079,1,65.09,0
107697,1074,1,20.99,0
107697,1010,1,101.84,0
107697,1084,1,118.64,0
107698,1074,1,20.99,0
107699,1052,3,219.44,0
107700,1021,3,130.19,0
107700,1085,1,121.79,0
107701,1009,1,138.59,0
107702,1044,1,556.49,0
107703,1020,1,57.74,0
107704,1077,1,27.29,0
107704,1008,1,46.19,0
107705,1009,1,138.59,0
107706,1067,1,36.74,0
107707,1071,3,10.49,0
107708,1075,1,53.54,0
107709,1085,1,121.79,0
107709,1004,1,79.79,0
107709,1057,1,216.29,0
107709,1033,2,90.29,0
107710,1071,3,10.49,0
107711,1050,1,154.34,0
107711,1020,2,57.74,0
107712,1031,2,40.94,0
107712,1078,2,90.29,0
107712,1083,1,20.99,0
107713,1042,1,812.69,0
107713,1018,2,223.64,0
107713,1038,1,329.69,0
107714,1036,1,61.94,0
107715,1070,1,129.14,0
107716,1018,1,223.64,0
107717,1079,1,65.09,6.51
107718,1056,1,251.99,0
107719,1083,1,20.99,0
107720,1035,3,54.59,0
107721,1051,2,56.69,0
107722,1037,1,30.44,3.04
107723,1007,1,75.59,0
107723,1034,1,72.44,0
107724,1082,1,110.24,0
107725,1089,1,56.69,0
107725,1071,3,10.49,0
107726,1005,1,83.99,0
107727,1012,1,115.49,0
107728,1022,1,93.44,0
107729,1072,1,149.09,0
107729,1089,1,56.69,0
107729,1029,1,32.54,0
107730,1072,1,149.09,0
107730,1087,1,48.29,0
107731,1075,1,53.54,0
107731,1058,4,98.69,0
107732,1012,1,115.49,0
107732,1058,1,98.69,0
107732,1084,1,118.64,0
107733,1001,1,65.09,0
107733,1050,1,154.34,0
107734,1054,1,241.49,0
107734,1060,1,141.74,0
107735,1064,1,161.69,0
107736,1054,1,241.49,0
107736,1041,1,581.69,0
107737,1086,1,102.89,0
107738,1089,1,56.69,0
107738,1071,1,10.49,0
107738,1016,1,190.04,0
107739,1015,1,101.84,0
107739,1078,1,90.29,0
107739,1058,1,98.69,0
107740,1058,1,98.69,0
107741,1021,1,130.19,0
107741,1025,1,175.34,0
107742,1005,1,83.99,0
107742,1040,1,500.84,0
107742,1084,1,118.64,0
107742,1087,1,48.29,0
107743,1021,1,130.19,0
107743,1078,1,90.29,0
107744,1048,1,146.99,0
107745,1050,1,154.34,0
107745,1076,1,145.94,0
107745,1046,1,150.14,0
107745,1073,1,73.49,0
107746,1082,2,110.24,0
107746,1036,2,61.94,0
107747,1084,1,118.64,0
107748,1011,2,36.74,0
107748,1021,1,130.19,0
107749,1006,2,17.84,0
107750,1078,1,90.29,0
107751,1016,1,190.04,0
107752,1008,2,46.19,0
107753,1073,1,73.49,0
107754,1083,1,20.99,0
107754,1064,1,161.69,0
107754,1079,1,65.09,0
107754,1034,1,72.44,0
107755,1073,1,73.49,0
107756,1020,1,57.74,0
107757,1046,1,150.14,0
107757,1081,1,78.74,0
107757,1070,1,129.14,0
107757,1003,1,24.14,0
107758,1089,2,56.69,0
107759,1013,1,131.24,0
107760,1004,2,79.79,0
107760,1077,1,27.29,0
107761,1039,1,508.19,0
107761,1013,1,131.24,0
107762,1072,3,149.09,0
107762,1070,1,129.14,0
107763,1001,1,65.09,0
107764,1021,2,130.19,26.04
107764,1058,1,98.69,9.87
107765,1053,2,39.89,0
107765,1025,1,175.34,0
107765,1056,1,251.99,0
107766,1045,1,532.34,0
107766,1067,2,36.74,0
107766,1066,1,180.59,0
107767,1047,1,204.74,0
107767,1006,1,17.84,0
107767,1015,1,101.84,0
107768,1085,1,121.79,0
107769,1005,3,83.99,0
107769,1066,1,180.59,0
107770,1016,1,190.04,0
107770,1007,1,75.59,0
107771,1029,1,32.54,3.25
107772,1075,1,53.54,0
107773,1009,1,138.59,0
107774,1084,1,118.64,0
107775,1022,1,93.44,0
107776,1021,1,130.19,0
107777,1020,2,57.74,0
107778,1005,1,83.99,0
107779,1062,1,160.64,0
107779,1049,1,133.34,0
107779,1032,1,86.09,0
107780,1010,1,101.84,0
107780,1011,1,36.74,0
107781,1015,3,101.84,0
107782,1056,1,251.99,0
107783,1057,1,216.29,0
107784,1012,1,115.49,0
107784,1050,1,154.34,0
107785,1001,2,65.09,0
107786,1008,1,46.19,0
107787,1057,1,216.29,0
107788,1035,1,54.59,0
107788,1037,1,30.44,0
107788,1025,1,175.34,0
107789,1081,1,78.74,0
107790,1013,1,131.24,0
107790,1064,1,,0
107791,1052,1,219.44,0
107792,1084,1,118.64,0
107792,1004,2,79.79,0
107792,1075,1,53.54,0
107793,1068,2,52.49,0
107794,1031,4,40.94,0
107795,1044,1,556.49,0
107795,1070,2,129.14,0
107795,1076,1,145.94,0
107796,1006,1,17.84,0
107797,1037,2,30.44,0
107798,1021,1,130.19,0
107799,1030,1,8.39,0
107800,1017,1,91.34,9.13
107800,1020,1,57.74,5.77
107801,1023,1,142.79,0
107802,1065,1,173.24,0
107802,1078,1,90.29,0
107802,1015,1,101.84,0
107803,1088,1,22.04,0
107803,1036,1,61.94,0
107804,1008,1,46.19,0
107804,1032,1,86.09,0
107804,1085,1,121.79,0
107805,1086,1,102.89,0
107805,1077,1,27.29,0
107805,1053,1,39.89,0
107805,1006,1,17.84,0
107806,1087,1,48.29,4.83
107807,1087,1,48.29,0
107808,1011,1,36.74,0
107808,1009,1,138.59,0
107809,1036,1,61.94,0
107810,1089,1,56.69,0
107810,1088,1,22.04,0
107811,1031,1,40.94,0
107812,1063,1,258.29,0
107813,1030,2,8.39,0
107813,1080,1,141.74,0
107813,1047,1,204.74,0
107814,1086,1,102.89,0
107814,1033,1,90.29,0
107815,1085,1,121.79,0
107816,1062,3,160.64,0
107817,1025,4,175.34,0
107818,1075,1,53.54,0
107819,1031,1,40.94,0
107819,1053,1,39.89,0
107819,1071,1,10.49,0
107820,1046,1,150.14,0
107820,1019,1,81.89,0
107820,1024,1,62.99,0
107821,1014,1,38.84,0
107821,1060,1,141.74,0
107822,1018,1,223.64,0
107823,1005,1,83.99,8.4
107824,1084,1,118.64,0
107824,1005,1,83.99,0
107824,1001,1,65.09,0
107824,1057,1,216.29,0
107825,1036,1,61.94,0
107826,1072,1,149.09,0
107826,1025,3,175.34,0
107827,1013,1,131.24,0
107827,1012,3,115.49,0
107828,1001,1,65.09,0
107828,1051,2,56.69,0
107829,1014,2,38.84,0
107829,1082,1,110.24,0
107829,1044,1,556.49,0
107830,1006,1,17.84,0
107831,1042,1,812.69,0
107831,1082,1,110.24,0
107831,1083,1,20.99,0
107832,1014,1,38.84,0
107832,1024,1,62.99,0
107832,1089,2,56.69,0
107833,1024,3,62.99,0
107834,1085,1,121.79,0
107834,1090,4,18.89,0
107835,1070,1,129.14,0
107835,1008,2,46.19,0
107835,1054,1,241.49,0
107835,1003,1,24.14,0
107836,1086,1,102.89,0
107837,1027,1,95.54,0
107838,1044,1,556.49,55.65
107839,1085,1,121.79,0
107840,1053,1,39.89,0
107840,1009,2,138.59,0
107840,1027,1,95.54,0
107840,1087,3,48.29,0
107841,1086,2,102.89,0
107842,1089,1,56.69,0
107843,1080,1,141.74,0
107844,1022,1,93.44,0
107844,1083,1,20.99,0
107845,1089,1,56.69,0
107845,1080,1,141.74,0
107846,1072,2,149.09,0
107846,1037,1,30.44,0
107847,1003,2,24.14,0
107848,1088,1,22.04,0
107849,1037,1,30.44,0
107850,1073,1,73.49,0
107850,1083,2,20.99,0
107850,1015,2,101.84,0
107850,1077,2,27.29,0
107851,1058,1,98.69,0
107852,1034,1,72.44,0
107852,1016,1,190.04,0
107852,1008,1,46.19,0
107853,1014,1,38.84,0
107853,1012,1,115.49,0
107853,1020,1,57.74,0
107854,1080,1,141.74,0
107855,1072,1,149.09,0
107856,1005,2,83.99,0
107857,1010,1,101.84,0
107857,1002,1,145.94,0
107857,1064,1,161.69,0
107857,1082,1,110.24,0
107858,1022,1,93.44,0
107858,1080,1,141.74,0
107858,1088,4,22.04,0
107859,1021,1,130.19,0
107860,1014,1,38.84,0
107861,1090,1,18.89,0
107861,1088,1,22.04,0
107861,1018,1,223.64,0
107862,1090,1,18.89,0
107862,1017,1,91.34,0
107862,1084,3,118.64,0
107863,1043,1,134.39,0
107864,1050,2,154.34,0
107864,1008,1,46.19,0
107865,1018,1,223.64,0
107866,1080,3,141.74,0
107867,1014,1,38.84,0
107867,1007,1,75.59,0
107868,1015,1,101.84,0
107868,1082,1,110.24,0
107868,1064,1,161.69,0
107869,1056,1,251.99,0
107870,1006,1,17.84,0
107871,1089,1,56.69,0
107872,1024,1,62.99,0
107872,1039,1,508.19,0
107873,1033,1,90.29,0
107873,1010,1,101.84,0
107874,1017,1,91.34,0
107875,1033,1,90.29,9.03
107876,1002,1,145.94,0
107876,1074,1,20.99,0
107877,1044,1,556.49,0
107878,1079,1,65.09,0
107879,1081,4,78.74,0
107879,1002,1,145.94,0
107879,1020,3,57.74,0
107880,1087,1,48.29,0
107880,1089,1,56.69,0
107881,1006,1,17.84,0
107882,1087,1,48.29,0
107882,1080,1,141.74,0
107882,1007,1,75.59,0
107883,1056,2,251.99,0
107884,1072,1,149.09,0
107885,1023,1,142.79,0
107886,1079,3,65.09,0
107887,1010,1,101.84,0
107888,1033,1,90.29,0
107889,1042,1,812.69,0
107890,1074,1,20.99,0
107891,1078,1,90.29,0
107892,1013,1,131.24,0
107893,1003,1,24.14,0
107894,1010,1,101.84,0
107894,1036,1,61.94,0
107894,1004,1,79.79,0
107895,1068,1,52.49,0
107896,1075,1,53.54,0
107896,1027,1,95.54,0
107897,1030,2,8.39,0
107898,1012,1,115.49,0
107898,1080,1,141.74,0
107899,1005,1,83.99,0
107899,1009,1,138.59,0
107900,1088,1,,0
107900,1069,1,28.34,0
107901,1088,1,22.04,0
107902,1014,4,38.84,0
107903,1088,3,22.04,0
107904,1080,1,141.74,0
107905,1037,1,30.44,0
107906,1009,4,138.59,0
107907,1022,1,93.44,0
107908,1022,1,93.44,0
107909,1003,1,24.14,2.41
107910,1056,2,251.99,0
107910,1027,1,95.54,0
107910,1090,1,18.89,0
107911,1010,1,101.84,0
107911,1011,1,36.74,0
107911,1002,1,145.94,0
107912,1089,1,56.69,0
107913,1034,1,72.44,0
107914,1020,1,57.74,0
107914,1072,1,149.09,0
107915,1007,1,75.59,0
107915,1035,1,54.59,0
107916,1033,1,90.29,0
107916,1079,1,65.09,0
107917,1047,1,204.74,0
107917,1009,1,138.59,0
107917,1033,1,90.29,0
107918,1051,2,56.69,0
107919,1012,1,115.49,0
107919,1085,1,121.79,0
107920,1073,1,73.49,0
107921,1079,1,65.09,0
107922,1083,1,20.99,0
107923,1018,1,223.64,0
107924,1034,1,72.44,0
107925,1034,2,72.44,0
107926,1003,1,24.14,0
107926,1001,1,65.09,0
107926,1086,1,102.89,0
107927,1086,1,102.89,0
107927,1014,1,38.84,0
107927,1004,2,79.79,0
107928,1036,1,61.94,0
107929,1012,1,115.49,0
107929,1023,1,142.79,0
107929,1069,3,28.34,0
107930,1037,1,30.44,0
107930,1029,2,32.54,0
107931,1090,1,18.89,0
107932,1024,1,62.99,0
107932,1051,1,56.69,0
107933,1017,2,91.34,0
107933,1034,1,72.44,0
107934,1084,1,118.64,0
107934,1002,1,145.94,0
107935,1027,1,95.54,0
107936,1080,1,141.74,0
107937,1071,1,10.49,0
107937,1087,1,48.29,0
107938,1042,1,812.69,0
107938,1071,1,10.49,0
107938,1054,2,241.49,0
107939,1006,1,17.84,0
107940,1067,2,36.74,0
107941,1002,1,145.94,0
107941,1036,1,61.94,0
107942,1012,1,115.49,0
107942,1089,2,56.69,0
107943,1078,2,,18.06
107943,1008,1,46.19,4.62
107943,1084,1,118.64,11.86
107944,1015,1,101.84,0
107945,1008,1,46.19,0
107945,1028,1,81.89,0
107946,1074,1,20.99,0
107947,1085,1,121.79,0
107948,1083,1,20.99,0
107948,1041,1,581.69,0
107949,1052,1,219.44,0
107949,1008,2,46.19,0
107950,1080,2,141.74,0
107951,1002,1,145.94,0
107952,1020,1,57.74,0
107952,1019,1,81.89,0
107953,1004,4,79.79,0
107954,1061,1,48.29,0
107955,1058,1,98.69,9.87
107956,1060,1,141.74,0
107956,1010,1,101.84,0
107957,1041,1,581.69,0
107957,1014,1,38.84,0
107958,1015,1,101.84,0
107958,1011,1,36.74,0
107959,1015,1,101.84,0
107960,1008,1,46.19,0
107961,1018,1,223.64,0
107961,1003,2,24.14,0
107961,1006,1,17.84,0
107961,1085,2,121.79,0
107962,1088,1,22.04,0
107963,1074,2,20.99,0
107963,1029,1,32.54,0
107964,1012,1,115.49,0
107964,1079,1,65.09,0
107965,1070,1,129.14,0
107965,1089,2,56.69,0
107965,1084,1,118.64,0
107966,1085,2,121.79,0
107967,1057,1,216.29,0
107967,1031,1,40.94,0
107968,1022,3,93.44,0
107968,1006,1,17.84,0
107969,1088,1,22.04,0
107970,1037,1,30.44,0
107971,1034,2,72.44,0
107971,1018,3,223.64,0
107971,1060,1,141.74,0
107971,1078,1,90.29,0
107972,1082,1,110.24,0
107972,1072,1,149.09,0
107973,1066,2,180.59,0
107974,1013,1,131.24,0
107975,1027,1,95.54,0
107976,1037,1,30.44,0
107977,1073,1,73.49,0
107977,1012,1,115.49,0
107978,1011,1,36.74,0
107978,1085,1,121.79,0
107979,1074,1,20.99,0
107979,1075,1,53.54,0
107979,1083,1,20.99,0
107980,1050,1,154.34,0
107981,1031,1,40.94,0
107982,1052,1,219.44,0
107983,1036,1,61.94,0
107984,1058,1,98.69,0
107985,1046,1,150.14,0
107985,1006,2,17.84,0
107986,1079,1,65.09,0
107987,1037,2,30.44,0
107987,1017,1,91.34,0
107987,1034,2,72.44,0
107988,1020,1,57.74,0
107988,1083,1,20.99,0
107988,1003,1,24.14,0
107988,1071,1,10.49,0
107989,1031,1,40.94,0
107990,1044,1,556.49,55.65
107990,1030,1,8.39,0.84
107991,1051,2,56.69,0
107991,1025,1,175.34,0
107992,1084,2,118.64,0
107993,1058,2,98.69,0
107993,1001,1,65.09,0
107994,1012,1,115.49,0
107994,1007,1,75.59,0
107995,1054,1,241.49,0
107996,1090,2,18.89,0
107996,1010,1,101.84,0
107997,1071,1,10.49,0
107998,1028,1,81.89,0
107999,1089,1,56.69,0
108000,1075,1,53.54,0
108001,1030,2,8.39,0
108002,1047,1,204.74,0
108002,1005,1,83.99,0
108002,1054,1,241.49,0
108003,1022,1,93.44,0
108003,1028,3,81.89,0
108004,1014,1,38.84,0
108005,1012,2,115.49,0
108006,1070,1,129.14,0
108006,1003,1,24.14,0
108006,1011,1,36.74,0
108007,1024,2,62.99,0
108007,1038,1,329.69,0
108008,1029,1,32.54,0
108009,1085,1,121.79,0
108009,1074,1,20.99,0
108010,1050,2,154.34,0
108010,1013,1,131.24,0
108010,1085,1,121.79,0
108011,1050,1,154.34,0
108012,1071,1,10.49,0
108013,1019,2,81.89,0
108014,1077,1,27.29,0
108015,1080,2,141.74,28.35
108016,1089,1,56.69,0
108016,1043,1,134.39,0
108016,1062,2,160.64,0
108017,1085,1,121.79,0
108018,1054,1,241.49,0
108019,1021,1,130.19,0
108019,1075,1,53.54,0
108020,1083,2,20.99,0
108021,1005,1,83.99,0
108021,1019,1,81.89,0
108021,1050,1,154.34,0
108022,1004,1,79.79,0
108023,1010,3,101.84,0
108024,1039,1,508.19,0
108025,1031,2,40.94,0
108026,1014,1,38.84,0
108026,1082,1,110.24,0
108027,1072,1,149.09,0
108027,1015,1,101.84,0
108028,1071,2,10.49,0
108029,1018,1,223.64,0
108030,1018,2,223.64,89.46
108031,1081,1,78.74,0
108031,1055,1,211.04,0
108032,1024,1,62.99,12.6
108033,1001,2,65.09,26.04
108033,1026,2,170.09,68.04
108033,1082,1,110.24,22.05
108034,1078,1,90.29,18.06
108035,1058,1,98.69,9.87
108035,1071,1,10.49,1.05
108036,1010,2,101.84,0
108036,1071,1,10.49,0
108036,1032,1,86.09,0
108037,1073,1,73.49,7.35
108038,1039,1,508.19,101.64
108038,1077,1,27.29,5.46
108039,1075,1,53.54,10.71
108040,1014,1,38.84,0
108041,1074,1,20.99,4.2
108042,1026,2,170.09,68.04
108042,1082,2,110.24,44.1
108042,1075,2,53.54,21.42
108042,1050,1,154.34,30.87
108043,1050,1,154.34,0
108044,1027,1,95.54,19.11
108045,1066,4,180.59,0
108045,1071,1,10.49,0
108046,1086,2,102.89,0
108046,1070,1,129.14,0
108047,1054,1,241.49,48.3
108048,1008,1,46.19,9.24
108049,1004,2,79.79,0
108050,1012,1,115.49,0
108051,1080,1,141.74,0
108052,1024,1,62.99,12.6
108052,1032,1,86.09,17.22
108052,1072,1,149.09,29.82
108053,1036,4,61.94,0
108053,1014,1,38.84,0
108053,1004,1,79.79,0
108054,1072,1,149.09,0
108055,1021,1,130.19,0
108055,1090,1,,0
108056,1024,2,62.99,25.2
108056,1037,2,30.44,12.18
108056,1058,1,98.69,19.74
108056,1007,2,75.59,30.24
108057,1071,1,10.49,0
108057,1056,1,251.99,0
108057,1006,1,17.84,0
108058,1071,1,10.49,0
108058,1068,2,52.49,0
108058,1015,1,101.84,0
108059,1075,2,53.54,0
108060,1090,1,18.89,0
108060,1075,1,53.54,0
108061,1016,1,190.04,38.01
108062,1048,1,146.99,0
108062,1009,1,138.59,0
108063,1028,1,81.89,16.38
108064,1088,1,22.04,0
108064,1067,1,36.74,0
108064,1023,1,142.79,0
108065,1033,1,90.29,18.06
108065,1028,1,81.89,16.38
108066,1084,1,118.64,0
108067,1079,1,65.09,0
108067,1017,1,91.34,0
108068,1013,1,131.24,26.25
108068,1036,1,61.94,12.39
108069,1018,1,223.64,44.73
108069,1009,1,138.59,27.72
108070,1001,1,65.09,6.51
108070,1009,1,138.59,13.86
108071,1002,1,145.94,14.59
108071,1024,1,62.99,6.3
108071,1059,2,491.39,98.28
108072,1004,1,79.79,0
108073,1077,1,27.29,0
108073,1056,3,251.99,0
108074,1075,2,53.54,21.42
108074,1073,1,73.49,14.7
108074,1010,1,101.84,20.37
108075,1014,1,38.84,0
108076,1048,1,146.99,0
108077,1074,1,20.99,4.2
108078,1075,1,53.54,0
108079,1016,1,190.04,0
108080,1078,1,90.29,0
108080,1036,1,61.94,0
108081,1075,1,53.54,10.71
108081,1057,1,216.29,43.26
108081,1077,1,27.29,5.46
108082,1074,1,20.99,0
108082,1082,2,110.24,0
108083,1011,2,36.74,0
108083,1089,3,56.69,0
108083,1087,1,48.29,0
108084,1079,1,65.09,13.02
108085,1088,1,22.04,0
108086,1026,1,170.09,34.02
108087,1010,2,101.84,0
108087,1052,1,,0
108088,1013,1,131.24,26.25
108088,1007,1,75.59,15.12
108089,1045,1,532.34,106.47
108090,1083,1,20.99,0
108090,1018,1,223.64,0
108090,1004,1,79.79,0
108091,1013,2,131.24,52.5
108092,1005,1,83.99,0
108092,1001,1,65.09,0
108093,1034,2,72.44,28.98
108094,1046,1,150.14,0
108095,1025,1,175.34,35.07
108095,1021,1,130.19,26.04
108095,1084,1,118.64,23.73
108096,1046,1,150.14,30.03
108096,1014,1,38.84,7.77
108097,1073,1,73.49,0
108098,1086,1,102.89,0
108099,1001,1,65.09,0
108100,1026,3,170.09,102.05
108101,1041,1,581.69,0
108102,1058,1,98.69,0
108103,1079,1,65.09,0
108104,1076,1,145.94,0
108105,1018,1,223.64,44.73
108105,1073,1,73.49,14.7
108106,1018,1,223.64,0
108107,1083,1,20.99,4.2
108108,1004,1,79.79,15.96
108108,1043,1,134.39,26.88
108109,1005,1,83.99,0
108110,1068,1,52.49,0
108111,1055,1,211.04,0
108111,1046,1,150.14,0
108111,1087,1,48.29,0
108112,1081,1,78.74,15.75
108113,1004,1,79.79,0
108113,1024,1,62.99,0
108114,1020,1,57.74,11.55
108115,1004,2,79.79,0
108115,1078,1,90.29,0
108116,1077,2,27.29,10.92
108116,1079,1,65.09,13.02
108117,1010,1,101.84,20.37
108117,1037,1,30.44,6.09
108118,1011,1,36.74,3.67
108118,1053,1,39.89,3.99
108119,1079,1,65.09,0
108119,1073,1,73.49,0
108120,1024,2,62.99,0
108121,1027,1,95.54,0
108121,1013,1,131.24,0
108121,1025,1,175.34,0
108122,1001,1,65.09,0
108122,1031,4,40.94,0
108122,1036,2,61.94,0
108122,1081,1,78.74,0
108123,1025,1,175.34,35.07
108124,1026,2,,68.04
108125,1070,2,129.14,0
108125,1033,1,90.29,0
108126,1001,1,65.09,13.02
108126,1082,1,110.24,22.05
108126,1021,1,130.19,26.04
108127,1023,1,142.79,28.56
108127,1058,1,98.69,19.74
108128,1029,4,32.54,26.03
108129,1077,1,27.29,5.46
108130,1078,1,90.29,18.06
108131,1044,1,556.49,0
108131,1076,1,145.94,0
108132,1022,3,93.44,0
108133,1024,3,62.99,37.79
108133,1030,1,8.39,1.68
108134,1008,1,46.19,0
108135,1031,1,40.94,8.19
108136,1008,1,46.19,0
108137,1078,1,90.29,0
108137,1011,1,36.74,0
108138,1019,1,81.89,0
108139,1082,1,110.24,0
108139,1075,2,53.54,0
108140,1072,1,149.09,0
108141,1009,3,138.59,83.15
108142,1038,1,329.69,65.94
108143,1064,1,161.69,32.34
108143,1052,1,219.44,43.89
108144,1013,2,131.24,0
108144,1020,1,57.74,0
108144,1073,2,73.49,0
108144,1081,4,78.74,0
108145,1086,1,102.89,0
108146,1032,3,86.09,25.83
108146,1053,3,39.89,11.97
108146,1070,1,129.14,12.91
108146,1057,1,216.29,21.63
108147,1021,1,130.19,26.04
108148,1056,1,251.99,0
108148,1020,1,57.74,0
108149,1052,2,219.44,0
108149,1015,1,101.84,0
108149,1084,1,118.64,0
108150,1010,1,101.84,0
108150,1002,1,145.94,0
108151,1043,1,134.39,26.88
108151,1077,1,27.29,5.46
108151,1013,2,131.24,52.5
108151,1038,1,329.69,65.94
108152,1013,1,131.24,0
108153,1085,1,121.79,0
108154,1029,1,32.54,6.51
108154,1075,3,53.54,32.12
108155,1014,1,38.84,0
108156,1034,1,72.44,0
108157,1044,1,556.49,0
108158,1074,1,20.99,0
108159,1086,2,102.89,0
108160,1071,1,10.49,0
108160,1076,1,145.94,0
108160,1077,1,27.29,0
108161,1090,1,18.89,0
108161,1074,1,20.99,0
108162,1052,1,219.44,43.89
108163,1079,1,65.09,6.51
108163,1010,1,101.84,10.18
108164,1087,1,,0
108165,1079,1,65.09,13.02
108165,1071,1,10.49,2.1
108165,1025,1,175.34,35.07
108166,1082,1,110.24,0
108167,1035,1,54.59,0
108168,1030,1,8.39,1.68
108169,1075,1,53.54,10.71
108170,1008,1,46.19,9.24
108170,1077,1,27.29,5.46
108170,1005,1,83.99,16.8
108171,1033,1,90.29,0
108171,1032,1,86.09,0
108171,1005,1,83.99,0
108172,1012,1,115.49,0
108173,1031,1,40.94,0
108174,1071,1,10.49,0
108175,1016,2,190.04,0
108175,1034,1,72.44,0
108175,1086,1,102.89,0
108176,1001,1,65.09,0
108177,1069,1,28.34,0
108178,1087,2,48.29,19.32
108179,1023,1,142.79,0
108180,1007,1,75.59,0
108181,1076,1,145.94,29.19
108181,1074,2,20.99,8.4
108182,1015,1,101.84,20.37
108183,1033,1,90.29,18.06
108184,1039,1,508.19,0
108184,1034,1,72.44,0
108185,1074,1,20.99,0
108185,1018,1,223.64,0
108185,1078,1,90.29,0
108185,1044,1,556.49,0
108186,1073,1,73.49,14.7
108187,1032,2,86.09,34.44
108188,1006,1,17.84,0
108188,1080,1,141.74,0
108189,1032,1,86.09,0
108190,1039,1,508.19,101.64
108190,1021,1,130.19,26.04
108190,1058,2,98.69,39.48
108191,1077,2,27.29,0
108191,1083,2,20.99,0
108192,1076,1,145.94,0
108193,1018,2,223.64,0
108194,1089,1,56.69,11.34
108195,1080,1,141.74,0
108195,1022,1,93.44,0
108195,1036,1,61.94,0
108196,1047,1,204.74,40.95
108196,1074,3,20.99,12.59
108196,1055,1,211.04,42.21
108196,1071,2,10.49,4.2
108197,1027,2,95.54,0
108198,1074,1,20.99,0
108198,1056,1,251.99,0
108199,1005,1,83.99,0
108200,1013,1,131.24,0
108200,1075,2,53.54,0
108200,1071,1,10.49,0
108201,1026,3,170.09,0
108201,1031,2,40.94,0
108202,1013,1,131.24,0
108203,1034,1,72.44,0
108204,1071,2,10.49,0
108204,1007,1,75.59,0
108204,1078,1,90.29,0
108205,1027,1,95.54,0
108205,1003,1,24.14,0
108206,1023,1,142.79,28.56
108207,1020,1,57.74,11.55
108207,1056,2,251.99,100.8
108207,1031,1,40.94,8.19
108208,1047,1,204.74,0
108208,1030,1,8.39,0
108209,1073,1,73.49,0
108209,1076,1,145.94,0
108210,1082,1,110.24,0
108211,1031,1,40.94,0
108212,1032,1,86.09,0
108213,1003,2,24.14,0
108214,1036,2,61.94,24.78
108214,1055,1,211.04,42.21
108215,1072,1,149.09,29.82
108215,1003,1,24.14,4.83
108216,1084,1,118.64,0
108217,1001,1,65.09,13.02
108217,1085,1,121.79,24.36
108217,1078,1,90.29,18.06
108218,1003,1,24.14,4.83
108219,1017,1,91.34,0
108220,1080,2,141.74,56.7
108221,1076,1,145.94,0
108222,1080,2,141.74,56.7
108223,1081,1,78.74,0
108224,1050,1,154.34,0
108225,1003,1,24.14,2.41
108226,1034,1,72.44,14.49
108226,1010,1,101.84,20.37
108226,1086,1,102.89,20.58
108227,1027,1,95.54,19.11
108228,1074,1,20.99,0
108229,1028,1,81.89,0
108230,1048,1,146.99,0
108231,1072,1,149.09,0
108231,1016,1,190.04,0
108232,1079,1,65.09,0
108233,1033,1,90.29,18.06
108233,1012,2,115.49,46.2
108233,1001,1,65.09,13.02
108234,1039,1,508.19,101.64
108235,1019,1,81.89,16.38
108236,1039,1,508.19,0
108236,1090,2,18.89,0
108237,1078,3,90.29,0
108238,1079,1,65.09,0
108238,1030,1,8.39,0
108239,1071,1,10.49,1.05
108240,1080,1,141.74,0
108240,1021,1,130.19,0
108240,1071,1,10.49,0
108240,1081,1,78.74,0
108241,1015,1,101.84,0
108242,1019,2,81.89,32.76
108243,1072,2,149.09,0
108244,1010,1,101.84,0
108244,1019,1,81.89,0
108245,1031,2,40.94,0
108246,1005,1,83.99,16.8
108247,1027,1,95.54,0
108248,1056,1,251.99,50.4
108249,1082,2,110.24,44.1
108250,1075,1,53.54,0
108251,1071,1,10.49,2.1
108251,1029,1,32.54,6.51
108252,1036,2,61.94,0
108253,1080,1,141.74,28.35
108253,1032,1,86.09,17.22
108254,1006,1,17.84,0
108254,1050,3,154.34,0
108254,1011,1,36.74,0
108255,1086,1,102.89,0
108256,1090,1,18.89,3.78
108257,1079,1,65.09,0
108257,1070,1,129.14,0
108257,1073,2,73.49,0
108258,1078,1,90.29,18.06
108259,1075,2,53.54,21.42
108260,1047,1,204.74,40.95
108260,1037,1,30.44,6.09
108261,1058,3,98.69,0
108262,1073,1,73.49,0
108263,1072,1,,0
108264,1080,1,141.74,0
108264,1089,1,56.69,0
108265,1043,1,134.39,0
108266,1028,1,81.89,0
108267,1032,1,86.09,17.22
108267,1057,1,216.29,43.26
108267,1060,1,141.74,28.35
108268,1037,1,30.44,0
108269,1019,1,81.89,16.38
108269,1081,3,78.74,47.24
108269,1077,1,27.29,5.46
108270,1015,1,101.84,20.37
108270,1045,1,532.34,106.47
108270,1074,3,,12.59
108271,1073,1,73.49,14.7
108271,1044,1,556.49,111.3
108272,1075,1,53.54,0
108272,1017,1,91.34,0
108273,1076,1,145.94,0
108273,1073,1,73.49,0
108273,1015,1,101.84,0
108273,1061,2,48.29,0
108274,1041,1,581.69,0
108274,1038,1,329.69,0
108274,1003,4,24.14,0
108274,1013,1,131.24,0
108275,1001,2,65.09,26.04
108276,1070,1,129.14,0
108277,1006,1,17.84,0
108277,1090,1,18.89,0
108278,1008,1,46.19,0
108278,1023,1,142.79,0
108279,1025,1,175.34,35.07
108279,1009,1,138.59,27.72
108279,1073,2,73.49,29.4
108280,1071,2,10.49,4.2
108280,1050,1,154.34,30.87
108280,1011,1,36.74,7.35
108281,1014,2,38.84,15.54
108282,1014,1,38.84,0
108283,1078,3,90.29,0
108284,1044,1,,55.65
108284,1086,1,102.89,10.29
108285,1003,1,24.14,0
108285,1085,1,121.79,0
108286,1005,1,83.99,0
108287,1073,1,73.49,14.7
108287,1031,1,40.94,8.19
108287,1044,1,556.49,111.3
108288,1042,1,812.69,0
108288,1048,1,146.99,0
108289,1081,4,78.74,62.99
108289,1002,1,145.94,29.19
108289,1016,1,190.04,38.01
108290,1010,1,101.84,0
108291,1028,1,,0
108291,1072,1,149.09,0
108291,1015,1,101.84,0
108292,1034,1,72.44,14.49
108293,1017,1,91.34,18.27
108294,1078,4,90.29,0
108295,1052,2,219.44,0
108295,1074,2,20.99,0
108295,1078,1,90.29,0
108296,1001,1,65.09,13.02
108297,1015,1,101.84,0
108297,1033,1,90.29,0
108298,1021,1,130.19,0
108299,1008,1,46.19,9.24
108300,1027,1,95.54,0
108300,1024,1,62.99,0
108300,1084,1,118.64,0
108301,1049,1,133.34,0
108302,1060,1,141.74,28.35
108303,1077,1,27.29,0
108303,1006,1,17.84,0
108303,1056,1,251.99,0
108303,1073,1,73.49,0
108304,1038,1,329.69,0
108304,1040,1,500.84,0
108305,1057,1,216.29,43.26
108305,1010,4,101.84,81.47
108306,1072,1,149.09,29.82
108307,1007,1,75.59,0
108307,1011,1,36.74,0
108308,1079,1,65.09,13.02
108309,1047,1,204.74,0
108309,1023,1,142.79,0
108310,1002,1,145.94,0
108311,1053,1,39.89,7.98
108311,1087,1,48.29,9.66
108312,1032,1,86.09,0
108313,1086,1,102.89,0
108313,1076,1,145.94,0
108314,1018,1,223.64,0
108314,1076,3,145.94,0
108315,1055,2,211.04,0
108316,1076,1,145.94,14.59
108316,1022,1,93.44,9.34
108317,1080,1,141.74,0
108317,1003,1,24.14,0
108318,1032,2,86.09,0
108319,1067,2,,14.7
108320,1085,2,121.79,0
108321,1079,1,65.09,0
108322,1073,1,73.49,14.7
108322,1088,1,22.04,4.41
108322,1008,2,46.19,18.48
108322,1009,1,,27.72
108323,1024,2,62.99,0
108323,1035,1,54.59,0
108324,1003,1,24.14,4.83
108324,1063,1,258.29,51.66
108325,1034,1,72.44,14.49
108326,1026,1,170.09,0
108326,1042,1,812.69,0
108326,1072,1,149.09,0
108327,1032,2,86.09,0
108327,1071,1,10.49,0
108327,1003,1,24.14,0
108327,1058,3,98.69,0
108328,1017,1,91.34,0
108328,1070,1,129.14,0
108329,1087,1,48.29,9.66
108329,1058,1,98.69,19.74
108329,1037,1,30.44,6.09
108329,1047,1,204.74,40.95
108330,1084,1,118.64,23.73
108331,1034,1,72.44,0
108332,1016,1,190.04,0
108332,1013,1,131.24,0
108332,1078,2,90.29,0
108332,1021,1,130.19,0
108333,1021,1,130.19,0
108334,1042,1,812.69,162.54
108335,1081,1,78.74,15.75
108335,1053,2,39.89,15.96
108336,1002,1,145.94,0
108337,1073,2,73.49,29.4
108337,1012,1,115.49,23.1
108338,1082,3,110.24,0
108339,1075,1,53.54,10.71
108339,1002,1,145.94,29.19
108339,1076,1,145.94,29.19
108340,1019,1,81.89,0
108341,1058,1,98.69,19.74
108341,1079,2,65.09,26.04
108341,1015,1,101.84,20.37
108342,1020,1,57.74,11.55
108343,1026,1,170.09,0
108344,1079,1,65.09,0
108345,1076,1,145.94,0
108346,1032,1,86.09,0
108346,1003,1,24.14,0
108347,1074,1,20.99,0
108347,1056,1,251.99,0
108347,1009,1,138.59,0
108348,1088,1,22.04,0
108349,1078,1,90.29,0
108349,1072,1,149.09,0
108350,1016,1,190.04,0
108351,1002,4,145.94,116.75
108352,1027,1,95.54,19.11
108353,1025,1,175.34,0
108353,1086,2,102.89,0
108353,1048,1,146.99,0
108354,1038,1,329.69,0
108355,1057,1,216.29,0
108355,1003,1,24.14,0
108355,1016,1,190.04,0
108355,1039,1,508.19,0
108356,1015,1,101.84,20.37
108356,1009,1,,27.72
108357,1057,1,216.29,0
108357,1019,1,81.89,0
108358,1008,1,46.19,9.24
108358,1076,1,145.94,29.19
108359,1081,1,78.74,15.75
108360,1030,1,8.39,1.68
108361,1075,1,53.54,0
108361,1083,1,20.99,0
108361,1077,1,27.29,0
108362,1078,1,90.29,0
108362,1088,1,22.04,0
108363,1072,1,149.09,0
108364,1079,1,65.09,0
108364,1007,1,75.59,0
108364,1037,1,30.44,0
108365,1024,1,62.99,0
108365,1040,1,500.84,0
108366,1088,1,22.04,0
108366,1029,2,32.54,0
108367,1002,1,145.94,0
108367,1082,1,110.24,0
108368,1078,1,90.29,0
108368,1021,1,130.19,0
108369,1007,2,75.59,30.24
108370,1012,1,115.49,0
108370,1082,2,110.24,0
108371,1075,1,53.54,10.71
108372,1075,1,53.54,0
108372,1064,1,161.69,0
108373,1010,1,101.84,0
108374,1082,1,110.24,22.05
108374,1003,1,24.14,4.83
108374,1058,2,98.69,39.48
108375,1001,1,65.09,0
108375,1032,2,86.09,0
108376,1015,1,,0
108377,1034,1,72.44,14.49
108378,1070,1,,0
108378,1021,1,130.19,0
108379,1007,1,75.59,15.12
108379,1014,1,38.84,7.77
108379,1020,2,57.74,23.1
108380,1006,1,17.84,0
108380,1073,1,73.49,0
108380,1071,1,10.49,0
108380,1004,1,79.79,0
108381,1081,2,78.74,31.5
108382,1082,1,110.24,22.05
108382,1088,1,22.04,4.41
108382,1047,1,204.74,40.95
108382,1007,1,75.59,15.12
108383,1072,2,149.09,59.64
108383,1060,1,141.74,28.35
108384,1023,1,142.79,0
108385,1010,1,101.84,20.37
108386,1003,1,,4.83
108387,1005,1,83.99,16.8
108388,1079,1,65.09,13.02
108389,1058,2,98.69,39.48
108390,1028,1,81.89,0
108391,1025,3,175.34,0
108391,1079,1,65.09,0
108391,1021,1,130.19,0
108392,1054,1,241.49,0
108393,1054,1,,0
108394,1043,1,134.39,13.44
108395,1058,2,98.69,39.48
108396,1024,1,62.99,0
108396,1090,1,18.89,0
108396,1081,1,78.74,0
108397,1072,1,,0
108398,1009,2,138.59,0
108399,1023,2,142.79,0
108400,1089,1,56.69,0
108401,1071,1,10.49,0
108402,1070,4,129.14,103.31
108402,1031,1,40.94,8.19
108403,1086,1,102.89,20.58
108404,1075,1,53.54,0
108404,1045,1,532.34,0
108405,1029,1,32.54,0
108405,1008,1,46.19,0
108406,1003,1,24.14,0
108406,1014,2,38.84,0
108407,1079,1,65.09,0
108407,1013,1,131.24,0
108407,1012,1,115.49,0
108407,1076,2,145.94,0
108408,1084,1,118.64,23.73
108409,1072,1,149.09,0
108410,1075,1,53.54,10.71
108411,1084,1,118.64,23.73
108412,1081,1,78.74,0
108413,1079,1,65.09,0
108413,1022,2,93.44,0
108413,1082,3,110.24,0
108414,1010,1,101.84,20.37
108414,1011,1,36.74,7.35
108414,1075,1,53.54,10.71
108414,1073,1,73.49,14.7
108415,1089,2,56.69,22.68
108415,1028,3,81.89,49.13
108416,1020,1,57.74,0
108417,1033,2,90.29,36.12
108417,1078,1,90.29,18.06
108417,1004,1,79.79,15.96
108417,1077,4,27.29,21.83
108418,1023,1,142.79,0
108418,1002,2,145.94,0
108419,1009,1,138.59,27.72
108419,1008,1,46.19,9.24
108420,1072,1,149.09,0
108420,1014,1,38.84,0
108421,1006,1,17.84,0
108422,1018,1,223.64,44.73
108422,1066,1,,36.12
108423,1020,1,57.74,11.55
108423,1054,1,241.49,48.3
108423,1018,1,223.64,44.73
108423,1011,1,36.74,7.35
108424,1012,1,115.49,23.1
108425,1024,1,62.99,12.6
108426,1072,1,149.09,0
108426,1019,1,81.89,0
108426,1035,1,54.59,0
108427,1058,1,98.69,0
108427,1056,1,251.99,0
108427,1081,1,78.74,0
108428,1034,1,72.44,0
108428,1078,2,90.29,0
108429,1079,1,65.09,13.02
108429,1010,1,101.84,20.37
108430,1022,1,93.44,0
108430,1081,3,78.74,0
108431,1010,1,101.84,10.18
108431,1025,1,175.34,17.53
108432,1075,1,53.54,0
108433,1070,2,129.14,0
108433,1041,1,581.69,0
108433,1006,1,17.84,0
108433,1023,1,142.79,0
108434,1002,1,145.94,0
108434,1071,1,10.49,0
108435,1078,2,90.29,36.12
108435,1075,1,53.54,10.71
108436,1015,1,101.84,0
108436,1006,1,17.84,0
108437,1075,2,53.54,0
108438,1078,1,90.29,0
108438,1006,4,17.84,0
108439,1042,1,812.69,0
108439,1035,1,54.59,0
108440,1025,1,175.34,35.07
108440,1045,1,532.34,106.47
108440,1049,1,133.34,26.67
108441,1032,1,86.09,0
108442,1010,1,101.84,0
108443,1040,1,500.84,100.17
108443,1005,2,83.99,33.6
108444,1010,1,101.84,20.37
108444,1047,1,204.74,40.95
108445,1071,1,10.49,2.1
108446,1054,1,241.49,48.3
108446,1073,1,73.49,14.7
108447,1016,1,190.04,38.01
108447,1013,1,131.24,26.25
108448,1077,1,27.29,0
108449,1047,1,204.74,40.95
108450,1064,3,161.69,0
108451,1003,2,24.14,9.66
108452,1015,1,101.84,10.18
108452,1070,1,129.14,12.91
108453,1083,1,20.99,4.2
108453,1033,1,90.29,18.06
108453,1041,1,581.69,116.34
108453,1038,1,329.69,65.94
108454,1024,3,62.99,0
108454,1086,1,102.89,0
108455,1037,1,30.44,0
108456,1046,1,150.14,0
108456,1076,1,145.94,0
108457,1030,1,8.39,0
108457,1053,1,39.89,0
108458,1077,2,27.29,0
108458,1079,1,65.09,0
108458,1071,1,10.49,0
108459,1090,1,18.89,3.78
108460,1027,4,95.54,0
108461,1050,1,154.34,30.87
108462,1078,1,90.29,18.06
108462,1022,1,,18.69
108463,1071,1,10.49,0
108463,1072,1,149.09,0
108464,1060,1,,0
108464,1051,1,56.69,0
108465,1081,1,,15.75
108466,1054,2,241.49,0
108467,1003,1,24.14,0
108468,1025,1,175.34,0
108469,1076,1,145.94,0
108470,1007,1,75.59,0
108471,1063,1,258.29,51.66
108472,1013,1,131.24,0
108472,1045,1,532.34,0
108473,1051,2,56.69,0
108474,1006,2,17.84,0
108475,1029,1,32.54,0
108475,1087,1,48.29,0
108475,1079,1,65.09,0
108475,1009,1,138.59,0
108476,1045,1,532.34,106.47
108476,1022,1,93.44,18.69
108477,1081,3,78.74,0
108477,1072,2,149.09,0
108477,1004,2,79.79,0
108478,1003,1,24.14,0
108478,1074,1,20.99,0
108479,1002,1,145.94,0
108479,1073,1,73.49,0
108480,1017,2,91.34,18.27
108480,1090,1,18.89,1.89
108481,1010,1,101.84,0
108481,1002,1,145.94,0
108481,1076,1,145.94,0
108482,1081,2,78.74,0
108482,1029,1,32.54,0
108483,1047,1,204.74,0
108484,1011,1,36.74,0
108485,1022,1,93.44,0
108485,1077,1,27.29,0
108485,1070,1,129.14,0
108486,1007,2,75.59,0
108487,1003,2,24.14,0
108488,1001,1,65.09,0
108489,1080,1,141.74,28.35
108490,1075,3,53.54,0
108491,1055,1,211.04,0
108492,1021,2,130.19,0
108493,1064,2,161.69,64.68
108493,1036,1,61.94,12.39
108493,1079,1,65.09,13.02
108493,1017,1,91.34,18.27
108494,1070,1,129.14,0
108494,1052,2,219.44,0
108495,1075,2,53.54,21.42
108496,1054,2,241.49,96.6
108496,1028,1,81.89,16.38
108496,1079,1,65.09,13.02
108497,1014,1,38.84,0
108498,1032,1,86.09,0
108499,1017,1,91.34,0
108500,1081,1,78.74,0
108501,1017,1,91.34,0
108502,1023,1,142.79,28.56
108503,1014,1,38.84,7.77
108504,1029,1,32.54,6.51
108505,1017,1,91.34,0
108506,1033,1,90.29,18.06
108506,1090,1,18.89,3.78
108506,1043,1,134.39,26.88
108506,1070,1,129.14,25.83
108507,1026,1,170.09,34.02
108508,1002,1,145.94,0
108508,1041,1,581.69,0
108508,1070,1,129.14,0
108509,1075,1,53.54,5.35
108510,1070,1,,0
108510,1077,1,27.29,0
108510,1082,2,110.24,0
108511,1083,1,20.99,0
108511,1072,1,149.09,0
108512,1079,1,65.09,13.02
108513,1087,1,48.29,0
108514,1047,1,204.74,0
108515,1014,1,38.84,7.77
108515,1075,1,53.54,10.71
108516,1008,1,46.19,9.24
108516,1048,1,146.99,29.4
108517,1089,1,56.69,0
108518,1031,1,40.94,0
108519,1048,1,146.99,0
108520,1034,1,72.44,14.49
108521,1084,2,118.64,0
108522,1020,1,57.74,0
108523,1041,1,581.69,0
108524,1049,1,133.34,0
108524,1014,1,38.84,0
108524,1079,1,65.09,0
108525,1089,1,56.69,0
108525,1032,1,86.09,0
108526,1022,1,93.44,18.69
108527,1076,1,145.94,0
108528,1079,1,65.09,13.02
108529,1076,1,145.94,0
108529,1071,1,10.49,0
108530,1024,4,62.99,50.39
108531,1001,2,65.09,0
108531,1074,1,20.99,0
108531,1002,1,145.94,0
108531,1086,1,102.89,0
108532,1059,1,491.39,0
108532,1014,1,38.84,0
108532,1026,1,170.09,0
108532,1010,1,101.84,0
108533,1081,1,78.74,0
108534,1083,3,20.99,12.59
108535,1084,1,118.64,23.73
108536,1089,1,56.69,0
108537,1008,3,46.19,0
108537,1012,1,115.49,0
108538,1021,1,130.19,26.04
108539,1001,1,65.09,0
108539,1038,1,329.69,0
108540,1002,1,145.94,0
108540,1023,1,142.79,0
108540,1004,1,79.79,0
108541,1071,1,10.49,0
108541,1039,1,508.19,0
108542,1068,2,52.49,0
108542,1082,1,110.24,0
108543,1032,2,86.09,34.44
108543,1008,1,46.19,9.24
108544,1070,1,129.14,0
108544,1061,1,48.29,0
108544,1047,1,204.74,0
108545,1059,1,491.39,98.28
108546,1055,1,211.04,0
108547,1036,1,61.94,0
108548,1017,1,91.34,18.27
108548,1019,1,81.89,16.38
108549,1079,1,65.09,13.02
108549,1030,1,8.39,1.68
108549,1013,1,131.24,26.25
108550,1035,1,54.59,10.92
108550,1058,1,98.69,19.74
108550,1036,1,61.94,12.39
108551,1057,1,216.29,0
108552,1003,1,24.14,0
108553,1036,1,61.94,0
108554,1073,1,73.49,0
108555,1003,1,24.14,4.83
108556,1077,2,27.29,10.92
108556,1032,1,86.09,17.22
108556,1056,1,251.99,50.4
108556,1066,1,180.59,36.12
108557,1022,1,93.44,18.69
108557,1085,1,121.79,24.36
108557,1080,1,141.74,28.35
108558,1036,1,61.94,12.39
108559,1005,1,83.99,16.8
108559,1087,1,48.29,9.66
108560,1055,1,211.04,0
108560,1030,1,8.39,0
108561,1016,1,190.04,0
108562,1017,1,91.34,0
108562,1052,2,219.44,0
108562,1009,1,138.59,0
108562,1078,1,90.29,0
108563,1013,1,131.24,26.25
108563,1054,1,241.49,48.3
108564,1015,1,101.84,20.37
108565,1078,2,90.29,0
108565,1039,1,508.19,0
108566,1040,1,500.84,0
108567,1005,1,83.99,16.8
108567,1035,1,54.59,10.92
108568,1018,1,223.64,0
108569,1057,1,216.29,0
108569,1008,1,46.19,0
108570,1070,3,129.14,0
108571,1075,1,53.54,0
108572,1082,1,110.24,0
108573,1024,1,62.99,0
108573,1082,2,110.24,0
108573,1051,1,56.69,0
108574,1033,1,90.29,18.06
108574,1001,1,65.09,13.02
108574,1018,1,223.64,44.73
108575,1012,1,115.49,0
108576,1057,1,216.29,0
108577,1032,1,86.09,0
108577,1015,1,101.84,0
108578,1015,2,101.84,0
108579,1084,1,118.64,23.73
108579,1037,1,30.44,6.09
108580,1017,2,91.34,36.54
108580,1073,1,73.49,14.7
108581,1089,1,56.69,0
108582,1086,2,102.89,0
108583,1006,1,17.84,0
108584,1020,1,57.74,11.55
108585,1055,1,211.04,42.21
108585,1077,1,27.29,5.46
108585,1043,1,134.39,26.88
108585,1013,2,131.24,52.5
108586,1058,2,98.69,0
108586,1025,1,175.34,0
108587,1080,1,141.74,0
108587,1072,1,149.09,0
108588,1083,1,20.99,0
108588,1018,2,223.64,0
108589,1048,1,146.99,29.4
108589,1029,1,,6.51
108590,1012,1,115.49,0
108590,1047,1,204.74,0
108591,1069,1,28.34,0
108592,1021,1,130.19,0
108592,1073,1,73.49,0
108593,1071,2,10.49,4.2
108593,1081,1,78.74,15.75
108594,1033,2,90.29,0
108595,1028,1,81.89,16.38
108595,1033,1,90.29,18.06
108596,1076,1,145.94,29.19
108596,1003,3,24.14,14.48
108596,1086,1,102.89,20.58
108597,1013,1,131.24,26.25
108597,1022,1,93.44,18.69
108597,1075,1,53.54,10.71
108598,1003,1,24.14,0
108599,1047,1,204.74,40.95
108600,1037,1,30.44,0
108600,1071,2,10.49,0
108601,1084,1,118.64,0
108601,1015,1,101.84,0
108601,1016,1,190.04,0
108602,1039,1,508.19,0
108602,1051,1,56.69,0
108603,1006,2,17.84,0
108604,1078,1,90.29,18.06
108605,1078,2,90.29,36.12
108605,1029,1,32.54,6.51
108605,1073,1,73.49,14.7
108606,1079,1,65.09,0
108606,1024,1,62.99,0
108607,1040,1,500.84,0
108607,1036,1,61.94,0
108607,1014,2,38.84,0
108608,1017,1,91.34,18.27
108608,1022,1,93.44,18.69
108608,1002,1,145.94,29.19
108609,1049,1,133.34,0
108609,1026,1,170.09,0
108609,1032,1,86.09,0
108610,1002,1,145.94,29.19
108610,1028,1,81.89,16.38
108611,1071,2,10.49,4.2
108612,1072,1,149.09,0
108612,1071,1,10.49,0
108612,1010,1,101.84,0
108613,1090,1,18.89,1.89
108614,1071,1,10.49,0
108614,1008,1,46.19,0
108615,1006,1,17.84,3.57
108615,1074,1,20.99,4.2
108616,1071,1,10.49,2.1
108617,1079,1,65.09,0
108618,1069,1,28.34,0
108619,1084,1,118.64,0
108620,1087,3,48.29,28.97
108620,1080,2,141.74,56.7
108621,1047,1,204.74,0
108622,1073,1,73.49,0
108623,1079,2,65.09,0
108624,1077,2,27.29,10.92
108625,1005,1,83.99,0
108626,1082,1,110.24,0
108626,1078,1,90.29,0
108626,1058,2,98.69,0
108627,1071,1,10.49,0
108627,1070,1,129.14,0
108628,1042,1,812.69,0
108629,1079,1,65.09,13.02
108629,1051,1,56.69,11.34
108630,1089,1,56.69,0
108631,1079,1,65.09,13.02
108631,1078,1,90.29,18.06
108631,1086,1,102.89,20.58
108632,1010,1,101.84,0
108632,1027,2,95.54,0
108633,1021,1,130.19,0
108634,1038,1,329.69,65.94
108635,1078,1,90.29,0
108636,1053,1,39.89,0
108636,1070,1,129.14,0
108636,1078,1,90.29,0
108637,1006,1,17.84,3.57
108638,1073,1,73.49,0
108639,1009,1,138.59,0
108640,1073,1,73.49,0
108640,1075,1,53.54,0
108641,1080,2,141.74,0
108641,1004,2,79.79,0
108641,1087,1,48.29,0
108642,1031,1,40.94,0
108642,1087,1,48.29,0
108643,1042,1,812.69,162.54
108643,1051,1,56.69,11.34
108643,1048,1,146.99,29.4
108644,1074,1,20.99,2.1
108644,1013,1,131.24,13.12
108645,1009,1,138.59,0
108645,1072,1,149.09,0
108645,1086,2,102.89,0
108646,1044,1,556.49,0
108647,1070,1,129.14,0
108647,1028,1,81.89,0
108647,1071,1,10.49,0
108647,1036,1,61.94,0
108648,1009,3,138.59,0
108648,1018,1,223.64,0
108648,1028,1,81.89,0
108648,1034,1,72.44,0
108649,1057,1,216.29,43.26
108649,1076,1,145.94,29.19
108650,1080,2,141.74,56.7
108650,1074,1,20.99,4.2
108650,1034,1,72.44,14.49
108650,1022,1,93.44,18.69
108651,1081,1,78.74,0
108651,1088,1,22.04,0
108652,1071,1,10.49,2.1
108653,1054,1,241.49,48.3
108654,1035,1,54.59,10.92
108655,1089,1,56.69,11.34
108655,1074,1,,4.2
108655,1063,1,258.29,51.66
108656,1007,1,75.59,0
108657,1083,1,20.99,0
108658,1080,1,141.74,0
108659,1073,2,73.49,29.4
108660,1010,1,101.84,20.37
108661,1081,1,78.74,15.75
108661,1070,1,129.14,25.83
108662,1081,2,78.74,0
108662,1017,1,91.34,0
108663,1005,2,83.99,33.6
108664,1077,1,27.29,0
108664,1072,1,149.09,0
108665,1005,2,83.99,33.6
108665,1035,1,54.59,10.92
108665,1015,1,101.84,20.37
108666,1011,1,36.74,0
108667,1005,1,83.99,8.4
108668,1005,1,83.99,0
108668,1083,1,20.99,0
108669,1073,1,73.49,14.7
108670,1052,1,219.44,0
108671,1007,1,75.59,0
108672,1013,1,131.24,0
108673,1076,1,145.94,0
108674,1002,1,145.94,0
108675,1081,1,78.74,0
108676,1072,1,149.09,0
108676,1046,1,150.14,0
108676,1077,2,27.29,0
108676,1074,1,20.99,0
108677,1033,1,90.29,0
108677,1083,1,20.99,0
108677,1052,1,219.44,0
108677,1030,1,8.39,0
108678,1005,1,83.99,0
108679,1007,1,75.59,0
108680,1045,1,532.34,0
108680,1036,1,61.94,0
108681,1033,1,90.29,0
108681,1075,1,53.54,0
108682,1047,1,204.74,0
108683,1016,1,190.04,0
108684,1076,1,145.94,0
108685,1071,1,10.49,0
108686,1070,1,,25.83
108686,1013,1,131.24,26.25
108687,1021,1,130.19,0
108688,1072,1,149.09,0
108688,1080,1,141.74,0
108689,1023,1,142.79,0
108690,1076,1,145.94,29.19
108691,1024,1,62.99,0
108691,1085,1,121.79,0
108691,1007,1,75.59,0
108691,1082,1,110.24,0
108692,1010,2,101.84,0
108693,1035,2,54.59,0
108694,1011,2,36.74,0
108695,1086,2,102.89,0
108695,1037,1,30.44,0
108695,1014,1,38.84,0
108695,1050,1,154.34,0
108696,1063,1,258.29,0
108696,1084,1,118.64,0
108697,1007,1,75.59,15.12
108697,1076,1,145.94,29.19
108697,1035,1,54.59,10.92
108698,1001,1,65.09,13.02
108698,1054,1,241.49,48.3
108699,1079,1,65.09,0
108700,1005,2,83.99,0
108700,1079,1,65.09,0
108701,1071,1,10.49,2.1
108701,1009,2,138.59,55.44
108702,1070,1,129.14,25.83
108702,1076,4,145.94,116.75
108703,1005,1,83.99,0
108703,1079,2,65.09,0
108703,1045,1,532.34,0
108704,1035,1,54.59,0
108705,1079,1,65.09,0
108706,1014,1,38.84,7.77
108707,1074,1,20.99,0
108708,1053,1,39.89,0
108709,1082,1,110.24,0
108709,1008,1,46.19,0
108709,1002,1,145.94,0
108709,1005,1,83.99,0
108710,1011,1,36.74,0
108710,1004,1,79.79,0
108711,1014,1,38.84,0
108711,1073,2,73.49,0
108712,1019,3,81.89,0
108713,1044,1,556.49,111.3
108714,1004,1,79.79,0
108714,1033,1,90.29,0
108714,1073,1,73.49,0
108715,1078,1,90.29,0
108716,1075,1,53.54,10.71
108717,1074,1,20.99,4.2
108718,1014,1,38.84,0
108719,1075,1,53.54,10.71
108719,1040,1,500.84,100.17
108720,1001,1,65.09,0
108720,1026,1,170.09,0
108721,1071,1,10.49,2.1
108721,1006,1,17.84,3.57
108722,1072,3,149.09,89.45
108722,1076,1,145.94,29.19
108722,1014,2,38.84,15.54
108723,1034,1,72.44,14.49
108724,1003,1,24.14,0
108725,1088,1,22.04,4.41
108725,1084,1,118.64,23.73
108726,1026,2,170.09,68.04
108727,1056,1,251.99,50.4
108727,1089,1,56.69,11.34
108728,1073,1,73.49,0
108728,1076,1,145.94,0
108728,1026,1,170.09,0
108729,1074,1,20.99,4.2
108730,1019,1,81.89,0
108731,1079,1,65.09,13.02
108731,1007,1,,15.12
108732,1059,2,491.39,0
108733,1006,2,17.84,7.14
108734,1047,1,204.74,40.95
108735,1068,2,52.49,0
108736,1039,1,508.19,0
108737,1070,1,129.14,0
108737,1073,2,73.49,0
108738,1007,1,75.59,0
108738,1015,1,101.84,0
108739,1077,1,27.29,0
108740,1074,1,20.99,0
108740,1090,1,18.89,0
108740,1006,1,17.84,0
108741,1077,1,27.29,5.46
108741,1075,1,53.54,10.71
108742,1070,1,129.14,0
108743,1008,1,46.19,0
108743,1048,1,146.99,0
108744,1055,1,211.04,42.21
108745,1007,3,75.59,0
108745,1021,3,130.19,0
108746,1026,1,170.09,34.02
108747,1028,1,81.89,0
108748,1076,1,145.94,0
108748,1009,1,138.59,0
108748,1022,1,93.44,0
108749,1078,1,90.29,0
108750,1002,1,145.94,0
108750,1037,1,30.44,0
108750,1003,1,24.14,0
108750,1032,2,86.09,0
108751,1086,1,102.89,0
108751,1081,3,78.74,0
108752,1077,1,27.29,0
108752,1028,1,81.89,0
108752,1001,1,65.09,0
108752,1080,1,141.74,0
108753,1064,1,161.69,0
108753,1078,1,90.29,0
108753,1047,1,204.74,0
108754,1018,1,223.64,0
108755,1033,1,90.29,0
108756,1083,2,20.99,0
108756,1077,1,27.29,0
108757,1072,1,149.09,29.82
108757,1027,1,95.54,19.11
108758,1020,1,57.74,0
108758,1040,1,500.84,0
108759,1034,1,72.44,14.49
108760,1005,1,83.99,0
108761,1031,1,40.94,8.19
108762,1031,1,40.94,0
108763,1072,1,149.09,14.91
108764,1075,1,53.54,10.71
108765,1081,1,78.74,15.75
108766,1011,1,36.74,0
108767,1001,1,65.09,0
108768,1022,1,93.44,0
108769,1079,2,65.09,26.04
108770,1080,1,141.74,0
108770,1073,1,73.49,0
108771,1037,1,30.44,0
108772,1078,3,90.29,0
108772,1011,1,36.74,0
108773,1019,1,81.89,0
108773,1087,1,48.29,0
108774,1075,2,53.54,0
108774,1006,1,17.84,0
108774,1070,1,129.14,0
108775,1053,1,39.89,7.98
108775,1071,4,10.49,8.39
108776,1072,1,149.09,29.82
108777,1024,1,62.99,0
108778,1014,1,38.84,0
108778,1079,3,65.09,0
108779,1061,1,48.29,0
108780,1008,1,46.19,9.24
108780,1075,1,53.54,10.71
108780,1006,1,17.84,3.57
108781,1078,1,90.29,0
108781,1020,1,57.74,0
108782,1017,1,91.34,18.27
108783,1016,1,190.04,38.01
108784,1078,1,90.29,0
108784,1004,1,79.79,0
108784,1034,1,72.44,0
108784,1077,1,27.29,0
108785,1011,1,36.74,0
108786,1021,1,130.19,26.04
108787,1074,1,20.99,0
108787,1034,1,72.44,0
108788,1002,3,145.94,0
108788,1028,1,81.89,0
108788,1054,1,241.49,0
108788,1033,1,90.29,0
108789,1075,2,53.54,0
108790,1070,1,129.14,0
108791,1020,1,57.74,11.55
108792,1015,1,101.84,20.37
108792,1003,1,24.14,4.83
108793,1028,1,81.89,0
108794,1072,4,149.09,0
108794,1058,2,98.69,0
108795,1079,1,65.09,0
108796,1089,1,56.69,0
108797,1021,1,130.19,0
108797,1088,2,22.04,0
108798,1058,2,98.69,0
108799,1049,1,133.34,0
108799,1007,1,75.59,0
108800,1027,1,95.54,0
108800,1043,1,134.39,0
108801,1010,1,101.84,0
108802,1013,1,131.24,0
108803,1055,1,211.04,42.21
108803,1074,2,20.99,8.4
108804,1077,1,27.29,0
108804,1028,1,81.89,0
108804,1079,4,65.09,0
108804,1034,1,72.44,0
108805,1050,1,154.34,30.87
108806,1027,1,95.54,0
108806,1070,1,129.14,0
108807,1076,1,145.94,0
108808,1086,1,102.89,20.58
108809,1081,1,78.74,15.75
108810,1065,1,173.24,34.65
108811,1008,1,46.19,4.62
108811,1077,1,27.29,2.73
108811,1089,1,56.69,5.67
108811,1052,1,219.44,21.94
108812,1086,2,102.89,0
108812,1021,2,130.19,0
108812,1073,1,73.49,0
108812,1006,1,17.84,0
108813,1080,2,141.74,0
108813,1012,1,115.49,0
108813,1084,1,118.64,0
108814,1002,1,145.94,0
108815,1006,1,17.84,3.57
108815,1004,1,79.79,15.96
108816,1055,1,211.04,0
108816,1086,1,102.89,0
108816,1085,1,121.79,0
108816,1087,1,48.29,0
108817,1032,2,86.09,0
108817,1055,1,211.04,0
108817,1084,2,118.64,0
108817,1079,1,65.09,0
108818,1017,3,91.34,54.8
108818,1023,1,142.79,28.56
108819,1003,1,24.14,4.83
108820,1078,1,90.29,0
108821,1055,1,211.04,0
108821,1076,1,145.94,0
108822,1017,1,91.34,0
108822,1088,2,22.04,0
108823,1080,1,141.74,28.35
108823,1075,1,53.54,10.71
108824,1079,1,65.09,0
108824,1013,2,131.24,0
108825,1037,1,30.44,0
108825,1022,1,93.44,0
108826,1086,3,102.89,0
108827,1011,1,36.74,7.35
108828,1077,1,27.29,0
108828,1078,1,90.29,0
108828,1058,1,98.69,0
108829,1080,3,141.74,0
108829,1013,1,131.24,0
108830,1085,1,121.79,0
108831,1073,2,73.49,29.4
108832,1031,1,40.94,0
108832,1029,2,32.54,0
108833,1050,1,154.34,0
108834,1079,1,65.09,0
108835,1035,1,54.59,10.92
108836,1074,3,20.99,12.59
108837,1005,2,83.99,0
108837,1049,1,133.34,0
108837,1006,2,17.84,0
108837,1077,1,27.29,0
108838,1076,1,145.94,0
108839,1087,1,48.29,0
108839,1037,1,30.44,0
108839,1070,2,129.14,0
108840,1080,1,141.74,28.35
108841,1079,2,65.09,0
108842,1010,1,101.84,0
108843,1087,1,48.29,0
108843,1043,1,134.39,0
108843,1077,1,27.29,0
108844,1079,1,65.09,0
108844,1009,1,138.59,0
108845,1006,1,17.84,1.78
108845,1034,1,72.44,7.24
108846,1001,1,65.09,13.02
108847,1056,2,251.99,0
108848,1054,1,241.49,48.3
108849,1011,1,36.74,7.35
108850,1033,2,90.29,0
108851,1044,1,556.49,111.3
108852,1048,1,146.99,0
108853,1083,1,20.99,0
108854,1028,1,81.89,0
108855,1031,1,40.94,0
108856,1024,1,62.99,0
108856,1028,1,81.89,0
108856,1001,1,65.09,0
108857,1028,1,81.89,16.38
108858,1064,1,161.69,0
108858,1015,2,101.84,0
108858,1006,1,17.84,0
108859,1055,1,211.04,0
108860,1074,1,20.99,0
108861,1079,1,65.09,0
108862,1075,2,53.54,10.71
108863,1016,1,190.04,0
108863,1075,1,53.54,0
108864,1044,1,556.49,0
108864,1004,1,79.79,0
108865,1028,1,81.89,0
108866,1005,1,83.99,0
108866,1090,1,18.89,0
108866,1078,2,90.29,0
108867,1072,1,149.09,0
108867,1087,1,48.29,0
108868,1022,1,93.44,0
108868,1016,1,190.04,0
108869,1028,3,,49.13
108870,1072,1,149.09,0
108870,1027,1,95.54,0
108871,1014,1,38.84,7.77
108871,1035,1,54.59,10.92
108871,1021,1,130.19,26.04
108872,1042,1,812.69,0
108872,1083,1,20.99,0
108873,1010,4,101.84,0
108874,1081,1,78.74,15.75
108875,1056,1,251.99,50.4
108876,1071,1,10.49,2.1
108877,1025,1,175.34,0
108877,1040,1,500.84,0
108878,1004,2,79.79,0
108878,1084,2,118.64,0
108878,1003,1,24.14,0
108879,1087,2,48.29,19.32
108879,1010,2,101.84,40.74
108879,1006,1,17.84,3.57
108879,1083,1,20.99,4.2
108880,1037,1,30.44,0
108880,1001,1,65.09,0
108881,1046,1,150.14,0
108881,1072,1,149.09,0
108881,1075,1,53.54,0
108882,1052,1,219.44,43.89
108882,1055,1,211.04,42.21
108883,1074,1,20.99,0
108884,1001,1,65.09,0
108885,1019,1,81.89,0
108885,1080,1,141.74,0
108885,1042,1,,0
108885,1027,1,95.54,0
108886,1081,1,78.74,15.75
108886,1003,1,24.14,4.83
108887,1079,1,65.09,0
108888,1011,1,36.74,7.35
108888,1053,1,39.89,7.98
108888,1073,1,73.49,14.7
108889,1074,3,20.99,12.59
108890,1080,1,141.74,0
108890,1030,3,8.39,0
108891,1033,1,90.29,0
108891,1051,1,56.69,0
108892,1074,1,20.99,4.2
108892,1003,1,24.14,4.83
108893,1054,1,241.49,0
108894,1010,2,101.84,40.74
108894,1080,1,141.74,28.35
108894,1079,1,65.09,13.02
108895,1083,1,20.99,4.2
108895,1078,1,90.29,18.06
108896,1009,1,138.59,0
108896,1005,1,83.99,0
108896,1027,1,95.54,0
108897,1037,1,30.44,0
108898,1079,1,65.09,0
108898,1075,1,53.54,0
108899,1045,1,532.34,0
108900,1055,1,211.04,0
108901,1056,1,251.99,0
108902,1039,1,508.19,0
108903,1005,2,83.99,0
108904,1022,1,93.44,18.69
108904,1012,1,115.49,23.1
108905,1015,1,101.84,0
108905,1007,1,75.59,0
108905,1010,2,101.84,0
108906,1074,1,20.99,0
108907,1072,1,149.09,29.82
108908,1076,1,145.94,14.59
108909,1008,1,46.19,0
108910,1074,1,20.99,0
108911,1077,1,27.29,5.46
108912,1073,1,73.49,14.7
108912,1077,1,27.29,5.46
108913,1079,1,65.09,0
108914,1019,2,81.89,0
108915,1025,2,175.34,0
108915,1027,1,95.54,0
108915,1001,2,,0
108916,1084,2,118.64,0
108917,1073,1,73.49,0
108918,1068,1,52.49,0
108919,1019,2,81.89,0
108920,1027,1,95.54,0
108921,1075,1,53.54,0
108921,1022,2,93.44,0
108922,1081,1,78.74,0
108922,1073,1,73.49,0
108923,1001,1,65.09,13.02
108924,1074,1,20.99,0
108925,1072,1,149.09,0
108925,1075,1,53.54,0
108925,1044,1,556.49,0
108925,1071,2,10.49,0
108926,1009,1,138.59,27.72
108927,1077,1,27.29,0
108927,1084,1,118.64,0
108927,1071,1,10.49,0
108927,1057,1,216.29,0
108928,1084,3,118.64,71.18
108929,1049,1,133.34,0
108930,1006,1,17.84,0
108930,1001,1,65.09,0
108930,1025,1,175.34,0
108931,1080,1,141.74,28.35
108932,1090,1,18.89,0
108932,1016,1,190.04,0
108932,1081,1,78.74,0
108933,1076,1,145.94,29.19
108933,1017,1,91.34,18.27
108933,1072,1,149.09,29.82
108934,1081,1,78.74,0
108934,1062,2,160.64,0
108934,1010,2,101.84,0
108935,1073,1,73.49,14.7
108935,1020,2,,23.1
108935,1084,1,118.64,23.73
108936,1003,1,24.14,4.83
108937,1002,1,145.94,0
108938,1079,1,65.09,0
108939,1024,1,62.99,12.6
108939,1079,1,65.09,13.02
108940,1079,1,65.09,13.02
108941,1018,1,223.64,0
108942,1030,1,8.39,0
108943,1015,2,101.84,40.74
108944,1080,1,141.74,0
108945,1018,1,223.64,44.73
108946,1070,1,129.14,0
108947,1013,1,131.24,26.25
108948,1023,1,142.79,0
108948,1074,1,20.99,0
108949,1074,2,20.99,0
108950,1080,1,141.74,28.35
108950,1010,2,101.84,40.74
108951,1027,1,95.54,0
108952,1013,1,131.24,0
108952,1057,1,216.29,0
108952,1078,1,90.29,0
108953,1025,1,175.34,35.07
108953,1084,1,118.64,23.73
108953,1019,2,81.89,32.76
108954,1088,1,,4.41
108954,1078,1,90.29,18.06
108955,1023,1,142.79,0
108955,1077,1,27.29,0
108956,1015,1,101.84,0
108957,1009,2,138.59,0
108957,1067,1,36.74,0
108957,1036,1,61.94,0
108957,1007,1,75.59,0
108958,1078,1,90.29,0
108959,1068,1,52.49,10.5
108960,1070,2,129.14,51.66
108960,1037,1,30.44,6.09
108961,1054,1,241.49,48.3
108961,1088,1,22.04,4.41
108961,1018,1,223.64,44.73
108962,1077,1,27.29,0
108962,1004,1,79.79,0
108962,1059,1,491.39,0
108963,1074,1,20.99,2.1
108964,1054,1,241.49,0
108965,1075,3,53.54,16.06
108966,1036,1,61.94,12.39
108966,1071,2,,4.2
108966,1016,1,190.04,38.01
108966,1012,1,115.49,23.1
108967,1001,1,65.09,13.02
108967,1077,1,27.29,5.46
108968,1076,2,145.94,0
108968,1090,1,18.89,0
108969,1056,2,251.99,0
108969,1090,1,18.89,0
108970,1015,1,101.84,0
108971,1070,1,129.14,0
108972,1075,1,53.54,0
108972,1026,2,170.09,0
108973,1068,1,52.49,0
108973,1079,1,65.09,0
108974,1027,1,95.54,0
108974,1070,1,129.14,0
108975,1089,1,56.69,5.67
108976,1007,1,75.59,15.12
108977,1016,1,190.04,38.01
108977,1024,1,62.99,12.6
108978,1019,2,81.89,0
108978,1009,1,138.59,0
108979,1070,1,129.14,0
108979,1024,1,62.99,0
108980,1073,1,73.49,0
108981,1045,1,532.34,0
108982,1072,1,149.09,0
108982,1073,1,73.49,0
108983,1015,1,101.84,0
108984,1026,2,170.09,68.04
108985,1028,2,81.89,0
108986,1025,1,175.34,0
108986,1008,1,46.19,0
108987,1084,1,118.64,0
108988,1077,1,27.29,5.46
108988,1003,3,24.14,14.48
108989,1008,1,46.19,0
108989,1058,1,98.69,0
108989,1054,1,241.49,0
108990,1007,2,75.59,0
108991,1081,3,78.74,0
108992,1036,1,61.94,0
108993,1089,1,56.69,0
108994,1080,1,141.74,28.35
108995,1013,1,131.24,0
108996,1044,1,556.49,0
108996,1010,3,101.84,0
108996,1003,2,24.14,0
108996,1070,1,129.14,0
108997,1032,2,86.09,34.44
108997,1022,2,93.44,37.38
108997,1057,2,216.29,86.52
108997,1087,1,48.29,9.66
108998,1006,1,17.84,1.78
108998,1076,1,145.94,14.59
108999,1011,1,36.74,0
109000,1001,1,65.09,13.02
109000,1070,1,129.14,25.83
109000,1073,1,73.49,14.7
109001,1081,1,78.74,0
109002,1080,1,141.74,0
109003,1050,1,154.34,30.87
109004,1015,1,101.84,20.37
109004,1020,2,57.74,23.1
109005,1054,1,241.49,48.3
109006,1076,1,145.94,0
109006,1012,1,115.49,0
109006,1083,1,20.99,0
109007,1083,1,20.99,0
109008,1020,2,57.74,23.1
109008,1078,1,90.29,18.06
109009,1020,1,57.74,0
109009,1006,1,17.84,0
109009,1073,1,73.49,0
109009,1031,1,40.94,0
109010,1087,1,48.29,0
109010,1078,2,90.29,0
109011,1042,1,812.69,0
109011,1011,1,36.74,0
109011,1009,1,138.59,0
109011,1005,1,83.99,0
109012,1090,2,18.89,0
109013,1056,1,251.99,50.4
109014,1014,1,38.84,0
109015,1026,1,170.09,0
109016,1058,1,98.69,19.74
109016,1008,2,46.19,18.48
109016,1012,1,115.49,23.1
109017,1071,1,10.49,2.1
109018,1075,1,53.54,0
109019,1071,1,10.49,0
109020,1070,1,129.14,0
109020,1071,1,10.49,0
109021,1007,1,75.59,0
109022,1049,1,133.34,13.33
109023,1073,1,73.49,14.7
109024,1078,1,90.29,0
109024,1083,1,,0
109025,1078,1,90.29,18.06
109025,1001,1,65.09,13.02
109026,1073,1,73.49,0
109027,1031,2,40.94,0
109028,1012,1,115.49,0
109029,1029,3,32.54,0
109030,1033,1,90.29,18.06
109031,1050,1,154.34,0
109031,1082,1,110.24,0
109031,1072,1,149.09,0
109032,1013,1,131.24,0
109032,1008,1,46.19,0
109033,1076,1,145.94,0
109034,1076,1,145.94,0
109035,1006,2,17.84,0
109035,1024,1,62.99,0
109036,1072,1,149.09,0
109037,1004,1,79.79,15.96
109037,1071,1,10.49,2.1
109038,1011,2,36.74,0
109039,1024,1,62.99,12.6
109039,1079,2,65.09,26.04
109039,1069,1,28.34,5.67
109040,1076,1,145.94,0
109040,1064,1,161.69,0
109041,1072,1,149.09,29.82
109042,1016,1,190.04,0
109043,1074,2,,8.4
109043,1024,1,62.99,12.6
109044,1005,1,83.99,16.8
109044,1014,1,38.84,7.77
109045,1081,1,78.74,0
109045,1076,1,145.94,0
109046,1016,1,190.04,0
109046,1081,1,78.74,0
109047,1003,1,24.14,0
109047,1071,1,10.49,0
109048,1081,2,78.74,31.5
109049,1067,1,36.74,7.35
109049,1032,1,86.09,17.22
109050,1078,1,90.29,0
109050,1087,1,48.29,0
109050,1088,1,22.04,0
109050,1008,2,46.19,0
109051,1004,1,79.79,15.96
109051,1053,1,39.89,7.98
109051,1070,1,129.14,25.83
109052,1085,1,121.79,0
109053,1075,2,53.54,0
109054,1028,1,81.89,0
109055,1017,1,91.34,18.27
109055,1065,1,173.24,34.65
109055,1073,1,73.49,14.7
109055,1076,1,145.94,29.19
109056,1080,1,141.74,0
109057,1021,1,130.19,0
109058,1026,2,170.09,0
109059,1067,1,36.74,7.35
109059,1052,1,219.44,43.89
109060,1080,1,141.74,0
109060,1036,1,61.94,0
109061,1084,1,118.64,23.73
109061,1009,1,138.59,27.72
109062,1072,1,149.09,29.82
109063,1019,4,81.89,65.51
109064,1003,2,24.14,0
109065,1055,1,211.04,0
109066,1088,4,22.04,0
109067,1011,1,36.74,7.35
109068,1031,1,40.94,8.19
109069,1004,1,79.79,15.96
109070,1034,1,72.44,0
109071,1080,1,141.74,0
109071,1076,1,145.94,0
109071,1015,1,101.84,0
109071,1052,1,219.44,0
109072,1026,1,170.09,0
109072,1077,2,27.29,0
109072,1071,2,10.49,0
109072,1043,1,134.39,0
109073,1071,1,10.49,2.1
109074,1082,1,110.24,0
109074,1013,2,131.24,0
109074,1071,1,10.49,0
109075,1074,1,20.99,0
109076,1078,1,90.29,0
109077,1017,2,91.34,0
109077,1023,1,142.79,0
109078,1052,1,219.44,43.89
109079,1053,1,39.89,0
109079,1072,1,149.09,0
109079,1018,3,223.64,0
109080,1028,2,81.89,32.76
109081,1035,2,54.59,21.84
109082,1057,1,216.29,43.26
109082,1071,1,10.49,2.1
109082,1042,1,812.69,162.54
109083,1032,1,86.09,17.22
109084,1008,1,46.19,9.24
109085,1037,1,30.44,0
109086,1033,1,90.29,18.06
109086,1079,2,65.09,26.04
109087,1058,2,98.69,39.48
109087,1006,1,17.84,3.57
109088,1072,1,149.09,0
109088,1070,1,129.14,0
109089,1009,1,138.59,27.72
109089,1088,1,22.04,4.41
109089,1048,1,146.99,29.4
109090,1086,1,102.89,0
109090,1089,1,56.69,0
109090,1005,2,83.99,0
109091,1081,2,78.74,0
109091,1090,1,18.89,0
109091,1023,4,142.79,0
109092,1071,2,10.49,4.2
109093,1029,1,32.54,6.51
109093,1090,1,18.89,3.78
109094,1076,1,145.94,0
109095,1008,2,46.19,18.48
109096,1039,1,508.19,101.64
109097,1075,1,53.54,0
109098,1019,2,81.89,0
109098,1024,1,62.99,0
109098,1018,2,223.64,0
109098,1086,1,102.89,0
109099,1057,1,216.29,43.26
109100,1028,1,81.89,16.38
109101,1072,1,149.09,0
109102,1030,1,8.39,0
109103,1040,1,500.84,0
109103,1018,1,223.64,0
109104,1001,1,65.09,0
109104,1040,1,500.84,0
109104,1076,1,145.94,0
109104,1084,1,118.64,0
109105,1046,1,150.14,0
109105,1012,1,115.49,0
109106,1078,1,90.29,18.06
109107,1002,1,145.94,29.19
109107,1004,1,79.79,15.96
109107,1076,2,145.94,58.38
109108,1079,1,65.09,13.02
109109,1005,2,83.99,33.6
109109,1014,1,38.84,7.77
109110,1006,1,17.84,3.57
109111,1011,1,36.74,0
109112,1033,1,90.29,0
109113,1086,1,102.89,20.58
109114,1016,1,190.04,38.01
109115,1027,1,95.54,0
109116,1002,2,145.94,0
109117,1080,1,141.74,14.17
109118,1034,1,72.44,0
109119,1084,2,118.64,0
109120,1034,1,72.44,0
109121,1055,1,211.04,0
109122,1030,1,8.39,1.68
109123,1070,1,129.14,25.83
109123,1004,1,79.79,15.96
109124,1076,1,145.94,0
109125,1028,1,81.89,16.38
109126,1020,1,57.74,0
109127,1005,2,83.99,0
109127,1055,1,211.04,0
109127,1081,1,78.74,0
109128,1089,1,56.69,0
109129,1083,1,20.99,4.2
109130,1057,1,216.29,0
109131,1040,1,500.84,100.17
109131,1031,2,40.94,16.38
109132,1003,1,24.14,4.83
109133,1024,1,62.99,0
109133,1078,1,90.29,0
109133,1090,1,18.89,0
109134,1017,1,91.34,18.27
109135,1058,1,98.69,0
109136,1082,1,,0
109137,1036,1,61.94,0
109138,1040,1,500.84,0
109139,1022,1,93.44,0
109140,1017,1,91.34,0
109141,1038,1,329.69,0
109141,1080,1,141.74,0
109142,1075,1,53.54,0
109142,1007,1,75.59,0
109142,1079,1,65.09,0
109143,1001,1,65.09,0
109143,1074,2,20.99,0
109144,1085,1,121.79,0
109145,1079,1,65.09,0
109146,1072,1,149.09,0
109146,1056,1,251.99,0
109147,1030,3,8.39,0
109147,1049,1,133.34,0
109148,1002,1,145.94,0
109149,1088,1,22.04,0
109150,1002,1,145.94,0
109150,1007,1,75.59,0
109151,1022,2,93.44,0
109152,1056,1,251.99,0
109153,1077,1,27.29,0
109153,1071,3,10.49,0
109153,1078,1,90.29,0
109153,1018,1,223.64,0
109154,1072,4,149.09,0
109155,1008,1,46.19,0
109155,1016,1,190.04,0
109156,1012,1,115.49,23.1
109156,1057,1,216.29,43.26
109156,1076,3,145.94,87.56
109157,1006,1,17.84,0
109158,1071,3,10.49,0
109159,1051,1,56.69,0
109159,1048,1,146.99,0
109160,1035,1,54.59,10.92
109161,1036,1,61.94,12.39
109162,1073,1,73.49,0
109162,1010,1,101.84,0
109163,1008,1,46.19,9.24
109164,1007,3,75.59,45.35
109165,1042,1,812.69,0
109166,1071,1,10.49,0
109167,1028,1,81.89,16.38
109168,1028,2,81.89,32.76
109169,1037,1,30.44,0
109170,1072,1,149.09,0
109171,1005,1,83.99,16.8
109172,1070,3,129.14,77.48
109173,1046,1,150.14,0
109174,1004,1,79.79,0
109174,1081,2,78.74,0
109175,1035,2,54.59,21.84
109176,1076,1,145.94,0
109177,1013,1,131.24,0
109177,1037,1,30.44,0
109177,1029,1,32.54,0
109177,1015,1,101.84,0
109178,1011,2,36.74,0
109179,1003,1,24.14,0
109179,1077,1,27.29,0
109180,1086,1,102.89,20.58
109180,1005,3,83.99,50.39
109180,1001,1,65.09,13.02
109181,1074,1,20.99,0
109181,1024,1,62.99,0
109182,1011,1,36.74,7.35
109183,1034,1,72.44,0
109184,1071,1,10.49,0
109185,1024,2,62.99,0
109186,1077,1,27.29,0
109187,1025,1,175.34,0
109188,1007,1,75.59,15.12
109189,1065,1,173.24,0
109190,1002,1,145.94,0
109191,1077,2,27.29,0
109192,1050,1,154.34,0
109192,1073,1,73.49,0
109192,1059,1,491.39,0
109193,1014,2,38.84,15.54
109194,1070,1,129.14,12.91
109194,1034,1,72.44,7.24
109195,1025,1,175.34,0
109196,1005,1,83.99,0
109197,1057,1,216.29,0
109197,1073,1,73.49,0
109198,1040,1,500.84,0
109198,1022,1,93.44,0
109199,1004,1,79.79,15.96
109199,1018,1,223.64,44.73
109200,1033,1,90.29,0
109201,1078,1,90.29,0
109201,1030,1,8.39,0
109202,1075,1,53.54,10.71
109203,1075,1,53.54,10.71
109204,1084,1,118.64,23.73
109204,1070,1,129.14,25.83
109205,1072,2,149.09,0
109206,1071,1,10.49,0
109207,1023,2,142.79,57.12
109207,1043,1,134.39,26.88
