order_id,customer_id,order_date,status,payment_method,discount_code,shipping_fee
100001,1530,2024-01-01 09:24,completed,credit_card,,6.95
100002,3531,2024-01-01 10:37,completed,credit_card,,0
100003,840,2024-01-01 10:59,completed,credit_card,,0
100004,725,2024-01-01 12:48,completed,apple_pay,WELCOME10,0
100005,3452,2024-01-01 17:44,completed,gift_card,,0
100006,3531,2024-01-01 19:10,completed,credit_card,,0
100007,1891,2024-01-01 23:25,returned,credit_card,,0
100008,683,2024-01-02 06:08,completed,paypal,,0
100009,1867,2024-01-02 10:16,completed,credit_card,,0
100010,1579,2024-01-02 15:18,completed,paypal,,0
100011,572,2024-01-02 15:20,completed,apple_pay,,0
100012,1867,2024-01-02 15:36,completed,credit_card,,6.95
100013,572,2024-01-02 15:45,completed,apple_pay,,0
100014,2119,2024-01-02 15:58,completed,apple_pay,,6.95
100015,3531,2024-01-02 16:05,completed,credit_card,,0
100016,1979,2024-01-02 18:20,completed,credit_card,,0
100017,1936,2024-01-02 18:38,completed,paypal,,0
100018,2221,2024-01-02 18:56,completed,credit_card,,6.95
100019,725,2024-01-02 19:39,completed,apple_pay,,0
100020,1579,2024-01-02 19:52,completed,credit_card,,0
100021,3260,2024-01-02 21:33,returned,paypal,,0
100022,2577,2024-01-03 07:02,completed,credit_card,,0
100023,1579,2024-01-03 09:51,completed,credit_card,,0
100024,3250,2024-01-03 11:34,completed,apple_pay,,0
100025,1891,2024-01-03 14:35,completed,credit_card,,0
100026,307,2024-01-03 17:53,completed,credit_card,,0
100027,3093,2024-01-03 19:39,completed,gift_card,,0
100028,612,2024-01-04 06:28,completed,credit_card,,0
100029,550,2024-01-04 17:53,completed,credit_card,,0
100030,424,2024-01-05 06:45,completed,paypal,,6.95
100031,1709,2024-01-05 06:57,completed,credit_card,,6.95
100032,464,2024-01-05 09:51,completed,paypal,,0
100033,2221,2024-01-05 10:24,completed,apple_pay,,0
100034,3114,2024-01-05 10:38,completed,apple_pay,,0
100035,3531,2024-01-05 13:26,completed,apple_pay,,0
100036,3460,2024-01-05 15:18,completed,credit_card,,0
100037,572,2024-01-05 20:22,completed,apple_pay,,0
100038,226,2024-01-05 21:46,completed,credit_card,,0
100039,735,2024-01-06 06:55,completed,credit_card,,0
100040,2879,2024-01-06 07:57,completed,paypal,,0
100041,2412,2024-01-06 10:25,completed,credit_card,,0
100042,3571,2024-01-06 13:11,completed,paypal,WELCOME10,0
100043,1302,2024-01-06 13:35,completed,credit_card,,0
100044,2115,2024-01-06 14:02,returned,credit_card,,0
100045,656,2024-01-06 14:20,completed,paypal,,0
100046,3114,2024-01-06 15:17,completed,credit_card,,0
100047,1891,2024-01-06 16:09,returned,paypal,,0
100048,3320,2024-01-06 16:37,completed,credit_card,,6.95
100049,1375,2024-01-06 16:41,canceled,paypal,,0
100050,1867,2024-01-06 17:36,completed,apple_pay,,0
100051,3571,2024-01-06 18:52,completed,apple_pay,,0
100052,1876,2024-01-06 19:17,completed,credit_card,,0
100053,3571,2024-01-06 19:41,completed,paypal,,0
100054,3057,2024-01-06 20:55,returned,paypal,,0
100055,3571,2024-01-06 22:33,completed,apple_pay,,0
100056,3114,2024-01-06 22:55,completed,credit_card,WELCOME10,6.95
100057,3531,2024-01-06 23:01,completed,apple_pay,,0
100058,445,2024-01-07 09:48,completed,credit_card,,0
100059,3114,2024-01-07 11:32,completed,credit_card,,6.95
100060,540,2024-01-07 11:53,completed,apple_pay,,6.95
100061,2261,2024-01-07 13:05,completed,credit_card,,6.95
100062,1806,2024-01-07 13:33,completed,credit_card,,6.95
100063,1915,2024-01-07 15:29,completed,credit_card,,0
100064,735,2024-01-07 17:38,completed,credit_card,WELCOME10,0
100065,3320,2024-01-07 19:37,completed,credit_card,,0
100066,1915,2024-01-07 19:58,completed,paypal,,0
100067,738,2024-01-07 20:33,canceled,apple_pay,,0
100068,1951,2024-01-07 22:17,completed,apple_pay,,6.95
100069,2211,2024-01-07 22:29,completed,credit_card,,0
100070,3320,2024-01-07 22:55,completed,paypal,,0
100071,249,2024-01-08 06:34,completed,credit_card,WELCOME10,0
100072,3399,2024-01-08 11:20,completed,credit_card,,0
100073,1375,2024-01-08 11:28,completed,credit_card,,6.95
100074,3531,2024-01-08 12:41,completed,paypal,,0
100075,424,2024-01-08 13:01,completed,credit_card,,0
100076,3260,2024-01-08 15:24,completed,credit_card,,0
100077,738,2024-01-08 18:04,completed,credit_card,,6.95
100078,1806,2024-01-08 19:56,completed,paypal,,0
100079,3009,2024-01-09 10:03,completed,paypal,,0
100080,568,2024-01-09 12:25,completed,apple_pay,,6.95
100081,3460,2024-01-09 13:52,completed,credit_card,,6.95
100082,511,2024-01-09 15:33,canceled,apple_pay,,0
100083,1047,2024-01-09 15:41,returned,credit_card,,0
100084,686,2024-01-09 18:06,completed,credit_card,,0
100085,2115,2024-01-09 18:48,completed,credit_card,,0
100086,920,2024-01-09 19:16,completed,credit_card,,0
100087,343,2024-01-10 12:54,completed,paypal,,0
100088,1375,2024-01-10 13:04,completed,credit_card,,0
100089,3452,2024-01-10 13:12,returned,credit_card,,0
100090,2409,2024-01-10 17:36,canceled,apple_pay,,0
100091,3520,2024-01-10 18:54,returned,paypal,,6.95
100092,2119,2024-01-10 21:13,completed,credit_card,,0
100093,424,2024-01-10 22:58,completed,apple_pay,,0
100094,748,2024-01-11 06:29,completed,credit_card,,0
100095,3452,2024-01-11 06:48,completed,paypal,,0
100096,1891,2024-01-11 07:48,completed,credit_card,,6.95
100097,572,2024-01-11 12:48,completed,credit_card,,6.95
100098,2652,2024-01-11 15:04,canceled,credit_card,,0
100099,1915,2024-01-11 16:16,completed,gift_card,,0
100100,307,2024-01-11 16:42,completed,credit_card,,0
100101,735,2024-01-11 18:56,completed,credit_card,,0
100102,735,2024-01-11 19:12,completed,credit_card,,0
100103,3452,2024-01-11 19:41,completed,paypal,,6.95
100104,3531,2024-01-11 19:56,completed,paypal,,0
100105,898,2024-01-11 21:13,completed,paypal,,0
100106,1454,2024-01-12 07:11,completed,credit_card,,0
100107,1915,2024-01-12 09:58,completed,credit_card,,0
100108,3520,2024-01-12 10:24,completed,paypal,,0
100109,2412,2024-01-12 10:54,completed,apple_pay,,0
100110,1046,2024-01-12 13:12,completed,credit_card,,0
100111,18,2024-01-12 16:10,completed,apple_pay,,0
100112,422,2024-01-12 16:15,completed,apple_pay,,0
100113,249,2024-01-12 16:26,completed,paypal,,0
100114,3565,2024-01-12 18:19,completed,paypal,,0
100115,422,2024-01-12 20:43,completed,paypal,,6.95
100116,2652,2024-01-12 23:20,completed,credit_card,,0
100117,3250,2024-01-13 06:39,completed,credit_card,,6.95
100118,2018,2024-01-13 09:36,completed,credit_card,,6.95
100119,745,2024-01-13 10:27,completed,credit_card,,0
100120,307,2024-01-13 18:14,completed,paypal,,0
100121,1530,2024-01-13 18:34,completed,gift_card,,0
100122,1915,2024-01-13 21:36,completed,credit_card,,0
100123,2863,2024-01-14 06:15,completed,credit_card,,0
100124,2577,2024-01-14 10:12,completed,credit_card,,0
100125,506,2024-01-14 11:11,completed,paypal,,0
100126,745,2024-01-14 14:11,completed,credit_card,,6.95
100127,2801,2024-01-14 14:13,completed,credit_card,,0
100128,1179,2024-01-14 14:55,completed,paypal,,6.95
100129,1355,2024-01-14 18:01,completed,apple_pay,,0
100130,3549,2024-01-14 19:13,completed,credit_card,,0
107012,870,2025-08-12 10:39,completed,apple_pay,,0
100131,1355,2024-01-14 19:31,completed,credit_card,,0
100132,2577,2024-01-14 21:30,completed,credit_card,,0
100133,3007,2024-01-14 23:36,completed,credit_card,,0
100134,3520,2024-01-14 23:41,completed,gift_card,,0
100135,1979,2024-01-15 08:47,completed,credit_card,,0
100136,249,2024-01-15 09:49,completed,credit_card,,0
100137,3452,2024-01-15 10:27,completed,credit_card,,0
100138,424,2024-01-15 10:36,completed,credit_card,,0
100139,3260,2024-01-15 11:13,completed,credit_card,,6.95
100140,1969,2024-01-15 16:47,completed,credit_card,,0
100141,399,2024-01-15 17:00,completed,credit_card,,0
100142,3093,2024-01-15 20:40,completed,paypal,,0
100143,1276,2024-01-15 21:02,completed,apple_pay,,0
100144,226,2024-01-15 22:12,completed,gift_card,,6.95
100145,1454,2024-01-16 12:46,completed,apple_pay,,0
100146,163,2024-01-16 17:32,completed,credit_card,,0
100147,2221,2024-01-16 17:52,completed,apple_pay,,0
100148,424,2024-01-16 20:58,completed,credit_card,,0
100149,2221,2024-01-16 23:28,completed,credit_card,,0
100150,1867,2024-01-17 06:32,completed,apple_pay,,0
100151,572,2024-01-17 07:47,completed,credit_card,,0
100152,745,2024-01-17 16:36,completed,apple_pay,,6.95
100153,2221,2024-01-17 18:36,completed,credit_card,,0
100154,1915,2024-01-17 19:52,completed,credit_card,,0
100155,1800,2024-01-17 21:15,completed,apple_pay,,6.95
100156,1915,2024-01-17 22:22,completed,paypal,,0
100157,1355,2024-01-17 23:03,completed,paypal,,0
100158,572,2024-01-17 23:38,completed,credit_card,,0
100159,511,2024-01-18 09:42,completed,apple_pay,,6.95
100160,686,2024-01-18 10:28,completed,apple_pay,,0
100161,1355,2024-01-18 10:50,completed,credit_card,,0
100162,3250,2024-01-18 15:35,completed,credit_card,,0
100163,542,2024-01-18 17:11,canceled,apple_pay,,0
100164,2837,2024-01-18 17:54,completed,credit_card,,0
100165,307,2024-01-18 20:24,completed,credit_card,WELCOME10,0
100166,2409,2024-01-18 21:51,completed,credit_card,,0
100167,1579,2024-01-19 06:21,completed,paypal,,0
100168,904,2024-01-19 06:50,completed,credit_card,,0
100169,3531,2024-01-19 18:34,completed,credit_card,,6.95
100170,1454,2024-01-19 18:38,completed,credit_card,,0
100171,3501,2024-01-19 21:53,completed,credit_card,,6.95
100172,1292,2024-01-19 22:45,completed,credit_card,,0
100173,1709,2024-01-20 09:17,completed,apple_pay,,0
100174,445,2024-01-20 14:48,completed,credit_card,,0
100175,2577,2024-01-20 19:23,completed,apple_pay,,6.95
100176,550,2024-01-20 20:02,completed,credit_card,,6.95
100177,445,2024-01-20 20:38,completed,credit_card,,0
100178,1915,2024-01-20 21:57,completed,credit_card,,0
100179,1876,2024-01-20 23:45,completed,apple_pay,,6.95
100180,2007,2024-01-21 06:55,completed,credit_card,,0
100181,1110,2024-01-21 09:58,completed,paypal,,0
100182,226,2024-01-21 14:27,completed,credit_card,WELCOME10,6.95
100183,572,2024-01-21 15:34,completed,credit_card,,6.95
100184,3531,2024-01-21 17:02,completed,apple_pay,,0
100185,735,2024-01-21 17:45,canceled,apple_pay,,0
100186,2337,2024-01-21 17:57,completed,paypal,,6.95
100187,550,2024-01-21 18:19,completed,gift_card,,0
100188,89,2024-01-21 20:14,returned,paypal,,0
100189,1077,2024-01-21 21:17,completed,credit_card,,0
100190,3114,2024-01-21 23:19,completed,credit_card,,0
100191,1579,2024-01-22 06:58,completed,credit_card,,0
100192,2778,2024-01-22 07:31,returned,gift_card,,0
100193,1077,2024-01-22 09:00,completed,credit_card,,0
100194,1656,2024-01-22 09:59,completed,credit_card,,0
100195,3452,2024-01-22 10:28,completed,paypal,,0
100196,1579,2024-01-22 13:45,completed,paypal,,0
100197,725,2024-01-22 15:46,completed,apple_pay,,0
100198,2879,2024-01-22 19:16,completed,paypal,,0
100199,602,2024-01-22 19:36,completed,paypal,,0
100200,2577,2024-01-23 07:19,completed,credit_card,,0
100201,1355,2024-01-23 09:08,completed,paypal,,6.95
100202,735,2024-01-23 10:40,completed,paypal,,6.95
100203,1330,2024-01-23 12:11,completed,credit_card,,0
100204,2778,2024-01-23 18:15,completed,credit_card,,6.95
100205,735,2024-01-23 19:56,completed,credit_card,WELCOME10,6.95
100206,2995,2024-01-23 20:40,completed,credit_card,,0
100207,3460,2024-01-23 22:04,completed,apple_pay,,0
100208,2772,2024-01-23 22:30,canceled,credit_card,,0
100209,2221,2024-01-23 23:25,completed,credit_card,,0
100210,2577,2024-01-24 11:11,completed,credit_card,,6.95
100211,2221,2024-01-24 11:51,completed,credit_card,,6.95
100212,1432,2024-01-24 13:07,completed,credit_card,,0
100213,2221,2024-01-24 14:20,completed,credit_card,,0
100214,2412,2024-01-24 15:04,completed,credit_card,,0
100215,2211,2024-01-24 16:13,completed,gift_card,,0
100216,3452,2024-01-24 17:40,completed,credit_card,,6.95
100217,399,2024-01-24 18:07,completed,credit_card,,0
100218,2801,2024-01-24 18:20,completed,credit_card,,0
100219,724,2024-01-24 19:35,completed,apple_pay,,0
100220,464,2024-01-24 19:45,completed,paypal,,6.95
100221,3332,2024-01-24 21:15,completed,credit_card,,6.95
100222,3007,2024-01-24 21:45,completed,credit_card,,0
100223,1709,2024-01-25 06:01,completed,credit_card,,0
100224,748,2024-01-25 07:01,completed,paypal,,6.95
100225,1113,2024-01-25 08:21,completed,credit_card,,6.95
100226,840,2024-01-25 08:27,completed,credit_card,,6.95
100227,1375,2024-01-25 09:53,returned,credit_card,,0
100228,287,2024-01-25 10:13,completed,paypal,,0
100229,3571,2024-01-25 15:39,completed,credit_card,,0
100230,394,2024-01-25 16:56,completed,credit_card,,0
100231,2412,2024-01-25 22:36,canceled,credit_card,WELCOME10,6.95
100232,572,2024-01-25 23:30,completed,apple_pay,,0
100233,1579,2024-01-26 08:32,completed,paypal,,6.95
100234,3250,2024-01-26 08:54,completed,credit_card,,0
100235,1110,2024-01-26 09:01,completed,apple_pay,,0
100236,604,2024-01-26 09:05,completed,credit_card,,0
100237,1179,2024-01-26 13:19,completed,paypal,,6.95
100238,249,2024-01-26 14:29,completed,paypal,,0
100239,1951,2024-01-26 14:50,completed,credit_card,,0
100240,3531,2024-01-26 16:09,completed,credit_card,,0
100241,1936,2024-01-26 17:57,completed,gift_card,,6.95
100242,987,2024-01-26 18:31,completed,credit_card,,0
100243,1053,2024-01-27 08:46,completed,credit_card,,0
100244,3531,2024-01-27 09:13,completed,paypal,,0
100245,1579,2024-01-27 09:48,completed,apple_pay,,0
100246,3531,2024-01-27 11:26,completed,apple_pay,,0
100247,2192,2024-01-27 13:28,completed,apple_pay,,6.95
100248,686,2024-01-27 17:01,completed,paypal,,0
100249,797,2024-01-27 17:43,completed,credit_card,,0
100250,1113,2024-01-27 18:54,canceled,paypal,,0
100251,3320,2024-01-27 19:48,completed,credit_card,,6.95
100252,1351,2024-01-28 08:20,completed,credit_card,,0
100253,1936,2024-01-28 10:32,completed,paypal,,0
100254,3093,2024-01-28 11:53,completed,credit_card,,0
100255,92,2024-01-28 16:08,canceled,credit_card,,0
100256,1579,2024-01-28 16:36,completed,credit_card,,0
100257,2313,2024-01-28 17:31,canceled,paypal,,0
100258,307,2024-01-28 19:11,completed,paypal,,0
100259,1891,2024-01-28 22:29,completed,credit_card,,0
100260,738,2024-01-28 23:07,completed,credit_card,,0
100261,604,2024-01-29 06:31,completed,gift_card,,0
100262,343,2024-01-29 10:18,completed,credit_card,,0
100263,604,2024-01-29 13:20,completed,paypal,,0
100264,2995,2024-01-29 18:09,completed,credit_card,,0
100265,602,2024-01-29 18:57,completed,credit_card,,6.95
100266,1756,2024-01-29 19:26,completed,credit_card,,0
100267,1752,2024-01-29 21:12,completed,credit_card,,0
100268,1355,2024-01-29 23:35,completed,paypal,,0
100269,2221,2024-01-30 08:12,completed,gift_card,,0
100270,3571,2024-01-30 14:31,completed,paypal,,6.95
100271,2652,2024-01-30 19:30,completed,paypal,,0
100272,3531,2024-01-30 20:23,completed,credit_card,WELCOME10,6.95
100273,1375,2024-01-30 21:52,completed,gift_card,,0
100274,904,2024-01-30 21:53,completed,credit_card,,6.95
100275,424,2024-01-30 22:27,completed,credit_card,,0
100276,1209,2024-01-31 10:54,returned,credit_card,,6.95
100277,1454,2024-01-31 11:49,completed,paypal,,0
100278,1915,2024-01-31 12:49,completed,apple_pay,,6.95
100279,3233,2024-01-31 12:50,completed,paypal,,0
100280,2221,2024-01-31 14:03,completed,paypal,,0
100281,2211,2024-01-31 15:52,completed,credit_card,,6.95
100282,510,2024-01-31 16:30,completed,paypal,,0
100283,1936,2024-01-31 17:34,completed,credit_card,,0
100284,1010,2024-01-31 17:54,completed,paypal,,6.95
100285,2577,2024-01-31 19:17,completed,apple_pay,,0
100286,1303,2024-01-31 19:51,completed,credit_card,,0
100287,2192,2024-01-31 21:23,completed,gift_card,,0
100288,1351,2024-02-01 06:33,completed,apple_pay,,0
100289,3057,2024-02-01 06:50,completed,credit_card,,0
100290,3531,2024-02-01 15:55,completed,credit_card,,0
100291,1330,2024-02-01 17:42,completed,credit_card,,0
100292,3044,2024-02-01 18:09,returned,paypal,,6.95
100293,735,2024-02-01 19:29,completed,credit_card,,0
100294,2669,2024-02-01 21:12,completed,credit_card,,0
100295,1084,2024-02-01 21:33,completed,apple_pay,,6.95
100296,1113,2024-02-02 08:06,completed,credit_card,,6.95
100297,1752,2024-02-02 11:46,completed,paypal,,0
100298,2652,2024-02-02 15:10,completed,paypal,,6.95
100299,745,2024-02-02 19:02,completed,credit_card,,6.95
100300,830,2024-02-02 19:04,completed,apple_pay,WELCOME10,6.95
100301,1876,2024-02-02 23:01,completed,paypal,,0
100302,2995,2024-02-03 07:52,completed,paypal,,6.95
100303,853,2024-02-03 08:33,completed,apple_pay,,0
100304,2801,2024-02-03 10:00,completed,credit_card,,0
100305,66,2024-02-03 10:06,completed,paypal,,0
100306,1454,2024-02-03 10:47,completed,gift_card,,6.95
100307,48,2024-02-03 11:27,completed,apple_pay,,0
100308,3531,2024-02-03 12:49,completed,credit_card,,0
100309,48,2024-02-03 14:46,completed,credit_card,,6.95
106199,3072,2025-06-09 23:50,completed,credit_card,,6.95
100310,1994,2024-02-03 18:37,completed,paypal,,0
100311,572,2024-02-03 19:22,completed,credit_card,,0
100312,1046,2024-02-03 19:44,completed,paypal,,0
100313,445,2024-02-03 20:12,completed,apple_pay,,0
100314,1656,2024-02-03 20:33,completed,credit_card,,0
100315,745,2024-02-03 22:01,completed,credit_card,,0
100316,2165,2024-02-04 07:02,completed,credit_card,,0
100317,1891,2024-02-04 07:15,completed,paypal,,0
100318,3250,2024-02-04 13:01,completed,gift_card,,6.95
100319,3320,2024-02-04 14:00,returned,credit_card,,0
100320,2863,2024-02-04 15:30,completed,credit_card,,6.95
100321,1915,2024-02-04 15:49,completed,credit_card,,0
100322,1276,2024-02-04 16:32,completed,credit_card,,6.95
100323,2192,2024-02-04 21:35,completed,apple_pay,,0
100324,1047,2024-02-04 23:28,completed,credit_card,WELCOME10,0
100325,1752,2024-02-05 07:48,completed,apple_pay,,6.95
100326,3250,2024-02-05 08:55,completed,apple_pay,,6.95
100327,249,2024-02-05 09:27,completed,credit_card,WELCOME10,0
100328,1292,2024-02-05 11:07,canceled,paypal,,0
100329,572,2024-02-05 13:58,completed,credit_card,,6.95
100330,3009,2024-02-05 17:39,completed,gift_card,,6.95
100331,1192,2024-02-05 18:53,completed,paypal,,0
100332,885,2024-02-05 19:05,completed,apple_pay,,0
100333,3531,2024-02-05 19:06,completed,apple_pay,,0
100334,3565,2024-02-05 19:54,completed,credit_card,,0
100335,1915,2024-02-06 10:09,completed,paypal,,0
100336,853,2024-02-06 11:01,completed,apple_pay,WELCOME10,0
100337,3571,2024-02-06 13:52,completed,paypal,,0
100338,840,2024-02-06 16:56,completed,paypal,,0
100339,2577,2024-02-06 17:25,completed,credit_card,,0
100340,3007,2024-02-06 17:47,completed,paypal,,0
100341,38,2024-02-06 20:19,completed,credit_card,,0
100342,3260,2024-02-06 21:11,completed,credit_card,,0
100343,3277,2024-02-06 21:30,completed,credit_card,,0
100344,1945,2024-02-06 21:36,completed,apple_pay,,0
100345,3565,2024-02-06 23:00,completed,gift_card,,0
100346,2718,2024-02-07 06:54,completed,credit_card,,0
100347,3531,2024-02-07 09:33,completed,paypal,WELCOME10,0
100348,3114,2024-02-07 09:47,completed,paypal,,0
100349,572,2024-02-07 12:49,completed,paypal,,0
100350,2652,2024-02-07 14:23,completed,credit_card,,0
100351,550,2024-02-07 15:52,completed,credit_card,,0
100352,3531,2024-02-07 16:44,completed,credit_card,,0
100353,2007,2024-02-07 17:44,completed,apple_pay,,0
100354,1454,2024-02-07 20:33,completed,paypal,WELCOME10,0
100355,604,2024-02-07 23:03,completed,credit_card,,0
100356,2439,2024-02-07 23:48,completed,apple_pay,,0
100357,3007,2024-02-08 07:11,completed,credit_card,,0
100358,885,2024-02-08 08:40,completed,credit_card,,0
100359,396,2024-02-08 11:55,completed,paypal,,0
100360,1113,2024-02-08 13:25,completed,credit_card,,6.95
100361,48,2024-02-08 15:58,completed,credit_card,,0
100362,1891,2024-02-08 17:50,completed,paypal,,0
100363,2908,2024-02-08 18:59,completed,apple_pay,,0
100364,840,2024-02-08 22:58,completed,credit_card,,0
100365,3260,2024-02-08 23:04,completed,apple_pay,,0
100366,2577,2024-02-09 08:10,completed,apple_pay,,0
100367,853,2024-02-09 11:17,completed,paypal,,0
100368,2439,2024-02-09 14:10,completed,credit_card,,0
100369,904,2024-02-09 14:42,completed,credit_card,,0
100370,731,2024-02-09 15:14,completed,credit_card,,0
100371,3531,2024-02-09 16:51,completed,credit_card,,0
100372,1355,2024-02-09 20:52,completed,credit_card,,0
100373,748,2024-02-10 06:31,completed,apple_pay,,0
100374,399,2024-02-10 08:43,completed,credit_card,,0
100375,738,2024-02-10 10:03,completed,credit_card,,0
100376,2439,2024-02-10 11:41,completed,credit_card,,0
100377,1179,2024-02-10 14:54,completed,paypal,,0
100378,2412,2024-02-10 17:30,completed,apple_pay,,0
100379,249,2024-02-10 17:51,completed,credit_card,,0
100380,2778,2024-02-10 18:38,completed,credit_card,,0
100381,1209,2024-02-10 18:39,completed,credit_card,,6.95
100382,3114,2024-02-11 06:11,completed,paypal,,6.95
100383,48,2024-02-11 06:22,completed,paypal,,0
100384,2221,2024-02-11 06:54,completed,credit_card,,0
100385,904,2024-02-11 07:58,completed,credit_card,,6.95
100386,2412,2024-02-11 08:17,completed,apple_pay,,6.95
100387,3452,2024-02-11 09:48,completed,gift_card,,6.95
100388,904,2024-02-11 13:08,canceled,credit_card,,0
100389,1876,2024-02-11 16:03,completed,credit_card,,0
100390,57,2024-02-11 18:31,completed,credit_card,,0
100391,1077,2024-02-11 20:22,completed,apple_pay,,0
100392,735,2024-02-11 20:43,completed,credit_card,,0
100393,1826,2024-02-11 20:50,completed,credit_card,,0
100394,2995,2024-02-11 21:34,completed,paypal,WELCOME10,0
100395,2007,2024-02-11 23:45,completed,apple_pay,,0
100396,1915,2024-02-12 07:12,completed,apple_pay,,0
100397,445,2024-02-12 08:25,completed,credit_card,,0
100398,3260,2024-02-12 12:10,completed,paypal,,0
100399,1891,2024-02-12 12:17,completed,credit_card,,0
100400,3531,2024-02-12 12:52,completed,paypal,,0
100401,18,2024-02-12 14:23,completed,apple_pay,,0
100402,550,2024-02-12 15:15,completed,apple_pay,,0
100403,2837,2024-02-12 15:44,completed,credit_card,,6.95
100404,2211,2024-02-12 16:17,canceled,apple_pay,,6.95
100405,3549,2024-02-12 16:32,returned,credit_card,,0
100406,424,2024-02-12 18:26,completed,credit_card,WELCOME10,6.95
100407,2751,2024-02-12 19:56,completed,paypal,,0
100408,2221,2024-02-12 22:28,completed,paypal,,0
100409,1579,2024-02-12 23:03,completed,credit_card,,0
100410,2995,2024-02-13 07:34,completed,credit_card,,0
100411,2313,2024-02-13 07:47,completed,credit_card,,0
100412,738,2024-02-13 15:12,completed,paypal,,0
100413,898,2024-02-13 17:03,completed,paypal,,0
100414,920,2024-02-13 17:38,completed,apple_pay,,0
100415,735,2024-02-13 17:42,completed,apple_pay,,0
100416,3231,2024-02-13 18:18,completed,credit_card,,0
100417,2718,2024-02-13 20:56,completed,paypal,,6.95
100418,3233,2024-02-13 23:27,completed,credit_card,,0
100419,506,2024-02-14 07:04,completed,apple_pay,,6.95
100420,2652,2024-02-14 07:05,completed,credit_card,,0
100421,602,2024-02-14 07:25,completed,credit_card,,0
100422,1209,2024-02-14 09:03,completed,credit_card,,6.95
100423,1709,2024-02-14 10:22,completed,paypal,,6.95
100424,550,2024-02-14 11:49,completed,apple_pay,,6.95
100425,2439,2024-02-14 13:36,completed,paypal,,0
100426,2150,2024-02-14 14:00,completed,paypal,,0
100427,343,2024-02-14 14:44,completed,apple_pay,,0
100428,1355,2024-02-14 15:36,completed,paypal,,0
100429,1579,2024-02-14 19:05,completed,credit_card,,0
100430,830,2024-02-14 20:19,completed,paypal,,0
100431,2465,2024-02-14 23:23,completed,credit_card,,0
100432,307,2024-02-15 09:19,completed,credit_card,,0
100433,2995,2024-02-15 10:09,completed,apple_pay,,0
100434,3114,2024-02-15 13:28,completed,credit_card,,0
100435,2396,2024-02-15 14:35,completed,apple_pay,,0
100436,830,2024-02-16 06:43,completed,credit_card,,0
100437,1454,2024-02-16 08:42,completed,credit_card,,0
100438,2778,2024-02-16 10:07,completed,paypal,,0
100439,3495,2024-02-16 10:35,canceled,credit_card,,0
100440,735,2024-02-16 11:24,completed,credit_card,,0
100441,686,2024-02-16 12:41,canceled,credit_card,,6.95
100442,2517,2024-02-16 18:16,completed,paypal,,0
100443,1148,2024-02-16 19:02,completed,credit_card,,0
100444,2221,2024-02-16 19:21,completed,credit_card,,0
100445,2412,2024-02-16 20:55,completed,credit_card,,6.95
100446,3033,2024-02-16 21:25,completed,credit_card,WELCOME10,0
100447,1077,2024-02-16 22:25,completed,gift_card,,0
100448,1077,2024-02-16 22:27,completed,apple_pay,,0
100449,1876,2024-02-16 23:08,completed,credit_card,,0
100450,3057,2024-02-16 23:09,completed,gift_card,,0
100451,3501,2024-02-17 07:14,completed,credit_card,,0
100452,1375,2024-02-17 10:48,completed,credit_card,,0
100453,1192,2024-02-17 11:17,completed,paypal,,0
100454,48,2024-02-17 11:59,completed,credit_card,,0
100455,738,2024-02-17 12:14,completed,credit_card,,0
100456,3520,2024-02-17 12:26,completed,paypal,,0
100457,2728,2024-02-17 13:56,completed,paypal,,0
100458,3381,2024-02-17 14:14,completed,credit_card,,0
100459,396,2024-02-17 15:15,completed,credit_card,,0
100460,1091,2024-02-17 17:47,completed,credit_card,WELCOME10,0
100461,830,2024-02-17 18:53,completed,credit_card,,0
100462,66,2024-02-17 20:03,completed,apple_pay,,0
100463,445,2024-02-17 22:29,completed,credit_card,WELCOME10,0
100464,48,2024-02-18 08:41,completed,credit_card,,6.95
100465,1756,2024-02-18 09:27,completed,credit_card,,6.95
100466,445,2024-02-18 10:28,completed,credit_card,,0
100467,1876,2024-02-18 12:45,completed,apple_pay,WELCOME10,6.95
100468,2904,2024-02-18 17:21,completed,credit_card,,0
100469,1876,2024-02-18 17:36,completed,paypal,,0
100470,2629,2024-02-18 19:13,completed,credit_card,,0
100471,1209,2024-02-18 19:55,completed,apple_pay,,0
100472,511,2024-02-18 20:11,completed,paypal,,0
100473,1929,2024-02-18 22:53,completed,credit_card,,0
100474,1876,2024-02-19 06:59,completed,credit_card,,0
100475,343,2024-02-19 11:31,completed,credit_card,,0
100476,3452,2024-02-19 11:52,completed,credit_card,,0
100477,3454,2024-02-19 13:03,completed,credit_card,,0
104695,443,2025-02-14 11:56,completed,credit_card,,0
100478,1891,2024-02-19 15:40,completed,credit_card,,0
100479,1209,2024-02-19 16:41,completed,credit_card,,0
100480,572,2024-02-19 19:49,completed,paypal,,0
100481,307,2024-02-19 21:16,completed,apple_pay,,0
100482,3260,2024-02-20 07:44,completed,credit_card,,0
100483,1929,2024-02-20 08:03,completed,paypal,,0
100484,1110,2024-02-20 08:28,completed,credit_card,,0
100485,1951,2024-02-20 09:09,completed,credit_card,,0
100486,2801,2024-02-20 11:42,completed,paypal,,0
100487,1490,2024-02-20 14:43,completed,credit_card,,0
100488,2995,2024-02-20 15:18,completed,gift_card,,0
100489,1432,2024-02-20 20:51,completed,apple_pay,,6.95
100490,2577,2024-02-21 06:21,completed,paypal,,0
100491,731,2024-02-21 06:50,completed,paypal,,0
100492,2812,2024-02-21 09:40,completed,paypal,,0
100493,735,2024-02-21 13:04,completed,credit_card,,0
100494,2439,2024-02-21 13:20,completed,credit_card,,0
100495,48,2024-02-21 17:48,completed,apple_pay,,0
100496,2164,2024-02-21 18:28,completed,credit_card,,0
100497,2995,2024-02-21 18:41,completed,credit_card,,0
100498,360,2024-02-21 20:25,completed,paypal,,0
100499,738,2024-02-21 20:57,completed,apple_pay,WELCOME10,0
100500,2652,2024-02-21 22:11,canceled,apple_pay,,0
100501,89,2024-02-21 22:58,completed,credit_card,,6.95
100502,3452,2024-02-22 09:14,completed,apple_pay,,6.95
100503,930,2024-02-22 10:15,completed,credit_card,,0
100504,2718,2024-02-22 10:30,completed,paypal,,0
100505,2203,2024-02-22 11:19,completed,paypal,,0
100506,48,2024-02-22 13:03,completed,apple_pay,,6.95
100507,399,2024-02-22 13:19,completed,apple_pay,,0
100508,422,2024-02-22 14:51,completed,paypal,,0
100509,2300,2024-02-22 15:36,completed,credit_card,,0
100510,2465,2024-02-22 16:03,completed,credit_card,,0
100511,283,2024-02-22 18:29,completed,apple_pay,,0
100512,1276,2024-02-22 18:31,completed,credit_card,,0
100513,1891,2024-02-22 19:03,completed,paypal,,0
100514,3505,2024-02-22 22:15,completed,credit_card,,6.95
100515,89,2024-02-23 06:32,completed,credit_card,,0
100516,1867,2024-02-23 08:44,completed,credit_card,,0
100517,572,2024-02-23 09:30,completed,gift_card,WELCOME10,0
100518,738,2024-02-23 10:42,completed,apple_pay,,6.95
100519,735,2024-02-23 13:29,completed,credit_card,,0
100520,3114,2024-02-23 23:38,completed,credit_card,,0
100521,1375,2024-02-24 07:48,completed,credit_card,,6.95
100522,572,2024-02-24 08:15,completed,paypal,,0
100523,2728,2024-02-24 09:13,canceled,apple_pay,,0
100524,1355,2024-02-24 09:44,completed,credit_card,,0
100525,1752,2024-02-24 10:41,returned,credit_card,,0
100526,1355,2024-02-24 10:43,completed,paypal,,0
100527,2211,2024-02-24 12:00,canceled,paypal,,6.95
100528,226,2024-02-24 13:44,completed,gift_card,,0
100529,2115,2024-02-24 19:25,completed,credit_card,,0
100530,506,2024-02-24 20:19,completed,credit_card,,6.95
100531,1876,2024-02-24 20:52,completed,paypal,,6.95
100532,1454,2024-02-25 07:32,completed,credit_card,,0
100533,572,2024-02-25 08:07,completed,credit_card,,0
100534,2222,2024-02-25 08:10,completed,credit_card,,0
100535,1783,2024-02-25 09:35,completed,apple_pay,,6.95
100536,3260,2024-02-25 14:14,completed,credit_card,,6.95
100537,550,2024-02-25 14:28,completed,credit_card,,0
100538,1929,2024-02-25 14:35,completed,apple_pay,,0
100539,1454,2024-02-25 16:14,completed,gift_card,,0
100540,3260,2024-02-25 16:57,completed,paypal,,6.95
100541,2801,2024-02-25 18:10,completed,credit_card,,0
100542,1752,2024-02-25 22:30,completed,apple_pay,,0
100543,572,2024-02-25 22:52,completed,credit_card,,6.95
100544,853,2024-02-26 10:07,completed,credit_card,,0
100545,2244,2024-02-26 10:33,completed,credit_card,,0
100546,18,2024-02-26 13:16,completed,credit_card,,0
100547,2501,2024-02-26 14:09,completed,gift_card,,0
100548,2018,2024-02-26 14:49,completed,gift_card,,0
100549,2409,2024-02-26 15:09,completed,credit_card,,0
100550,1355,2024-02-26 16:10,completed,paypal,,0
100551,1530,2024-02-26 17:03,completed,paypal,,6.95
100552,1583,2024-02-26 17:43,completed,apple_pay,,0
100553,309,2024-02-26 20:02,canceled,credit_card,,0
100554,731,2024-02-26 20:59,completed,credit_card,,0
100555,401,2024-02-26 21:48,completed,gift_card,,0
100556,1979,2024-02-26 23:10,completed,credit_card,,0
100557,18,2024-02-26 23:45,completed,credit_card,,6.95
100558,2918,2024-02-27 09:37,completed,credit_card,,6.95
100559,1994,2024-02-27 12:21,completed,apple_pay,,0
100560,3320,2024-02-27 14:50,completed,apple_pay,,0
100561,1969,2024-02-27 15:29,completed,credit_card,,0
100562,1709,2024-02-27 19:35,completed,credit_card,,6.95
100563,38,2024-02-27 21:53,completed,credit_card,,0
100564,1929,2024-02-28 06:00,returned,apple_pay,,6.95
100565,1454,2024-02-28 07:32,returned,credit_card,,0
100566,526,2024-02-28 07:44,completed,apple_pay,,6.95
100567,2244,2024-02-28 08:25,completed,credit_card,,0
100568,2871,2024-02-28 10:24,completed,apple_pay,,6.95
100569,3565,2024-02-28 15:42,completed,credit_card,,0
100570,3231,2024-02-28 16:44,completed,paypal,,0
100571,2728,2024-02-28 17:31,completed,paypal,,0
100572,2669,2024-02-28 20:32,completed,apple_pay,,0
100573,1355,2024-02-28 21:06,completed,paypal,,6.95
100574,307,2024-02-28 21:21,completed,credit_card,,6.95
100575,2196,2024-02-28 23:29,completed,credit_card,,0
100576,1292,2024-02-29 07:42,completed,credit_card,,0
100577,2300,2024-02-29 09:58,completed,credit_card,,0
100578,1355,2024-02-29 12:17,completed,credit_card,,0
100579,1891,2024-02-29 15:25,completed,credit_card,,6.95
100580,3069,2024-02-29 21:43,completed,paypal,,0
100581,1209,2024-03-01 07:39,returned,credit_card,WELCOME10,6.95
100582,1091,2024-03-01 12:36,completed,paypal,,0
100583,2501,2024-03-01 18:24,completed,credit_card,,0
100584,526,2024-03-01 18:33,completed,credit_card,,0
100585,3537,2024-03-01 21:20,completed,paypal,,0
100586,2517,2024-03-01 21:44,completed,apple_pay,,6.95
100587,1209,2024-03-02 10:09,completed,paypal,,0
100588,2189,2024-03-02 10:52,completed,apple_pay,WELCOME10,0
100589,2221,2024-03-02 10:58,completed,paypal,,0
100590,3250,2024-03-02 11:46,completed,credit_card,,6.95
100591,445,2024-03-02 13:36,completed,credit_card,,0
100592,3233,2024-03-02 13:49,completed,credit_card,,0
100593,2728,2024-03-02 18:59,completed,credit_card,,0
100594,1329,2024-03-02 19:18,completed,credit_card,WELCOME10,0
100595,2196,2024-03-02 19:31,completed,credit_card,,0
100596,1225,2024-03-02 20:38,completed,credit_card,,0
100597,3284,2024-03-02 21:18,completed,credit_card,,0
100598,424,2024-03-02 23:40,completed,credit_card,,0
100599,2115,2024-03-03 08:28,completed,apple_pay,,0
100600,1867,2024-03-03 08:32,completed,paypal,,0
100601,401,2024-03-03 09:22,returned,apple_pay,,0
100602,1870,2024-03-03 10:11,completed,paypal,,0
100603,66,2024-03-03 10:19,completed,credit_card,WELCOME10,0
100604,307,2024-03-03 10:42,completed,gift_card,,0
100605,612,2024-03-03 12:23,completed,credit_card,,0
100606,399,2024-03-03 12:27,completed,credit_card,SPRING15,0
100607,1523,2024-03-03 13:44,completed,credit_card,,0
100608,2439,2024-03-03 16:39,completed,credit_card,,0
100609,1375,2024-03-03 16:59,completed,credit_card,SPRING15,6.95
100610,3114,2024-03-03 17:31,returned,paypal,,0
100611,1137,2024-03-03 18:04,completed,credit_card,,0
100612,2501,2024-03-03 20:02,completed,credit_card,,0
100613,3114,2024-03-03 20:32,completed,credit_card,,0
100614,1187,2024-03-03 21:16,completed,gift_card,,0
100615,2778,2024-03-03 21:16,completed,apple_pay,SPRING15,0
100616,1876,2024-03-03 21:58,completed,paypal,,0
100617,1786,2024-03-03 23:19,completed,credit_card,,0
100618,1530,2024-03-04 07:35,completed,apple_pay,,0
100619,3233,2024-03-04 08:55,completed,credit_card,,0
100620,2412,2024-03-04 09:43,completed,credit_card,SPRING15,0
100621,1979,2024-03-04 10:33,canceled,apple_pay,,6.95
100622,3260,2024-03-04 12:14,completed,apple_pay,,0
100623,2244,2024-03-04 16:32,completed,gift_card,WELCOME10,0
100624,898,2024-03-04 18:33,completed,paypal,,0
100625,1870,2024-03-04 21:57,completed,credit_card,,0
100626,1137,2024-03-05 07:05,completed,credit_card,,0
100627,1077,2024-03-05 07:32,completed,gift_card,WELCOME10,0
100628,885,2024-03-05 07:53,completed,paypal,,6.95
100629,3531,2024-03-05 09:26,completed,credit_card,SPRING15,0
100630,1209,2024-03-05 12:37,completed,paypal,,6.95
100631,2577,2024-03-05 14:29,completed,credit_card,SPRING15,0
100632,2164,2024-03-05 16:09,completed,credit_card,,0
100633,2039,2024-03-05 16:25,canceled,credit_card,,0
100634,2039,2024-03-05 16:44,completed,apple_pay,,0
100635,3531,2024-03-05 17:12,completed,gift_card,,0
100636,1891,2024-03-05 17:16,completed,credit_card,,0
100637,2577,2024-03-05 17:52,completed,credit_card,,0
100638,126,2024-03-05 17:56,completed,gift_card,SPRING15,0
100639,424,2024-03-05 18:11,completed,credit_card,,0
100640,2918,2024-03-05 19:53,completed,credit_card,,6.95
100641,1786,2024-03-05 20:49,completed,credit_card,,6.95
100642,247,2024-03-06 06:19,completed,apple_pay,,0
100643,3531,2024-03-06 06:32,completed,apple_pay,,0
100644,604,2024-03-06 10:50,completed,credit_card,,0
100645,1209,2024-03-06 14:29,completed,credit_card,,0
100646,2577,2024-03-06 15:44,completed,credit_card,,6.95
100647,1876,2024-03-06 17:19,completed,credit_card,,0
100648,1915,2024-03-06 18:07,completed,apple_pay,,0
100649,612,2024-03-06 18:11,completed,paypal,,6.95
100650,2222,2024-03-06 19:17,completed,paypal,SPRING15,6.95
100651,1756,2024-03-06 19:38,completed,credit_card,,6.95
100652,572,2024-03-07 06:00,completed,credit_card,SPRING15,0
100653,1080,2024-03-07 11:55,completed,credit_card,,0
100654,612,2024-03-07 11:56,completed,paypal,,0
100655,3250,2024-03-07 12:10,completed,paypal,SPRING15,0
100656,48,2024-03-07 13:14,completed,credit_card,,6.95
100657,930,2024-03-07 16:42,completed,credit_card,,6.95
100658,1929,2024-03-07 17:00,completed,credit_card,SPRING15,0
100659,2127,2024-03-07 18:40,completed,paypal,,0
100660,2863,2024-03-07 19:33,completed,credit_card,,0
100661,48,2024-03-07 20:45,completed,credit_card,SPRING15,6.95
100662,3531,2024-03-07 23:53,completed,credit_card,,0
100663,3531,2024-03-08 07:54,completed,paypal,,0
100664,1355,2024-03-08 11:25,canceled,credit_card,SPRING15,0
100665,3505,2024-03-08 15:18,completed,credit_card,,6.95
100666,3007,2024-03-08 15:21,returned,credit_card,SPRING15,0
100667,3531,2024-03-08 19:50,completed,paypal,,0
100668,2196,2024-03-08 21:09,completed,credit_card,SPRING15,0
100669,3250,2024-03-08 22:39,completed,credit_card,,0
100670,1867,2024-03-09 06:26,completed,credit_card,,0
100671,2127,2024-03-09 07:05,completed,credit_card,SPRING15,0
100672,2412,2024-03-09 08:16,completed,credit_card,,0
100673,1752,2024-03-09 11:35,completed,paypal,,0
100674,2439,2024-03-09 11:51,completed,paypal,,0
100675,2115,2024-03-09 12:18,canceled,credit_card,,0
100676,898,2024-03-09 13:11,completed,paypal,,6.95
100677,163,2024-03-09 15:24,completed,apple_pay,,6.95
100678,656,2024-03-09 15:47,completed,apple_pay,,6.95
100679,92,2024-03-09 23:46,completed,credit_card,,0
100680,3565,2024-03-10 06:07,completed,apple_pay,SPRING15,6.95
100681,2652,2024-03-10 06:20,completed,credit_card,,0
100682,249,2024-03-10 07:46,completed,apple_pay,,0
100683,930,2024-03-10 08:46,completed,paypal,,0
100684,1656,2024-03-10 09:40,completed,credit_card,SPRING15,0
100685,1891,2024-03-10 10:22,completed,credit_card,,6.95
100686,686,2024-03-10 12:05,completed,paypal,SPRING15,6.95
100687,1137,2024-03-10 15:45,completed,credit_card,,6.95
100688,1330,2024-03-10 15:51,completed,apple_pay,,6.95
100689,904,2024-03-10 20:52,completed,credit_card,,0
100690,1432,2024-03-10 22:27,completed,paypal,,0
100691,904,2024-03-11 07:09,completed,credit_card,SPRING15,0
100692,3044,2024-03-11 10:36,completed,credit_card,,0
100693,3277,2024-03-11 13:05,completed,gift_card,,0
100694,2221,2024-03-11 14:53,returned,paypal,,0
100695,283,2024-03-11 18:48,canceled,credit_card,,6.95
100696,309,2024-03-11 21:51,completed,apple_pay,,0
100697,399,2024-03-12 06:01,completed,credit_card,,0
100698,3320,2024-03-12 10:12,completed,credit_card,,0
100699,2127,2024-03-12 14:18,completed,paypal,,0
100700,885,2024-03-12 14:18,completed,paypal,,0
100701,2409,2024-03-12 15:27,completed,credit_card,,0
100702,2127,2024-03-12 17:44,completed,credit_card,,6.95
100703,2863,2024-03-12 20:44,completed,credit_card,,6.95
100704,1137,2024-03-12 22:29,completed,credit_card,,0
100705,2995,2024-03-12 22:39,completed,paypal,,0
100706,1467,2024-03-12 23:17,completed,apple_pay,,0
100707,1951,2024-03-12 23:48,completed,credit_card,,0
100708,2412,2024-03-13 08:48,completed,apple_pay,SPRING15,0
100709,930,2024-03-13 11:56,completed,paypal,,0
100710,526,2024-03-13 13:39,completed,credit_card,,0
100711,3099,2024-03-13 16:46,completed,credit_card,,6.95
100712,2221,2024-03-13 16:58,completed,credit_card,,0
100713,141,2024-03-13 18:17,completed,apple_pay,,6.95
100714,1915,2024-03-13 20:16,completed,apple_pay,,0
100715,735,2024-03-13 21:31,completed,credit_card,,0
100716,612,2024-03-14 07:49,completed,paypal,,0
100717,1530,2024-03-14 08:21,completed,paypal,,0
100718,1907,2024-03-14 08:27,completed,credit_card,,0
100719,399,2024-03-14 09:19,completed,apple_pay,,0
100720,1876,2024-03-14 09:26,returned,credit_card,,0
100721,1876,2024-03-14 10:05,completed,credit_card,WELCOME10,0
100722,1137,2024-03-14 11:01,completed,credit_card,,0
100723,3114,2024-03-14 12:35,completed,gift_card,,0
100724,738,2024-03-14 12:58,completed,apple_pay,,0
100725,3532,2024-03-14 14:20,completed,apple_pay,,6.95
100726,686,2024-03-14 14:39,completed,credit_card,,6.95
100727,3284,2024-03-14 14:40,completed,credit_card,,0
100728,656,2024-03-14 15:58,canceled,paypal,,6.95
100729,3452,2024-03-14 17:46,completed,credit_card,SPRING15,0
100730,1876,2024-03-14 17:47,canceled,paypal,,6.95
100731,1440,2024-03-14 18:23,completed,paypal,,0
100732,1187,2024-03-14 21:42,completed,paypal,,6.95
100733,3531,2024-03-15 08:32,completed,credit_card,,0
100734,1979,2024-03-15 10:44,completed,credit_card,,0
100735,343,2024-03-15 10:59,returned,credit_card,,0
100736,1891,2024-03-15 11:09,completed,credit_card,,0
100737,2465,2024-03-15 11:31,completed,credit_card,,0
100738,3532,2024-03-15 14:31,completed,apple_pay,,0
100739,48,2024-03-15 15:04,completed,apple_pay,WELCOME10,0
100740,2221,2024-03-15 16:12,completed,credit_card,,0
100741,1292,2024-03-15 17:34,completed,credit_card,,6.95
100742,1752,2024-03-16 09:48,completed,paypal,,0
100743,1428,2024-03-16 15:30,completed,credit_card,,0
100744,735,2024-03-16 16:01,completed,apple_pay,,0
100745,57,2024-03-16 16:25,completed,apple_pay,,6.95
100746,3520,2024-03-16 17:50,completed,credit_card,,0
100747,2221,2024-03-16 17:55,completed,credit_card,WELCOME10,0
100748,3531,2024-03-16 20:30,completed,credit_card,WELCOME10,0
100749,343,2024-03-17 06:32,completed,paypal,,0
100750,107,2024-03-17 09:17,completed,credit_card,,0
100751,898,2024-03-17 10:16,completed,credit_card,,0
100752,1139,2024-03-17 11:36,completed,credit_card,,0
100753,3231,2024-03-17 11:44,completed,apple_pay,,6.95
100754,2007,2024-03-17 12:21,completed,credit_card,SPRING15,0
100755,1867,2024-03-17 13:27,completed,paypal,,6.95
100756,1583,2024-03-17 18:00,completed,apple_pay,,0
100757,2577,2024-03-17 18:12,completed,credit_card,,0
100758,115,2024-03-17 21:34,completed,credit_card,,0
100759,1047,2024-03-17 23:08,completed,apple_pay,,6.95
100760,1139,2024-03-18 06:27,completed,credit_card,,0
100761,2652,2024-03-18 08:27,completed,paypal,,6.95
100762,610,2024-03-18 10:59,completed,paypal,,0
100763,2235,2024-03-18 12:39,completed,credit_card,,0
100764,3559,2024-03-18 14:56,completed,paypal,,0
100765,343,2024-03-18 17:48,canceled,credit_card,,0
100766,114,2024-03-18 18:24,completed,paypal,,0
100767,3144,2024-03-18 21:00,completed,paypal,,0
100768,3198,2024-03-19 07:39,completed,credit_card,SPRING15,0
100769,3198,2024-03-19 08:06,completed,paypal,,0
100770,509,2024-03-19 09:27,completed,apple_pay,SPRING15,0
100771,3452,2024-03-19 11:25,returned,gift_card,,0
100772,735,2024-03-19 15:10,completed,credit_card,,0
100773,885,2024-03-19 16:34,completed,apple_pay,,0
100774,163,2024-03-19 16:54,completed,gift_card,,0
100775,3517,2024-03-19 20:48,completed,credit_card,,0
100776,2608,2024-03-19 22:21,completed,credit_card,,0
100777,1756,2024-03-19 22:48,completed,credit_card,,0
100778,2995,2024-03-20 10:41,completed,apple_pay,,0
100779,1209,2024-03-20 11:07,completed,gift_card,,0
100780,2439,2024-03-20 12:33,completed,paypal,,0
100781,2189,2024-03-20 14:13,completed,paypal,WELCOME10,0
100782,115,2024-03-20 14:23,completed,paypal,,0
100783,3531,2024-03-20 15:57,completed,gift_card,,0
100784,572,2024-03-20 16:04,completed,credit_card,,0
100785,1979,2024-03-20 16:39,completed,credit_card,,6.95
100786,1209,2024-03-20 17:35,completed,credit_card,,0
100787,724,2024-03-20 17:49,completed,credit_card,,0
100788,2476,2024-03-20 18:46,completed,paypal,SPRING15,0
100789,1058,2024-03-20 20:06,completed,apple_pay,,6.95
100790,724,2024-03-20 22:07,completed,credit_card,,0
100791,1428,2024-03-20 22:14,completed,credit_card,,0
100792,1209,2024-03-20 22:45,completed,credit_card,,0
100793,48,2024-03-21 06:25,canceled,credit_card,,0
100794,2221,2024-03-21 09:42,canceled,credit_card,,0
100795,394,2024-03-21 12:33,completed,credit_card,,0
100796,2500,2024-03-21 13:51,completed,credit_card,,0
100797,540,2024-03-21 16:23,completed,credit_card,,0
100798,3532,2024-03-21 16:29,completed,credit_card,SPRING15,0
100799,2837,2024-03-21 18:07,completed,credit_card,SPRING15,0
100800,445,2024-03-21 21:00,completed,gift_card,,6.95
100801,1891,2024-03-21 21:23,completed,apple_pay,SPRING15,6.95
100802,283,2024-03-21 21:52,completed,credit_card,SPRING15,0
100803,3454,2024-03-22 08:33,completed,credit_card,,0
100804,1486,2024-03-22 09:54,completed,credit_card,,0
100805,343,2024-03-22 10:13,completed,gift_card,,0
100806,738,2024-03-22 10:14,completed,credit_card,,0
100807,1876,2024-03-22 10:58,completed,paypal,,0
100808,3152,2024-03-22 12:02,completed,apple_pay,SPRING15,6.95
100809,2072,2024-03-22 13:58,completed,credit_card,SPRING15,0
100810,2127,2024-03-23 06:56,completed,credit_card,,6.95
100811,1951,2024-03-23 06:56,completed,credit_card,,0
100812,1047,2024-03-23 07:04,completed,credit_card,,0
100813,115,2024-03-23 10:02,completed,credit_card,SPRING15,0
100814,3114,2024-03-23 10:57,completed,paypal,,0
100815,3250,2024-03-23 11:29,completed,credit_card,,0
100816,3338,2024-03-23 12:58,completed,paypal,,0
100817,2127,2024-03-23 14:00,completed,credit_card,,6.95
100818,2115,2024-03-23 19:58,completed,credit_card,,0
100819,3549,2024-03-23 20:04,completed,apple_pay,WELCOME10,0
100820,1440,2024-03-23 21:28,completed,paypal,,0
100821,904,2024-03-23 23:07,completed,paypal,,0
100822,2196,2024-03-24 12:00,completed,credit_card,,0
100823,3250,2024-03-24 14:41,completed,credit_card,,0
100824,3452,2024-03-24 15:41,completed,credit_card,,0
100825,3520,2024-03-24 17:25,completed,credit_card,,0
100826,3284,2024-03-24 17:42,completed,paypal,,6.95
100827,2162,2024-03-24 17:59,completed,credit_card,,6.95
100828,904,2024-03-25 07:23,completed,apple_pay,,6.95
100829,2337,2024-03-25 07:48,returned,credit_card,,0
100830,2231,2024-03-25 10:08,completed,apple_pay,,0
100831,3531,2024-03-25 14:12,completed,credit_card,,0
100832,424,2024-03-25 14:26,completed,apple_pay,,0
100833,1752,2024-03-25 14:38,returned,credit_card,,0
100834,572,2024-03-25 17:37,completed,gift_card,,0
100835,1139,2024-03-25 19:50,completed,credit_card,,0
100836,1929,2024-03-25 20:37,completed,credit_card,SPRING15,6.95
100837,48,2024-03-25 21:49,completed,gift_card,,0
100838,283,2024-03-26 06:51,completed,gift_card,,6.95
100839,2221,2024-03-26 09:39,completed,paypal,,0
100840,887,2024-03-26 11:22,completed,credit_card,,0
100841,1068,2024-03-26 12:28,completed,credit_card,,6.95
100842,2501,2024-03-26 12:32,returned,credit_card,,0
100843,2221,2024-03-26 14:19,completed,credit_card,WELCOME10,6.95
100844,1870,2024-03-26 14:43,completed,credit_card,,0
100845,887,2024-03-26 14:43,completed,apple_pay,SPRING15,0
100846,470,2024-03-26 16:51,completed,apple_pay,,0
100847,1849,2024-03-26 17:07,completed,apple_pay,,6.95
100848,2162,2024-03-26 17:43,completed,credit_card,,0
100849,1355,2024-03-26 17:51,completed,apple_pay,,0
100850,3460,2024-03-27 06:43,canceled,paypal,,0
100851,2718,2024-03-27 06:58,completed,paypal,,0
100852,2995,2024-03-27 10:03,completed,credit_card,,6.95
100853,3114,2024-03-27 10:57,completed,credit_card,SPRING15,0
100854,1047,2024-03-27 11:17,completed,credit_card,,6.95
100855,38,2024-03-27 11:30,completed,credit_card,,0
100856,727,2024-03-27 11:51,completed,apple_pay,,0
100857,115,2024-03-27 13:02,completed,paypal,,0
100858,572,2024-03-27 13:25,completed,paypal,,0
100859,2244,2024-03-27 13:56,canceled,apple_pay,,0
100860,1432,2024-03-27 15:13,completed,credit_card,,0
100861,617,2024-03-27 15:46,completed,credit_card,,0
100862,2003,2024-03-27 16:00,returned,credit_card,,0
100863,2651,2024-03-27 16:51,completed,apple_pay,,6.95
100864,181,2024-03-27 17:46,completed,gift_card,,0
100865,2439,2024-03-27 17:58,completed,credit_card,,0
100866,572,2024-03-27 21:07,completed,credit_card,,0
100867,602,2024-03-27 22:04,completed,credit_card,SPRING15,0
100868,2162,2024-03-28 06:10,completed,credit_card,,0
100869,698,2024-03-28 09:30,completed,credit_card,SPRING15,0
100870,2773,2024-03-28 12:17,completed,credit_card,,0
100871,1355,2024-03-28 15:15,completed,credit_card,,0
100872,107,2024-03-28 15:47,completed,paypal,,0
100873,3284,2024-03-28 15:53,completed,credit_card,,0
100874,1375,2024-03-28 16:10,canceled,paypal,,6.95
100875,2728,2024-03-28 17:42,returned,credit_card,,0
100876,506,2024-03-28 19:53,completed,credit_card,,6.95
100877,2360,2024-03-28 20:53,completed,paypal,,0
100878,2396,2024-03-28 21:59,completed,credit_card,,6.95
100879,283,2024-03-28 22:48,completed,apple_pay,,0
100880,2577,2024-03-29 08:36,completed,credit_card,,0
100881,2396,2024-03-29 09:41,completed,paypal,,0
100882,2412,2024-03-29 11:50,completed,apple_pay,,0
100883,3250,2024-03-29 12:06,completed,credit_card,SPRING15,6.95
100884,2799,2024-03-29 12:27,completed,credit_card,,6.95
100885,2221,2024-03-29 12:41,canceled,gift_card,,0
100886,247,2024-03-29 12:57,completed,credit_card,,0
100887,735,2024-03-29 22:50,completed,credit_card,,6.95
100888,181,2024-03-30 07:13,completed,paypal,,0
100889,2577,2024-03-30 11:02,completed,credit_card,,0
100890,3144,2024-03-30 14:30,completed,credit_card,,0
100891,2411,2024-03-30 14:43,completed,paypal,,0
100892,2577,2024-03-30 15:41,returned,credit_card,,0
100893,572,2024-03-30 15:45,completed,credit_card,,0
100894,159,2024-03-30 15:45,completed,apple_pay,,0
100895,1209,2024-03-30 21:10,completed,credit_card,,0
100896,502,2024-03-30 21:22,completed,credit_card,,6.95
100897,1699,2024-03-30 23:23,completed,credit_card,,0
100898,399,2024-03-31 10:35,completed,paypal,,0
100899,3069,2024-03-31 11:02,completed,paypal,,0
100900,1298,2024-03-31 12:47,completed,credit_card,SPRING15,0
100901,307,2024-03-31 16:18,completed,credit_card,,0
100902,1375,2024-03-31 17:09,completed,credit_card,,0
100903,572,2024-03-31 17:25,completed,credit_card,,0
100904,1970,2024-03-31 20:04,completed,paypal,,0
100905,126,2024-04-01 13:47,completed,credit_card,,0
100906,3565,2024-04-01 22:17,completed,credit_card,,0
100907,1179,2024-04-01 23:02,completed,paypal,,6.95
100908,519,2024-04-01 23:23,completed,credit_card,,0
100909,1110,2024-04-01 23:47,completed,paypal,SPRING15,0
100910,1224,2024-04-01 23:53,completed,paypal,,6.95
100911,502,2024-04-02 06:29,completed,apple_pay,,6.95
100912,3531,2024-04-02 10:35,completed,paypal,,0
100913,458,2024-04-02 10:36,completed,credit_card,,0
100914,38,2024-04-02 12:14,completed,paypal,SPRING15,6.95
100915,1454,2024-04-02 12:53,completed,credit_card,,0
100916,2439,2024-04-02 13:41,returned,credit_card,,6.95
100917,1756,2024-04-02 15:09,completed,paypal,,6.95
100918,2244,2024-04-02 16:32,canceled,apple_pay,,0
100919,307,2024-04-02 21:14,completed,apple_pay,,6.95
100920,731,2024-04-03 06:24,completed,credit_card,,0
100921,845,2024-04-03 06:29,completed,credit_card,,0
100922,3531,2024-04-03 12:03,completed,credit_card,,6.95
100923,2244,2024-04-03 14:00,completed,credit_card,,0
100924,1080,2024-04-03 14:13,completed,paypal,SPRING15,0
100925,3531,2024-04-03 17:07,completed,credit_card,SPRING15,0
100926,3452,2024-04-03 20:15,completed,credit_card,,0
100927,2221,2024-04-03 23:30,completed,credit_card,,6.95
100928,1137,2024-04-04 06:29,completed,credit_card,,0
100929,572,2024-04-04 10:18,canceled,credit_card,WELCOME10,6.95
100930,2411,2024-04-04 11:48,completed,gift_card,,0
100931,38,2024-04-04 13:39,completed,gift_card,,0
100932,1929,2024-04-04 13:48,completed,apple_pay,,6.95
100933,66,2024-04-04 13:59,completed,credit_card,,0
100934,1752,2024-04-04 15:25,completed,credit_card,,0
100935,1068,2024-04-04 16:29,completed,paypal,,0
100936,2039,2024-04-04 19:12,completed,credit_card,,0
100937,1209,2024-04-04 20:32,completed,credit_card,SPRING15,0
100938,710,2024-04-04 22:22,completed,apple_pay,,6.95
100939,3531,2024-04-04 23:31,completed,credit_card,,0
100940,38,2024-04-05 08:14,completed,credit_card,,0
100941,3272,2024-04-05 09:22,completed,credit_card,,0
100942,247,2024-04-05 13:18,completed,paypal,,0
100943,2300,2024-04-05 13:55,completed,paypal,,0
100944,3332,2024-04-05 15:16,returned,apple_pay,,0
100945,698,2024-04-05 18:26,completed,credit_card,,0
100946,3452,2024-04-05 18:51,completed,paypal,,0
100947,3233,2024-04-05 19:12,completed,apple_pay,,0
100948,1047,2024-04-05 20:26,completed,credit_card,,0
100949,2577,2024-04-05 20:50,completed,apple_pay,,0
100950,1137,2024-04-05 21:01,completed,gift_card,,0
100951,2439,2024-04-05 22:55,completed,gift_card,,0
100952,48,2024-04-06 07:03,completed,apple_pay,WELCOME10,6.95
100953,2300,2024-04-06 10:30,completed,credit_card,,0
100954,1876,2024-04-06 12:58,completed,apple_pay,,0
100955,115,2024-04-06 14:10,completed,apple_pay,,0
100956,38,2024-04-06 15:21,completed,apple_pay,,0
100957,3531,2024-04-06 15:49,canceled,credit_card,,6.95
100958,48,2024-04-06 17:30,completed,credit_card,,0
100959,1080,2024-04-06 17:45,completed,paypal,,0
100960,2261,2024-04-06 19:06,completed,gift_card,,0
100961,283,2024-04-06 21:15,returned,paypal,,0
100962,572,2024-04-07 06:46,completed,paypal,SPRING15,0
100963,3114,2024-04-07 07:21,completed,apple_pay,SPRING15,0
100964,3460,2024-04-07 09:21,completed,credit_card,,6.95
100965,572,2024-04-07 09:43,completed,credit_card,,6.95
100966,1355,2024-04-07 11:20,completed,credit_card,,0
100967,1467,2024-04-07 11:52,completed,gift_card,,0
100968,343,2024-04-07 11:57,returned,paypal,SPRING15,0
100969,3144,2024-04-07 16:34,completed,paypal,,6.95
100970,2773,2024-04-07 17:29,completed,paypal,,0
100971,3069,2024-04-07 19:56,completed,apple_pay,,0
100972,38,2024-04-07 20:57,completed,credit_card,,0
100973,3089,2024-04-07 20:58,completed,credit_card,,0
100974,1196,2024-04-08 07:28,completed,paypal,SPRING15,6.95
100975,2517,2024-04-08 11:29,completed,credit_card,,0
100976,885,2024-04-08 12:06,completed,credit_card,,0
100977,2464,2024-04-08 12:14,completed,apple_pay,,0
100978,3526,2024-04-08 12:23,completed,apple_pay,,6.95
100979,1752,2024-04-08 18:44,completed,credit_card,,0
100980,2501,2024-04-08 20:43,completed,paypal,,6.95
100981,3250,2024-04-08 22:11,completed,paypal,,0
100982,1298,2024-04-08 22:38,completed,credit_card,,0
100983,1783,2024-04-09 06:31,completed,credit_card,,0
100984,1375,2024-04-09 06:44,completed,paypal,,0
100985,115,2024-04-09 07:59,completed,credit_card,,0
100986,780,2024-04-09 10:50,returned,credit_card,,0
100987,1929,2024-04-09 11:43,returned,paypal,WELCOME10,0
100988,3531,2024-04-09 12:30,completed,credit_card,,0
100989,3501,2024-04-09 18:16,completed,credit_card,SPRING15,0
100990,38,2024-04-09 18:20,completed,credit_card,,0
100991,2300,2024-04-09 19:29,completed,credit_card,,0
100992,572,2024-04-09 23:15,completed,credit_card,SPRING15,0
100993,1187,2024-04-10 06:37,completed,gift_card,,0
100994,309,2024-04-10 08:03,completed,credit_card,,0
100995,1091,2024-04-10 09:07,completed,credit_card,SPRING15,0
100996,887,2024-04-10 09:26,completed,credit_card,,0
100997,1303,2024-04-10 10:03,completed,paypal,,0
100998,2164,2024-04-10 11:15,completed,credit_card,SPRING15,0
100999,2375,2024-04-10 11:38,canceled,credit_card,,0
101000,2221,2024-04-10 12:46,completed,apple_pay,,0
101001,2728,2024-04-10 14:10,returned,credit_card,,0
101002,1211,2024-04-10 17:14,completed,credit_card,,0
101003,2317,2024-04-10 19:35,completed,apple_pay,,0
101004,249,2024-04-10 21:34,completed,credit_card,,0
101005,3461,2024-04-10 22:29,completed,paypal,,0
101006,1838,2024-04-11 06:09,completed,credit_card,,6.95
101007,343,2024-04-11 10:38,canceled,credit_card,,0
101008,745,2024-04-11 12:44,canceled,credit_card,,0
101009,3089,2024-04-11 13:14,completed,apple_pay,,0
101010,3069,2024-04-11 13:33,completed,credit_card,SPRING15,0
101011,1229,2024-04-11 16:01,completed,apple_pay,,0
101012,3452,2024-04-11 17:00,returned,apple_pay,WELCOME10,6.95
101013,2072,2024-04-11 17:05,completed,apple_pay,,0
101014,18,2024-04-11 17:09,canceled,credit_card,,0
101015,247,2024-04-11 18:43,completed,apple_pay,,0
101016,724,2024-04-11 19:29,completed,credit_card,,6.95
101017,2211,2024-04-11 23:08,returned,credit_card,,0
101018,181,2024-04-11 23:10,completed,credit_card,,6.95
101019,1756,2024-04-12 06:53,completed,credit_card,,0
101020,780,2024-04-12 07:17,completed,apple_pay,SPRING15,0
101021,2718,2024-04-12 08:27,completed,paypal,,0
101022,2412,2024-04-12 10:47,completed,credit_card,,0
101023,2049,2024-04-12 14:55,completed,credit_card,,6.95
101024,2277,2024-04-12 16:04,completed,credit_card,WELCOME10,6.95
101025,3250,2024-04-12 17:21,completed,credit_card,,0
101026,115,2024-04-12 18:25,completed,credit_card,,0
101027,1583,2024-04-12 18:39,completed,apple_pay,,0
101028,1929,2024-04-12 18:52,completed,paypal,SPRING15,0
101029,1229,2024-04-12 20:07,completed,apple_pay,,0
101030,3531,2024-04-12 21:19,completed,paypal,WELCOME10,0
101031,502,2024-04-12 21:27,completed,credit_card,,0
101032,1375,2024-04-13 10:47,completed,credit_card,,0
101033,1091,2024-04-13 11:59,completed,gift_card,SPRING15,0
101034,1876,2024-04-13 12:50,completed,credit_card,,0
101035,724,2024-04-13 15:26,completed,paypal,,0
101036,3152,2024-04-13 17:57,completed,credit_card,,0
101037,1929,2024-04-13 20:00,completed,apple_pay,,0
101038,2904,2024-04-13 21:33,completed,credit_card,,0
101039,3114,2024-04-14 06:16,completed,credit_card,WELCOME10,6.95
101040,602,2024-04-14 06:53,completed,apple_pay,,0
101041,181,2024-04-14 07:28,completed,paypal,,0
101042,1709,2024-04-14 07:46,completed,credit_card,,0
101043,48,2024-04-14 09:06,completed,apple_pay,WELCOME10,0
101044,2577,2024-04-14 10:42,completed,apple_pay,,0
101045,2196,2024-04-14 12:35,completed,credit_card,,0
101046,2221,2024-04-14 13:55,completed,credit_card,,0
101047,2773,2024-04-14 15:58,completed,credit_card,,6.95
101048,2863,2024-04-14 20:47,completed,credit_card,,0
101049,2577,2024-04-14 21:58,completed,apple_pay,SPRING15,6.95
101050,2317,2024-04-15 06:58,completed,credit_card,,0
101051,506,2024-04-15 07:43,completed,gift_card,,0
101052,3069,2024-04-15 08:41,completed,credit_card,,0
101053,3069,2024-04-15 09:03,completed,credit_card,,0
101054,2812,2024-04-15 09:32,completed,apple_pay,,0
101055,738,2024-04-15 12:27,completed,credit_card,,0
101056,610,2024-04-15 13:31,completed,apple_pay,,6.95
101057,1229,2024-04-15 16:34,completed,credit_card,WELCOME10,6.95
101058,1224,2024-04-15 17:54,completed,credit_card,,6.95
101059,1355,2024-04-15 18:01,completed,credit_card,,0
101060,2577,2024-04-15 18:15,completed,gift_card,,0
101061,399,2024-04-15 18:47,returned,credit_card,,0
101062,710,2024-04-15 19:02,completed,apple_pay,,0
101063,3250,2024-04-15 21:18,completed,credit_card,,0
101064,519,2024-04-15 21:44,completed,apple_pay,,0
101065,3501,2024-04-16 07:58,completed,credit_card,,6.95
101066,2465,2024-04-16 11:47,completed,paypal,,0
101067,424,2024-04-16 13:47,completed,paypal,,0
101068,66,2024-04-16 14:16,completed,credit_card,,0
101069,612,2024-04-16 17:33,completed,credit_card,,6.95
101070,48,2024-04-16 17:38,completed,paypal,SPRING15,6.95
101071,3509,2024-04-16 20:30,completed,credit_card,,6.95
101072,115,2024-04-16 21:01,completed,credit_card,,0
101073,115,2024-04-16 23:33,completed,credit_card,,0
101074,572,2024-04-17 06:26,completed,credit_card,,0
101075,48,2024-04-17 10:15,completed,credit_card,,0
101076,2652,2024-04-17 10:45,completed,credit_card,,0
101077,1080,2024-04-17 11:17,completed,credit_card,,0
101078,307,2024-04-17 11:26,completed,credit_card,,6.95
101079,2211,2024-04-17 12:17,completed,paypal,,0
101080,1298,2024-04-17 13:16,completed,apple_pay,SPRING15,0
101081,2717,2024-04-17 15:22,completed,credit_card,,6.95
101082,3461,2024-04-17 18:07,completed,paypal,,0
101083,2244,2024-04-17 19:03,completed,apple_pay,SPRING15,0
101084,3314,2024-04-17 23:34,completed,credit_card,,0
101085,1552,2024-04-18 07:44,completed,credit_card,,0
101086,538,2024-04-18 07:47,completed,credit_card,WELCOME10,0
101087,1699,2024-04-18 11:49,canceled,credit_card,,0
101088,3114,2024-04-18 12:23,completed,gift_card,WELCOME10,0
101089,686,2024-04-18 12:41,completed,credit_card,,0
101090,887,2024-04-18 12:50,completed,paypal,,6.95
101091,2664,2024-04-18 14:00,completed,gift_card,,0
101092,247,2024-04-18 14:49,completed,paypal,,0
101093,1298,2024-04-18 15:59,completed,credit_card,,6.95
101094,249,2024-04-18 15:59,completed,gift_card,,0
101095,3250,2024-04-18 17:55,completed,credit_card,,6.95
101096,307,2024-04-18 19:32,completed,paypal,,0
101097,2577,2024-04-18 19:54,completed,apple_pay,,6.95
101098,424,2024-04-18 22:45,canceled,gift_card,,0
101099,321,2024-04-19 06:45,completed,credit_card,,0
101100,2439,2024-04-19 07:17,completed,credit_card,,0
101101,307,2024-04-19 08:19,completed,credit_card,,0
101102,1137,2024-04-19 10:27,completed,credit_card,,0
101103,3114,2024-04-19 18:06,completed,credit_card,,0
101104,1552,2024-04-19 18:27,completed,paypal,,0
101105,3380,2024-04-19 21:09,completed,credit_card,,6.95
101106,2577,2024-04-19 23:19,completed,apple_pay,,6.95
101107,1058,2024-04-20 06:01,completed,credit_card,,6.95
101108,1342,2024-04-20 06:18,completed,apple_pay,,0
101109,3531,2024-04-20 09:34,completed,apple_pay,,6.95
101110,424,2024-04-20 11:12,completed,apple_pay,,0
101111,3452,2024-04-20 11:41,completed,credit_card,,0
101112,2203,2024-04-20 13:48,completed,credit_card,,0
101113,572,2024-04-20 14:51,completed,credit_card,,0
101114,1929,2024-04-20 14:58,completed,apple_pay,,0
101115,1039,2024-04-21 06:17,completed,paypal,,6.95
101116,424,2024-04-21 06:33,returned,credit_card,,0
101117,1786,2024-04-21 07:52,completed,apple_pay,,0
101118,1091,2024-04-21 09:02,completed,credit_card,,0
101119,3526,2024-04-21 10:53,completed,credit_card,,0
101120,612,2024-04-21 12:12,completed,credit_card,,0
101121,1756,2024-04-21 15:45,returned,credit_card,,6.95
101122,572,2024-04-21 16:38,returned,paypal,,0
101123,2127,2024-04-21 19:28,completed,credit_card,,0
101124,2778,2024-04-21 19:32,completed,credit_card,,0
101125,115,2024-04-21 20:07,completed,apple_pay,,0
101126,1409,2024-04-21 20:37,completed,credit_card,,0
101127,307,2024-04-21 21:54,completed,credit_card,,0
101128,1891,2024-04-21 21:54,completed,paypal,SPRING15,6.95
101129,443,2024-04-21 22:27,completed,credit_card,,0
101130,2192,2024-04-21 22:59,completed,credit_card,,0
101131,283,2024-04-21 23:36,completed,apple_pay,SPRING15,0
101132,2773,2024-04-22 06:57,completed,credit_card,,0
101133,2039,2024-04-22 08:39,completed,credit_card,,6.95
101134,1298,2024-04-22 09:12,completed,paypal,,6.95
101135,3114,2024-04-22 10:57,completed,credit_card,,0
101136,2914,2024-04-22 14:57,completed,apple_pay,,6.95
101137,2018,2024-04-22 15:31,completed,credit_card,,0
101138,458,2024-04-22 19:20,completed,credit_card,,0
101139,2018,2024-04-22 21:06,completed,credit_card,,0
101140,1355,2024-04-22 21:55,completed,credit_card,,6.95
101141,2465,2024-04-22 22:09,completed,credit_card,,0
101142,1298,2024-04-23 10:25,returned,apple_pay,,0
101143,2275,2024-04-23 10:55,completed,apple_pay,SPRING15,0
101144,1786,2024-04-23 10:59,completed,credit_card,,0
101145,1375,2024-04-23 11:06,completed,credit_card,,6.95
101146,297,2024-04-23 12:55,completed,paypal,,6.95
101147,3520,2024-04-23 13:19,completed,credit_card,,0
101148,3114,2024-04-23 14:11,completed,gift_card,SPRING15,0
101149,2509,2024-04-23 16:16,completed,paypal,,0
101150,48,2024-04-23 17:37,completed,paypal,,0
101151,2128,2024-04-23 19:24,completed,credit_card,,0
101152,1375,2024-04-23 20:12,completed,paypal,,0
101153,2488,2024-04-23 20:24,completed,credit_card,,0
101154,3348,2024-04-24 06:42,completed,credit_card,,0
101155,1656,2024-04-24 06:45,completed,paypal,,0
101156,2863,2024-04-24 07:31,completed,credit_card,WELCOME10,0
101157,745,2024-04-24 08:03,completed,credit_card,,0
101158,612,2024-04-24 12:40,completed,gift_card,,6.95
101159,1663,2024-04-24 16:38,completed,credit_card,,0
101160,3531,2024-04-24 16:43,completed,gift_card,,0
101161,2363,2024-04-24 19:23,completed,apple_pay,,0
101162,1209,2024-04-24 20:38,completed,apple_pay,,0
101163,2221,2024-04-24 22:08,completed,credit_card,SPRING15,6.95
101164,48,2024-04-25 14:22,completed,credit_card,,6.95
101165,1870,2024-04-25 14:59,completed,gift_card,,0
101166,126,2024-04-25 17:52,completed,credit_card,,0
101167,1405,2024-04-25 20:00,completed,credit_card,,0
101168,3125,2024-04-25 21:42,completed,credit_card,,0
101169,3549,2024-04-25 21:57,completed,gift_card,,0
101170,299,2024-04-25 22:10,completed,paypal,,0
101171,1272,2024-04-25 23:18,completed,credit_card,SPRING15,6.95
101172,1298,2024-04-26 07:58,returned,paypal,SPRING15,6.95
101173,3081,2024-04-26 08:49,completed,credit_card,,0
101174,3452,2024-04-26 09:55,completed,credit_card,,0
101175,48,2024-04-26 11:15,completed,paypal,WELCOME10,0
101176,604,2024-04-26 15:26,completed,paypal,WELCOME10,6.95
101177,1876,2024-04-26 19:06,completed,apple_pay,,0
101178,163,2024-04-26 20:11,completed,credit_card,,0
101179,1552,2024-04-26 23:35,completed,credit_card,,0
101180,2439,2024-04-27 06:36,completed,paypal,,6.95
101181,2652,2024-04-27 06:38,completed,credit_card,,0
101182,2751,2024-04-27 06:51,completed,paypal,,0
101183,2221,2024-04-27 08:02,completed,credit_card,,0
101184,38,2024-04-27 09:47,completed,credit_card,,0
101185,3509,2024-04-27 10:43,completed,credit_card,,0
101186,2439,2024-04-27 13:15,completed,apple_pay,,0
101187,572,2024-04-27 17:32,completed,apple_pay,,0
101188,424,2024-04-27 20:56,completed,credit_card,,0
101189,2189,2024-04-27 22:00,completed,credit_card,,0
101190,1552,2024-04-28 07:24,completed,credit_card,,0
101191,2987,2024-04-28 07:58,completed,credit_card,,0
101192,48,2024-04-28 09:26,completed,credit_card,WELCOME10,0
101193,2007,2024-04-28 10:50,completed,paypal,,6.95
101194,3501,2024-04-28 11:28,returned,paypal,,0
101195,2577,2024-04-28 13:19,completed,apple_pay,WELCOME10,0
101196,2863,2024-04-28 14:28,completed,gift_card,,0
101197,1663,2024-04-28 15:05,completed,credit_card,,0
101198,2501,2024-04-28 15:35,completed,gift_card,,0
101199,3454,2024-04-28 16:12,completed,paypal,SPRING15,0
101200,3114,2024-04-28 18:06,completed,credit_card,,0
101201,602,2024-04-28 18:45,completed,apple_pay,,6.95
101202,1951,2024-04-28 19:38,completed,paypal,,6.95
101203,3272,2024-04-28 19:45,completed,credit_card,,0
101204,399,2024-04-28 23:27,completed,credit_card,,6.95
101205,181,2024-04-29 07:55,completed,apple_pay,,6.95
101206,1523,2024-04-29 09:25,completed,credit_card,,0
101207,2752,2024-04-29 09:51,completed,paypal,,0
101208,1229,2024-04-29 10:22,completed,paypal,,0
101209,3531,2024-04-29 11:45,completed,paypal,,0
101210,2412,2024-04-29 13:38,completed,credit_card,,6.95
101211,602,2024-04-29 18:27,completed,apple_pay,,6.95
101212,3231,2024-04-30 07:15,completed,paypal,,6.95
101213,2464,2024-04-30 07:56,completed,paypal,,0
101214,3069,2024-04-30 12:55,completed,credit_card,,0
101215,1208,2024-04-30 14:17,completed,apple_pay,,6.95
101216,3231,2024-04-30 14:31,completed,credit_card,,0
101217,422,2024-04-30 20:38,completed,paypal,SPRING15,0
101218,2577,2024-04-30 21:13,completed,apple_pay,,6.95
101219,2244,2024-04-30 21:25,completed,credit_card,,6.95
101220,510,2024-04-30 21:32,completed,credit_card,,0
101221,2300,2024-04-30 22:09,completed,credit_card,,0
101222,1891,2024-05-01 06:25,completed,credit_card,WELCOME10,0
101223,89,2024-05-01 10:50,returned,credit_card,,0
101224,2778,2024-05-01 12:55,completed,credit_card,,0
101225,2801,2024-05-01 15:10,completed,gift_card,,0
101226,283,2024-05-01 15:28,completed,credit_card,,0
101227,2919,2024-05-01 18:23,completed,credit_card,,6.95
101228,1552,2024-05-01 18:46,completed,paypal,,6.95
101229,443,2024-05-01 18:58,completed,credit_card,,0
101230,1209,2024-05-01 20:14,completed,apple_pay,WELCOME10,0
101231,2728,2024-05-01 21:58,completed,gift_card,,0
101232,1187,2024-05-01 23:37,completed,apple_pay,,0
101233,107,2024-05-01 23:39,completed,credit_card,,0
101234,2221,2024-05-02 07:38,completed,credit_card,,0
101235,1552,2024-05-02 08:21,returned,credit_card,,0
101236,38,2024-05-02 10:16,completed,apple_pay,WELCOME10,6.95
101237,526,2024-05-02 11:07,completed,credit_card,SPRING15,6.95
101238,3320,2024-05-02 13:34,returned,credit_card,SPRING15,6.95
101239,2728,2024-05-02 13:47,completed,credit_card,,6.95
101240,612,2024-05-02 14:05,completed,credit_card,,0
101241,1195,2024-05-02 14:10,completed,credit_card,,0
101242,3048,2024-05-02 15:18,completed,credit_card,,0
104455,3069,2025-01-24 08:19,completed,credit_card,,0
101243,1752,2024-05-02 17:53,completed,credit_card,,0
101244,1552,2024-05-02 23:41,completed,apple_pay,,6.95
101245,116,2024-05-03 06:22,completed,paypal,,0
101246,3272,2024-05-03 07:55,completed,credit_card,,0
101247,3250,2024-05-03 11:14,canceled,credit_card,,6.95
101248,424,2024-05-03 14:19,completed,credit_card,,0
101249,3442,2024-05-03 15:44,completed,credit_card,,0
101250,2987,2024-05-03 18:29,completed,gift_card,WELCOME10,0
101251,445,2024-05-03 19:02,completed,credit_card,,6.95
101252,3081,2024-05-03 19:09,completed,credit_card,,0
101253,3250,2024-05-03 19:59,canceled,credit_card,,0
101254,2987,2024-05-03 22:29,completed,credit_card,,0
101255,1187,2024-05-04 07:05,completed,apple_pay,SPRING15,0
101256,443,2024-05-04 07:51,completed,credit_card,,6.95
101257,920,2024-05-04 08:48,completed,paypal,,0
101258,307,2024-05-04 09:10,completed,credit_card,,0
101259,2221,2024-05-04 11:00,completed,credit_card,,0
101260,1229,2024-05-04 12:07,completed,credit_card,,0
101261,1229,2024-05-04 12:36,completed,credit_card,SPRING15,0
101262,307,2024-05-04 14:04,completed,paypal,,6.95
101263,1929,2024-05-04 14:33,canceled,credit_card,,0
101264,3454,2024-05-04 14:52,completed,credit_card,WELCOME10,6.95
101265,3114,2024-05-04 15:32,completed,credit_card,,0
101266,2465,2024-05-04 19:00,completed,credit_card,SPRING15,0
101267,2192,2024-05-04 19:27,completed,credit_card,,0
101268,90,2024-05-04 19:54,completed,credit_card,,0
101269,1091,2024-05-04 20:53,completed,credit_card,,0
101270,572,2024-05-04 22:41,completed,credit_card,,0
101271,3114,2024-05-04 23:43,completed,apple_pay,,6.95
101272,1903,2024-05-05 06:23,completed,apple_pay,,0
101273,1656,2024-05-05 08:09,canceled,credit_card,,0
101274,66,2024-05-05 08:49,completed,paypal,,0
101275,3454,2024-05-05 08:55,completed,apple_pay,,0
101276,2652,2024-05-05 09:13,completed,apple_pay,,0
101277,1303,2024-05-05 12:10,completed,credit_card,,0
101278,1552,2024-05-05 13:12,completed,credit_card,,0
101279,1229,2024-05-05 14:30,returned,paypal,SPRING15,0
101280,48,2024-05-05 15:10,completed,credit_card,,6.95
101281,3114,2024-05-05 15:18,completed,credit_card,,0
101282,2221,2024-05-05 16:43,completed,apple_pay,SPRING15,6.95
101283,600,2024-05-05 18:36,completed,credit_card,SPRING15,0
101284,2244,2024-05-05 18:57,canceled,paypal,,0
101285,2629,2024-05-05 22:30,completed,paypal,,0
101286,930,2024-05-06 10:08,completed,credit_card,,0
101287,1019,2024-05-06 11:34,completed,credit_card,,0
101288,2918,2024-05-06 15:28,completed,credit_card,,0
101289,1929,2024-05-06 16:00,completed,credit_card,,0
101290,920,2024-05-06 17:26,completed,credit_card,,0
101291,2244,2024-05-06 17:39,completed,credit_card,WELCOME10,0
101292,1110,2024-05-06 19:00,completed,credit_card,,0
101293,115,2024-05-06 19:10,completed,credit_card,,6.95
101294,930,2024-05-07 11:14,completed,gift_card,,0
101295,115,2024-05-07 11:38,completed,credit_card,,6.95
101296,3231,2024-05-07 13:50,completed,credit_card,,0
101297,3531,2024-05-07 14:28,completed,credit_card,,0
101298,3347,2024-05-07 16:27,completed,credit_card,,0
101299,1454,2024-05-07 17:45,completed,credit_card,,0
101300,443,2024-05-07 19:51,completed,apple_pay,,0
101301,2221,2024-05-07 21:08,completed,credit_card,SPRING15,0
101302,399,2024-05-07 21:11,completed,credit_card,,6.95
101303,3467,2024-05-07 21:30,completed,credit_card,,0
101304,2752,2024-05-07 21:40,completed,credit_card,,0
101305,3320,2024-05-07 22:05,completed,credit_card,,0
101306,2577,2024-05-07 22:21,returned,credit_card,,0
101307,1841,2024-05-07 23:21,completed,gift_card,,0
101308,3231,2024-05-08 07:57,completed,credit_card,,6.95
101309,2501,2024-05-08 08:37,completed,credit_card,SPRING15,0
101310,343,2024-05-08 10:32,canceled,credit_card,,6.95
101311,38,2024-05-08 13:26,completed,gift_card,,0
101312,3069,2024-05-08 14:05,completed,gift_card,,6.95
101313,299,2024-05-08 14:22,completed,gift_card,,6.95
101314,2651,2024-05-08 14:41,completed,credit_card,,0
101315,66,2024-05-08 15:33,canceled,credit_card,SPRING15,6.95
101316,1114,2024-05-08 16:55,completed,credit_card,,0
101317,2189,2024-05-08 17:19,completed,apple_pay,,0
101318,1298,2024-05-08 18:38,completed,credit_card,,0
101319,2244,2024-05-08 19:02,completed,credit_card,,0
101320,1663,2024-05-09 06:47,completed,paypal,,6.95
101321,1699,2024-05-09 11:36,completed,paypal,,0
101322,1552,2024-05-09 12:58,completed,credit_card,,0
101323,2652,2024-05-09 15:46,completed,credit_card,,6.95
101324,1454,2024-05-09 19:06,completed,credit_card,SPRING15,0
101325,2127,2024-05-09 19:10,completed,credit_card,,0
101326,651,2024-05-10 06:28,completed,paypal,,0
101327,1838,2024-05-10 06:57,completed,credit_card,,6.95
101328,2113,2024-05-10 09:00,completed,paypal,,0
101329,1209,2024-05-10 12:10,completed,credit_card,,6.95
101330,1929,2024-05-10 12:25,completed,credit_card,,0
101331,1786,2024-05-10 15:53,completed,credit_card,,0
101332,1806,2024-05-10 17:26,completed,credit_card,,0
101333,3348,2024-05-10 18:02,completed,paypal,,0
101334,3250,2024-05-11 08:54,completed,paypal,,0
101335,1229,2024-05-11 11:24,completed,paypal,WELCOME10,0
101336,840,2024-05-11 11:40,completed,paypal,,0
101337,48,2024-05-11 17:41,completed,credit_card,,0
101338,1970,2024-05-11 18:15,returned,credit_card,,0
101339,1342,2024-05-11 19:07,completed,gift_card,,0
101340,48,2024-05-11 20:34,canceled,credit_card,SPRING15,6.95
101341,3454,2024-05-11 20:47,completed,gift_card,,0
101342,2995,2024-05-12 06:46,completed,credit_card,,0
101343,2024,2024-05-12 07:21,completed,credit_card,,6.95
101344,1552,2024-05-12 09:57,completed,credit_card,,0
101345,1891,2024-05-12 11:19,completed,paypal,,0
101346,1929,2024-05-12 11:51,completed,paypal,,0
101347,283,2024-05-12 14:55,completed,credit_card,,0
101348,1454,2024-05-12 15:10,completed,credit_card,,0
101349,1763,2024-05-12 15:51,completed,credit_card,,0
101350,443,2024-05-12 19:14,completed,credit_card,,0
101351,226,2024-05-12 20:44,completed,apple_pay,WELCOME10,6.95
101352,2987,2024-05-12 20:53,completed,credit_card,,0
101353,1454,2024-05-13 10:09,completed,credit_card,,6.95
101354,2337,2024-05-13 11:08,completed,apple_pay,,6.95
101355,1139,2024-05-13 14:41,canceled,credit_card,,0
101356,3505,2024-05-13 17:14,completed,paypal,SPRING15,0
101357,1786,2024-05-13 18:16,completed,credit_card,,0
101358,2821,2024-05-13 21:56,completed,credit_card,,0
101359,710,2024-05-13 22:42,completed,credit_card,,0
101360,3520,2024-05-14 08:14,completed,paypal,,0
101361,1737,2024-05-14 09:42,completed,credit_card,,0
101362,2778,2024-05-14 12:17,returned,apple_pay,,0
101363,2018,2024-05-14 12:42,completed,apple_pay,,0
101364,1134,2024-05-14 14:01,completed,credit_card,SPRING15,0
101365,2821,2024-05-14 14:24,completed,apple_pay,WELCOME10,0
101366,2244,2024-05-14 15:01,completed,credit_card,SPRING15,0
101367,2821,2024-05-14 15:22,completed,apple_pay,,0
101368,3452,2024-05-14 17:35,completed,credit_card,,0
101369,2863,2024-05-14 18:31,canceled,paypal,SPRING15,0
101370,3399,2024-05-14 20:03,completed,paypal,,0
101371,1737,2024-05-14 20:21,completed,credit_card,,0
101372,2196,2024-05-14 23:37,completed,apple_pay,,0
101373,840,2024-05-15 07:50,completed,paypal,,0
101374,1574,2024-05-15 09:12,completed,credit_card,,0
101375,3361,2024-05-15 09:22,completed,credit_card,,0
101376,48,2024-05-15 10:03,completed,paypal,,0
101377,3009,2024-05-15 10:30,completed,credit_card,SPRING15,0
101378,1870,2024-05-15 11:59,completed,credit_card,,0
101379,2840,2024-05-15 15:45,completed,paypal,,0
101380,2821,2024-05-15 16:28,completed,credit_card,,0
101381,1134,2024-05-15 16:55,completed,apple_pay,,0
101382,3348,2024-05-15 20:03,completed,paypal,,0
101383,3380,2024-05-16 06:34,completed,apple_pay,,0
101384,1876,2024-05-16 07:28,completed,paypal,,0
101385,2863,2024-05-16 08:38,completed,credit_card,WELCOME10,0
101386,107,2024-05-16 08:46,completed,credit_card,,6.95
101387,2821,2024-05-16 09:25,returned,apple_pay,,0
101388,1838,2024-05-16 10:36,completed,paypal,,0
101389,3069,2024-05-16 11:09,completed,credit_card,,0
101390,1355,2024-05-16 11:51,completed,credit_card,,0
101391,3069,2024-05-16 14:31,completed,apple_pay,,0
101392,1019,2024-05-16 14:57,completed,credit_card,,0
101393,283,2024-05-16 16:09,completed,paypal,SPRING15,0
101394,1080,2024-05-16 16:55,completed,credit_card,,0
101395,18,2024-05-16 16:56,completed,apple_pay,,6.95
101396,738,2024-05-16 20:01,completed,credit_card,,0
101397,2778,2024-05-16 20:06,completed,credit_card,WELCOME10,0
101398,2221,2024-05-16 20:12,completed,credit_card,,0
101399,3348,2024-05-16 21:09,completed,credit_card,SPRING15,0
101400,2651,2024-05-16 22:14,completed,credit_card,,0
101401,2113,2024-05-16 22:22,completed,credit_card,,0
101402,66,2024-05-16 22:31,completed,credit_card,,0
101403,3099,2024-05-16 22:49,completed,credit_card,,0
101404,731,2024-05-16 23:04,completed,apple_pay,,6.95
101405,1752,2024-05-17 07:00,completed,gift_card,,0
101406,1737,2024-05-17 07:10,completed,credit_card,,0
101407,1699,2024-05-17 10:27,completed,credit_card,,0
101408,1870,2024-05-17 13:01,completed,credit_card,,0
101409,2752,2024-05-17 15:22,completed,paypal,,0
101410,2337,2024-05-17 17:00,completed,paypal,,0
101411,2718,2024-05-17 17:01,completed,paypal,,6.95
101412,3532,2024-05-17 17:10,completed,credit_card,,0
101413,107,2024-05-17 21:46,completed,credit_card,SPRING15,0
101414,2337,2024-05-17 23:09,completed,apple_pay,,0
101415,115,2024-05-18 06:06,completed,credit_card,WELCOME10,0
101416,38,2024-05-18 06:22,completed,credit_card,,0
101417,424,2024-05-18 09:45,completed,paypal,,0
101418,3114,2024-05-18 10:12,completed,credit_card,,0
101419,2192,2024-05-18 10:37,completed,paypal,,0
101420,526,2024-05-18 12:40,completed,paypal,SPRING15,0
101421,1134,2024-05-18 16:28,completed,paypal,SPRING15,0
101422,424,2024-05-18 16:51,completed,paypal,,0
101423,738,2024-05-18 18:39,completed,credit_card,,0
101424,2285,2024-05-19 06:19,completed,gift_card,,0
101425,1342,2024-05-19 12:55,canceled,apple_pay,,6.95
101426,2221,2024-05-19 15:02,canceled,credit_card,,0
101427,3089,2024-05-19 15:02,completed,apple_pay,,0
101428,2030,2024-05-19 15:57,completed,paypal,,0
101429,2821,2024-05-19 16:57,completed,apple_pay,,0
101430,1870,2024-05-19 19:41,completed,credit_card,,0
101431,3320,2024-05-19 21:36,completed,paypal,,6.95
101432,3099,2024-05-19 22:30,completed,credit_card,SPRING15,0
101433,1838,2024-05-19 23:00,completed,credit_card,,0
101434,885,2024-05-19 23:01,completed,credit_card,,6.95
101435,788,2024-05-19 23:17,completed,credit_card,,6.95
101436,3531,2024-05-20 06:36,completed,credit_card,,0
101437,181,2024-05-20 08:03,completed,credit_card,,0
101438,470,2024-05-20 11:34,completed,paypal,,0
101439,2863,2024-05-20 12:37,completed,credit_card,,0
101440,2118,2024-05-20 13:15,completed,apple_pay,,0
101441,443,2024-05-20 13:56,completed,credit_card,,0
101442,2360,2024-05-20 16:35,completed,credit_card,,0
101443,484,2024-05-20 17:13,completed,credit_card,WELCOME10,0
101444,3198,2024-05-20 18:41,completed,credit_card,,0
101445,3242,2024-05-20 19:40,completed,credit_card,,6.95
101446,1663,2024-05-20 21:11,completed,credit_card,,0
101447,2863,2024-05-21 07:45,completed,apple_pay,,0
101448,3505,2024-05-21 08:06,completed,credit_card,,0
101449,572,2024-05-21 08:50,completed,credit_card,,0
101450,2801,2024-05-21 10:50,completed,paypal,,0
101451,2821,2024-05-21 11:02,completed,apple_pay,,6.95
101452,2024,2024-05-21 11:04,completed,credit_card,,0
101453,3354,2024-05-21 13:42,completed,apple_pay,,6.95
101454,9,2024-05-21 14:32,completed,apple_pay,,6.95
101455,930,2024-05-21 14:48,completed,credit_card,,6.95
101456,2024,2024-05-21 15:38,completed,credit_card,,0
101457,737,2024-05-21 18:34,canceled,credit_card,,0
101458,3454,2024-05-21 21:30,completed,credit_card,,0
101459,108,2024-05-22 09:46,completed,apple_pay,,0
101460,2128,2024-05-22 17:40,completed,credit_card,,0
101461,1709,2024-05-22 23:23,completed,paypal,,0
101462,115,2024-05-23 09:18,completed,credit_card,,0
101463,3431,2024-05-23 10:01,completed,credit_card,,0
101464,2752,2024-05-23 16:05,completed,credit_card,,0
101465,1841,2024-05-23 16:44,canceled,paypal,,0
101466,2821,2024-05-23 17:39,completed,credit_card,,0
101467,1763,2024-05-23 20:16,completed,paypal,,6.95
101468,572,2024-05-23 23:16,completed,credit_card,,0
101469,1405,2024-05-23 23:18,completed,apple_pay,,0
101470,48,2024-05-24 06:39,completed,credit_card,,6.95
101471,38,2024-05-24 08:20,completed,credit_card,,0
101472,303,2024-05-24 11:50,completed,credit_card,,6.95
101473,1737,2024-05-24 17:16,completed,credit_card,,6.95
101474,226,2024-05-24 21:25,completed,apple_pay,,0
101475,443,2024-05-24 22:01,completed,credit_card,,0
101476,400,2024-05-25 07:02,completed,apple_pay,,0
101477,2821,2024-05-25 08:23,completed,credit_card,,0
101478,3152,2024-05-25 13:03,completed,apple_pay,SPRING15,6.95
101479,1552,2024-05-25 13:31,completed,credit_card,,0
101480,2465,2024-05-25 16:37,completed,credit_card,SPRING15,0
101481,3242,2024-05-25 18:53,completed,credit_card,,0
101482,727,2024-05-25 19:09,completed,credit_card,,0
101483,2221,2024-05-25 20:48,completed,credit_card,,6.95
101484,526,2024-05-25 22:36,completed,paypal,,6.95
101485,2718,2024-05-25 23:26,completed,credit_card,,0
101486,1467,2024-05-26 06:40,completed,credit_card,,0
101487,3099,2024-05-26 07:54,completed,credit_card,,0
101488,2039,2024-05-26 10:45,completed,apple_pay,,0
101489,2577,2024-05-26 14:09,completed,apple_pay,,0
104239,2580,2025-01-03 17:03,completed,credit_card,,0
101490,602,2024-05-26 15:43,completed,credit_card,WELCOME10,0
101491,2623,2024-05-26 16:22,completed,paypal,,0
101492,868,2024-05-26 16:57,completed,gift_card,SPRING15,0
101493,424,2024-05-26 18:45,completed,credit_card,WELCOME10,0
101494,1625,2024-05-26 21:01,completed,credit_card,,0
101495,283,2024-05-26 22:11,completed,apple_pay,,0
101496,399,2024-05-26 23:15,completed,credit_card,,6.95
101497,108,2024-05-27 09:02,canceled,credit_card,,0
101498,1198,2024-05-27 09:22,completed,paypal,,0
101499,249,2024-05-27 11:50,completed,paypal,,0
101500,424,2024-05-27 12:17,returned,credit_card,,0
101501,572,2024-05-27 12:34,completed,credit_card,,0
101502,443,2024-05-27 12:57,completed,apple_pay,,0
101503,3354,2024-05-27 13:45,completed,apple_pay,,0
101504,887,2024-05-27 14:11,completed,paypal,,6.95
101505,247,2024-05-27 15:46,returned,credit_card,,0
101506,892,2024-05-27 20:04,completed,credit_card,,0
101507,2773,2024-05-27 22:00,completed,apple_pay,WELCOME10,0
101508,572,2024-05-27 22:17,completed,paypal,,6.95
101509,2127,2024-05-28 06:36,completed,paypal,,6.95
101510,1047,2024-05-28 09:02,completed,credit_card,,0
101511,38,2024-05-28 09:55,completed,credit_card,,0
101512,1763,2024-05-28 12:02,completed,paypal,,0
101513,3452,2024-05-28 13:57,completed,credit_card,,0
101514,3114,2024-05-28 14:43,completed,apple_pay,,0
101515,1756,2024-05-28 17:13,completed,apple_pay,,0
101516,1785,2024-05-28 20:58,completed,credit_card,SPRING15,0
101517,1355,2024-05-28 22:17,completed,credit_card,,6.95
101518,72,2024-05-28 22:55,completed,apple_pay,,0
101519,1756,2024-05-28 23:09,completed,apple_pay,,0
101520,1552,2024-05-29 07:14,returned,credit_card,,0
101521,1552,2024-05-29 07:27,completed,credit_card,,0
101522,3320,2024-05-29 08:19,completed,apple_pay,,0
101523,48,2024-05-29 10:24,completed,credit_card,,0
101524,1994,2024-05-29 13:57,completed,credit_card,,6.95
101525,1734,2024-05-29 14:25,canceled,paypal,,0
101526,1137,2024-05-29 14:29,completed,credit_card,,0
101527,3505,2024-05-29 20:45,completed,paypal,,0
101528,3099,2024-05-29 22:34,completed,credit_card,,0
101529,1024,2024-05-30 07:27,completed,paypal,,0
101530,1134,2024-05-30 09:16,completed,credit_card,WELCOME10,0
101531,920,2024-05-30 09:32,canceled,credit_card,,0
101532,2995,2024-05-30 10:13,completed,apple_pay,WELCOME10,0
101533,3069,2024-05-30 10:21,completed,apple_pay,,0
101534,1298,2024-05-30 13:33,completed,gift_card,,0
101535,2778,2024-05-30 13:34,completed,credit_card,,0
101536,2821,2024-05-30 14:00,completed,paypal,,0
101537,1903,2024-05-30 14:53,returned,credit_card,,0
101538,1763,2024-05-30 15:10,completed,credit_card,,0
101539,3467,2024-05-30 17:13,canceled,paypal,,0
101540,1552,2024-05-30 17:32,completed,paypal,,0
101541,1256,2024-05-30 19:19,completed,credit_card,,0
101542,2801,2024-05-30 20:01,completed,credit_card,,0
101543,1523,2024-05-30 21:18,completed,paypal,SPRING15,0
101544,196,2024-05-30 21:19,completed,paypal,,0
101545,2127,2024-05-30 23:12,canceled,credit_card,,0
101546,2821,2024-05-31 07:29,completed,credit_card,,0
101547,3250,2024-05-31 07:31,completed,paypal,,6.95
101548,1891,2024-05-31 10:24,completed,paypal,,0
101549,226,2024-05-31 11:21,completed,apple_pay,,6.95
101550,397,2024-05-31 12:50,completed,credit_card,,6.95
101551,1454,2024-05-31 12:58,completed,credit_card,,6.95
101552,3520,2024-05-31 15:43,completed,paypal,WELCOME10,0
101553,1080,2024-05-31 16:01,completed,apple_pay,SPRING15,0
101554,424,2024-05-31 17:12,completed,credit_card,,0
101555,1298,2024-05-31 18:34,completed,credit_card,,6.95
101556,1137,2024-05-31 18:54,completed,credit_card,,0
101557,1195,2024-05-31 21:19,completed,credit_card,,0
101558,1137,2024-05-31 22:05,completed,credit_card,SPRING15,6.95
101559,3460,2024-05-31 23:30,completed,credit_card,,0
101560,3069,2024-06-01 10:53,completed,credit_card,,0
101561,1876,2024-06-01 11:08,completed,gift_card,,0
101562,3089,2024-06-01 12:19,completed,credit_card,,0
101563,3526,2024-06-01 12:55,completed,apple_pay,,0
101564,930,2024-06-01 13:01,completed,gift_card,,0
101565,2412,2024-06-01 13:42,completed,apple_pay,,0
101566,1552,2024-06-01 14:25,completed,credit_card,,0
101567,1876,2024-06-01 15:12,completed,apple_pay,,0
101568,3233,2024-06-01 15:37,completed,gift_card,,6.95
101569,445,2024-06-01 20:47,completed,apple_pay,WELCOME10,0
101570,396,2024-06-01 21:57,completed,apple_pay,,0
101571,247,2024-06-02 07:05,completed,credit_card,,0
101572,2577,2024-06-02 07:17,completed,credit_card,,6.95
101573,2313,2024-06-02 09:08,completed,apple_pay,,0
101574,303,2024-06-02 09:54,completed,gift_card,,0
101575,3549,2024-06-02 10:37,completed,credit_card,,0
101576,845,2024-06-02 12:57,completed,credit_card,,6.95
101577,3242,2024-06-02 13:07,completed,credit_card,,0
101578,3452,2024-06-02 13:52,returned,apple_pay,,0
101579,1275,2024-06-02 17:33,completed,credit_card,,0
101580,1375,2024-06-02 18:58,completed,paypal,WELCOME10,6.95
101581,19,2024-06-02 20:47,completed,credit_card,,0
101582,3552,2024-06-02 21:30,completed,credit_card,,0
101583,48,2024-06-02 22:18,completed,apple_pay,,0
101584,1656,2024-06-03 06:38,completed,apple_pay,,0
101585,2118,2024-06-03 07:26,completed,paypal,,0
101586,2821,2024-06-03 08:34,completed,paypal,,0
101587,115,2024-06-03 08:44,completed,paypal,,0
101588,2995,2024-06-03 13:31,completed,credit_card,,0
101589,3250,2024-06-03 15:52,completed,credit_card,,6.95
101590,2164,2024-06-03 22:00,completed,apple_pay,,0
101591,607,2024-06-04 09:36,completed,paypal,,0
101592,2369,2024-06-04 10:32,completed,apple_pay,,6.95
101593,3348,2024-06-04 10:56,completed,credit_card,,6.95
101594,3354,2024-06-04 15:53,completed,credit_card,,0
101595,2821,2024-06-04 18:21,completed,credit_card,,0
101596,2559,2024-06-04 18:33,completed,credit_card,,0
101597,1859,2024-06-04 18:45,completed,paypal,,0
101598,1272,2024-06-04 19:06,completed,paypal,,0
101599,3347,2024-06-04 19:30,completed,credit_card,,0
101600,2773,2024-06-04 21:02,completed,apple_pay,,0
101601,2317,2024-06-04 21:27,completed,credit_card,,0
101602,443,2024-06-04 21:36,completed,paypal,,0
101603,676,2024-06-04 23:48,completed,credit_card,,0
101604,2049,2024-06-05 07:51,completed,credit_card,,0
101605,307,2024-06-05 12:19,completed,apple_pay,,0
101606,710,2024-06-05 12:26,completed,paypal,,0
101607,3009,2024-06-05 16:01,completed,credit_card,,0
101608,1272,2024-06-05 16:51,completed,credit_card,,0
101609,470,2024-06-05 17:27,completed,credit_card,,0
101610,1209,2024-06-05 21:27,returned,credit_card,,0
101611,1552,2024-06-05 22:44,completed,credit_card,,0
101612,3212,2024-06-05 23:09,completed,paypal,,0
101613,1903,2024-06-06 06:05,completed,credit_card,,0
101614,1134,2024-06-06 06:37,returned,paypal,,0
101615,96,2024-06-06 06:42,completed,credit_card,,0
101616,3114,2024-06-06 07:13,completed,apple_pay,,6.95
101617,2821,2024-06-06 07:32,completed,credit_card,,0
101618,3069,2024-06-06 08:36,completed,credit_card,,0
101619,2812,2024-06-06 10:28,completed,credit_card,,0
101620,2169,2024-06-06 11:46,completed,paypal,,0
101621,766,2024-06-06 11:57,completed,credit_card,,0
101622,2602,2024-06-06 13:54,completed,credit_card,,0
101623,115,2024-06-06 17:46,completed,apple_pay,,0
101624,1047,2024-06-06 18:01,completed,credit_card,,6.95
101625,443,2024-06-06 21:10,completed,credit_card,,6.95
101626,2821,2024-06-06 22:49,completed,credit_card,,0
101627,181,2024-06-07 07:06,completed,credit_card,,0
101628,2987,2024-06-07 07:53,completed,paypal,,0
101629,394,2024-06-07 11:43,completed,paypal,,0
101630,1047,2024-06-07 13:01,completed,credit_card,,0
101631,1208,2024-06-07 13:20,completed,apple_pay,,0
101632,1137,2024-06-07 13:22,completed,credit_card,,0
101633,3114,2024-06-07 15:57,completed,credit_card,,0
101634,1443,2024-06-07 16:02,completed,credit_card,,6.95
101635,1152,2024-06-08 07:43,completed,paypal,,6.95
101636,1208,2024-06-08 09:06,completed,credit_card,,0
101637,2244,2024-06-08 09:36,completed,credit_card,,0
101638,2235,2024-06-08 10:07,completed,credit_card,,0
101639,68,2024-06-08 10:48,completed,apple_pay,,0
101640,2778,2024-06-08 11:34,completed,credit_card,,0
101641,3348,2024-06-08 12:22,completed,credit_card,,0
101642,1187,2024-06-08 15:56,completed,credit_card,,0
101643,507,2024-06-08 17:27,completed,credit_card,,0
101644,3144,2024-06-08 18:28,completed,credit_card,,6.95
101645,1134,2024-06-08 19:41,completed,paypal,,0
101646,1454,2024-06-08 21:05,completed,apple_pay,,0
101647,48,2024-06-08 22:45,completed,credit_card,,0
101648,2277,2024-06-08 23:12,completed,credit_card,,6.95
101649,48,2024-06-09 06:52,completed,credit_card,,0
101650,2313,2024-06-09 09:53,completed,credit_card,,0
101651,1763,2024-06-09 14:13,completed,credit_card,,0
101652,1623,2024-06-09 14:24,completed,apple_pay,,0
101653,263,2024-06-09 14:38,completed,credit_card,,0
101654,3069,2024-06-09 16:06,completed,credit_card,,0
101655,135,2024-06-09 22:03,completed,paypal,,0
101656,3531,2024-06-10 06:04,returned,paypal,WELCOME10,6.95
101657,400,2024-06-10 11:13,completed,credit_card,,6.95
101658,1302,2024-06-10 11:57,completed,paypal,,0
101659,2016,2024-06-10 12:33,completed,credit_card,,6.95
101660,519,2024-06-10 13:04,completed,credit_card,,0
101661,2669,2024-06-10 14:01,completed,paypal,,0
101662,1137,2024-06-10 15:53,completed,credit_card,,0
101663,1612,2024-06-10 17:28,completed,paypal,,6.95
101664,3069,2024-06-10 17:48,completed,credit_card,,0
101665,307,2024-06-10 21:04,completed,credit_card,,0
101666,1355,2024-06-10 23:48,completed,credit_card,WELCOME10,0
101667,1058,2024-06-11 07:54,completed,credit_card,,0
101668,2453,2024-06-11 10:03,completed,credit_card,,0
101669,3291,2024-06-11 11:19,completed,apple_pay,,0
101670,1058,2024-06-11 11:28,completed,credit_card,,0
101671,1080,2024-06-11 13:25,canceled,credit_card,,0
101672,2577,2024-06-11 14:24,completed,apple_pay,,0
101673,2439,2024-06-11 14:55,completed,paypal,,0
101674,2118,2024-06-11 15:46,completed,credit_card,,6.95
101675,3559,2024-06-11 18:38,completed,gift_card,,0
101676,1224,2024-06-11 22:42,completed,paypal,,0
101677,2162,2024-06-12 06:32,completed,credit_card,,0
101678,3069,2024-06-12 06:53,completed,gift_card,,0
101679,2652,2024-06-12 09:27,completed,credit_card,,0
101680,710,2024-06-12 10:18,completed,credit_card,,6.95
101681,1272,2024-06-12 15:39,completed,credit_card,,0
101682,424,2024-06-12 16:11,completed,credit_card,,6.95
101683,1467,2024-06-12 21:00,completed,credit_card,,6.95
101684,2072,2024-06-12 21:28,completed,apple_pay,,0
101685,3048,2024-06-12 21:39,completed,credit_card,,6.95
101686,2113,2024-06-12 23:30,completed,gift_card,,0
101687,2039,2024-06-12 23:47,completed,credit_card,,0
101688,548,2024-06-13 06:20,completed,credit_card,,0
101689,48,2024-06-13 06:24,completed,paypal,,0
101690,258,2024-06-13 07:43,completed,paypal,,6.95
101691,2169,2024-06-13 09:50,returned,credit_card,,0
101692,3403,2024-06-13 10:14,completed,credit_card,,0
101693,2118,2024-06-13 12:51,completed,credit_card,,0
101694,519,2024-06-13 13:12,completed,apple_pay,,0
101695,2577,2024-06-13 14:56,completed,gift_card,,6.95
101696,1355,2024-06-13 15:53,completed,apple_pay,,0
101697,1462,2024-06-13 17:52,completed,apple_pay,,0
101698,845,2024-06-13 19:00,completed,credit_card,,0
101699,2128,2024-06-13 19:50,completed,paypal,,0
101700,3080,2024-06-14 06:19,completed,credit_card,,0
101701,2821,2024-06-14 07:05,completed,apple_pay,,6.95
101702,602,2024-06-14 09:12,completed,credit_card,,0
101703,1552,2024-06-14 09:18,completed,apple_pay,,0
101704,3007,2024-06-14 09:39,completed,credit_card,,0
101705,3598,2024-06-14 11:55,completed,apple_pay,,6.95
101706,1329,2024-06-14 11:55,completed,gift_card,,0
101707,2623,2024-06-14 12:48,completed,credit_card,,0
101708,1607,2024-06-14 13:05,completed,apple_pay,,0
101709,1552,2024-06-14 17:12,completed,credit_card,,0
101710,3598,2024-06-14 18:24,completed,credit_card,,6.95
101711,2420,2024-06-14 18:45,completed,paypal,,0
101712,135,2024-06-14 22:06,completed,paypal,,0
101713,2439,2024-06-14 22:58,completed,credit_card,,0
101714,1951,2024-06-15 07:01,completed,credit_card,,0
107086,3409,2025-08-17 23:34,completed,apple_pay,,6.95
101715,307,2024-06-15 07:57,completed,paypal,,0
101716,3048,2024-06-15 09:39,completed,gift_card,,0
101717,885,2024-06-15 12:19,completed,paypal,,0
101718,2987,2024-06-15 13:39,completed,credit_card,,0
101719,602,2024-06-15 13:46,completed,gift_card,,6.95
101720,1552,2024-06-15 14:26,canceled,credit_card,WELCOME10,0
101721,48,2024-06-15 14:51,completed,credit_card,,0
101722,2127,2024-06-15 15:30,completed,credit_card,,0
101723,2863,2024-06-15 18:05,returned,credit_card,,6.95
101724,1785,2024-06-15 22:00,returned,paypal,,0
101725,1027,2024-06-15 23:48,completed,paypal,,0
101726,1454,2024-06-15 23:52,completed,paypal,,6.95
101727,3320,2024-06-16 06:24,completed,apple_pay,,0
101728,1709,2024-06-16 06:34,returned,credit_card,,0
101729,443,2024-06-16 06:35,completed,apple_pay,,0
101730,3547,2024-06-16 06:57,completed,apple_pay,,0
101731,206,2024-06-16 08:45,completed,paypal,,0
101732,135,2024-06-16 10:28,completed,apple_pay,,0
101733,3452,2024-06-16 11:34,completed,paypal,,0
101734,1443,2024-06-16 14:00,completed,credit_card,WELCOME10,6.95
101735,1209,2024-06-16 16:01,completed,credit_card,,0
101736,3399,2024-06-16 17:36,completed,credit_card,,0
101737,2821,2024-06-16 18:00,completed,credit_card,,0
101738,249,2024-06-16 18:27,completed,gift_card,,6.95
101739,2652,2024-06-16 21:16,completed,credit_card,,0
101740,3272,2024-06-16 22:36,completed,credit_card,,0
101741,1783,2024-06-16 23:11,completed,gift_card,,0
101742,135,2024-06-17 06:30,completed,credit_card,WELCOME10,0
101743,399,2024-06-17 07:52,returned,gift_card,,0
101744,2986,2024-06-17 08:54,completed,apple_pay,WELCOME10,0
101745,2821,2024-06-17 09:06,completed,credit_card,,0
101746,1107,2024-06-17 09:52,completed,apple_pay,,0
101747,1876,2024-06-17 11:31,completed,apple_pay,,6.95
101748,307,2024-06-17 17:17,completed,paypal,,6.95
101749,840,2024-06-17 17:48,returned,apple_pay,,0
101750,3216,2024-06-17 18:58,completed,gift_card,,0
101751,2958,2024-06-17 19:13,completed,credit_card,,6.95
101752,1118,2024-06-17 21:40,completed,credit_card,,6.95
101753,307,2024-06-17 22:39,completed,credit_card,,6.95
101754,100,2024-06-17 22:52,completed,credit_card,,0
101755,797,2024-06-17 23:20,completed,credit_card,,0
101756,1876,2024-06-17 23:20,canceled,credit_card,,0
101757,2646,2024-06-18 06:52,completed,paypal,,0
101758,96,2024-06-18 07:39,completed,apple_pay,,0
101759,1211,2024-06-18 08:27,canceled,credit_card,,6.95
101760,1467,2024-06-18 09:40,completed,credit_card,,6.95
101761,2863,2024-06-18 14:10,completed,credit_card,,0
101762,1068,2024-06-18 20:52,canceled,credit_card,,0
101763,1552,2024-06-18 21:04,completed,credit_card,,6.95
101764,1552,2024-06-18 23:34,completed,paypal,,0
101765,3216,2024-06-19 07:38,completed,gift_card,,0
101766,1428,2024-06-19 09:40,completed,apple_pay,,0
101767,3526,2024-06-19 10:24,completed,credit_card,,0
101768,827,2024-06-19 10:38,completed,credit_card,,0
101769,2267,2024-06-19 11:26,completed,paypal,,0
101770,401,2024-06-19 13:35,completed,apple_pay,,6.95
101771,1375,2024-06-19 15:30,completed,credit_card,,0
101772,3144,2024-06-19 17:22,returned,credit_card,,6.95
101773,2773,2024-06-19 21:30,completed,apple_pay,,0
101774,1195,2024-06-19 22:15,completed,credit_card,,0
101775,48,2024-06-19 22:20,completed,credit_card,,0
101776,1752,2024-06-19 23:08,completed,apple_pay,,6.95
101777,3250,2024-06-19 23:12,completed,credit_card,,0
101778,397,2024-06-20 08:52,completed,credit_card,,0
101779,2652,2024-06-20 10:27,completed,credit_card,,0
101780,3272,2024-06-20 10:36,completed,credit_card,,0
101781,1838,2024-06-20 10:56,canceled,credit_card,,0
101782,307,2024-06-20 14:39,completed,credit_card,,0
101783,1467,2024-06-20 18:59,completed,apple_pay,,0
101784,2181,2024-06-20 20:02,completed,paypal,,0
101785,1211,2024-06-20 22:14,completed,apple_pay,,0
101786,2821,2024-06-21 08:06,returned,credit_card,,0
101787,2636,2024-06-21 12:55,completed,credit_card,,6.95
101788,2127,2024-06-21 13:42,completed,paypal,,0
101789,3320,2024-06-21 15:49,canceled,credit_card,,0
101790,2796,2024-06-21 16:35,completed,apple_pay,,6.95
101791,1955,2024-06-21 17:26,completed,credit_card,,6.95
101792,1195,2024-06-21 18:14,completed,credit_card,,0
101793,2577,2024-06-21 18:30,completed,paypal,,0
101794,1939,2024-06-21 18:36,completed,credit_card,,0
101795,1552,2024-06-21 21:21,completed,paypal,,0
101796,3375,2024-06-22 06:16,completed,paypal,,0
101797,840,2024-06-22 06:40,completed,paypal,,0
101798,1052,2024-06-22 08:32,completed,credit_card,,0
101799,1449,2024-06-22 10:17,completed,credit_card,,0
101800,3078,2024-06-22 11:11,returned,credit_card,,0
101801,2174,2024-06-22 14:30,completed,paypal,,0
101802,2332,2024-06-22 15:40,completed,credit_card,,6.95
101803,18,2024-06-22 16:03,completed,credit_card,,0
101804,108,2024-06-22 16:20,completed,credit_card,,0
101805,3403,2024-06-22 16:51,completed,paypal,,0
101806,788,2024-06-22 16:59,returned,apple_pay,,0
101807,2475,2024-06-22 19:36,completed,paypal,,0
101808,2577,2024-06-22 21:27,completed,credit_card,,0
101809,2987,2024-06-22 23:34,completed,credit_card,,0
101810,3531,2024-06-22 23:48,completed,credit_card,,0
101811,2577,2024-06-23 07:18,completed,credit_card,,6.95
101812,1355,2024-06-23 07:21,completed,gift_card,,0
101813,464,2024-06-23 07:28,completed,credit_card,,0
101814,2753,2024-06-23 07:41,completed,credit_card,,0
101815,1058,2024-06-23 09:15,completed,gift_card,,6.95
101816,2919,2024-06-23 09:48,completed,paypal,,0
101817,2501,2024-06-23 10:21,completed,paypal,,0
101818,2539,2024-06-23 13:52,completed,paypal,,0
101819,3250,2024-06-23 14:26,completed,credit_card,,0
101820,2118,2024-06-23 14:37,completed,credit_card,,6.95
101821,135,2024-06-23 15:25,completed,credit_card,,6.95
101822,2235,2024-06-23 16:12,completed,credit_card,,0
101823,1252,2024-06-23 16:59,completed,credit_card,,0
101824,307,2024-06-23 17:06,completed,credit_card,,0
101825,283,2024-06-23 19:50,completed,apple_pay,,0
101826,3598,2024-06-23 22:58,completed,credit_card,,0
101827,3007,2024-06-24 08:18,returned,apple_pay,,6.95
101828,1876,2024-06-24 08:59,completed,credit_card,,0
101829,3007,2024-06-24 09:20,completed,credit_card,,0
101830,217,2024-06-24 11:10,completed,credit_card,,0
101831,1107,2024-06-24 13:39,completed,credit_card,,6.95
101832,2752,2024-06-24 18:22,completed,credit_card,,0
101833,1523,2024-06-24 19:10,completed,paypal,,6.95
101834,3291,2024-06-24 22:05,completed,credit_card,,0
101835,424,2024-06-24 22:13,completed,credit_card,,0
101836,2942,2024-06-25 09:32,completed,gift_card,WELCOME10,0
101837,3531,2024-06-25 09:37,completed,paypal,,0
101838,1450,2024-06-25 09:39,returned,apple_pay,,0
101839,759,2024-06-25 15:41,completed,paypal,,6.95
101840,247,2024-06-25 17:59,completed,gift_card,,0
101841,3089,2024-06-26 10:41,completed,credit_card,,6.95
101842,2118,2024-06-26 12:38,completed,credit_card,,0
101843,9,2024-06-26 13:12,completed,credit_card,WELCOME10,0
101844,1785,2024-06-26 14:44,completed,paypal,,0
101845,2244,2024-06-26 15:03,completed,credit_card,,0
101846,2449,2024-06-26 18:41,completed,paypal,,0
101847,868,2024-06-26 20:13,completed,credit_card,,0
101848,3531,2024-06-26 21:25,completed,credit_card,,0
101849,3252,2024-06-27 06:31,completed,apple_pay,,0
101850,445,2024-06-27 11:28,completed,credit_card,,6.95
101851,1298,2024-06-27 14:36,completed,gift_card,,0
101852,2651,2024-06-27 15:02,completed,credit_card,,0
101853,3354,2024-06-27 15:28,completed,gift_card,,0
101854,1435,2024-06-27 15:35,completed,apple_pay,,0
101855,930,2024-06-27 17:23,completed,gift_card,,0
101856,1754,2024-06-27 21:11,completed,paypal,,0
101857,3526,2024-06-27 21:29,completed,credit_card,,6.95
101858,3375,2024-06-27 21:36,returned,paypal,,0
101859,3354,2024-06-28 07:05,completed,paypal,,0
101860,48,2024-06-28 08:16,completed,paypal,,0
101861,1132,2024-06-28 09:09,completed,credit_card,,0
101862,604,2024-06-28 09:19,completed,paypal,,0
101863,100,2024-06-28 12:27,completed,paypal,,0
101864,2464,2024-06-28 16:13,canceled,paypal,,0
101865,2753,2024-06-28 16:31,completed,credit_card,,0
101866,737,2024-06-28 16:35,completed,credit_card,,0
101867,780,2024-06-28 17:24,completed,credit_card,,6.95
101868,1785,2024-06-28 20:25,canceled,paypal,,0
101869,2018,2024-06-28 22:02,completed,credit_card,WELCOME10,0
101870,1330,2024-06-28 23:07,completed,credit_card,,6.95
101871,89,2024-06-29 06:39,completed,apple_pay,,0
101872,607,2024-06-29 08:21,canceled,paypal,,6.95
101873,1752,2024-06-29 09:13,completed,paypal,,6.95
101874,3114,2024-06-29 10:22,completed,apple_pay,,0
101875,1752,2024-06-29 14:43,completed,credit_card,,0
101876,602,2024-06-29 15:32,completed,credit_card,WELCOME10,0
101877,3501,2024-06-29 23:20,completed,apple_pay,,0
101878,1443,2024-06-30 06:23,completed,credit_card,,0
101879,2270,2024-06-30 07:12,completed,credit_card,,0
101880,962,2024-06-30 09:10,completed,credit_card,,0
101881,1625,2024-06-30 13:26,completed,credit_card,,0
101882,3007,2024-06-30 13:58,completed,credit_card,,0
101883,1106,2024-06-30 14:04,completed,credit_card,,0
101884,1137,2024-06-30 15:19,completed,apple_pay,,0
104607,2950,2025-02-07 13:30,completed,credit_card,,0
101885,1752,2024-06-30 18:21,completed,paypal,,0
101886,1838,2024-06-30 20:51,completed,paypal,,6.95
101887,3547,2024-07-01 06:52,completed,paypal,,0
101888,1929,2024-07-01 10:37,completed,paypal,,0
101889,1024,2024-07-01 13:16,returned,apple_pay,,0
101890,2464,2024-07-01 14:52,completed,credit_card,,0
101891,1623,2024-07-01 16:01,completed,paypal,,0
101892,16,2024-07-01 16:31,completed,gift_card,,0
101893,115,2024-07-01 17:16,completed,credit_card,,0
101894,2127,2024-07-01 18:39,completed,credit_card,,0
101895,2669,2024-07-01 18:53,completed,paypal,,0
101896,135,2024-07-01 20:49,completed,credit_card,,0
101897,1552,2024-07-01 21:08,completed,gift_card,,0
101898,1435,2024-07-01 21:46,completed,credit_card,,0
101899,3531,2024-07-01 21:59,completed,apple_pay,,0
101900,507,2024-07-02 06:25,completed,paypal,,0
101901,2914,2024-07-02 07:40,completed,paypal,,6.95
101902,1523,2024-07-02 11:05,completed,credit_card,,0
101903,2602,2024-07-02 13:14,canceled,paypal,,0
101904,1292,2024-07-02 14:19,completed,credit_card,,0
101905,38,2024-07-02 16:21,completed,credit_card,,0
101906,1552,2024-07-02 16:25,completed,credit_card,,0
101907,2796,2024-07-02 17:50,completed,gift_card,,0
101908,1292,2024-07-02 18:53,completed,credit_card,,0
101909,1552,2024-07-02 20:26,completed,credit_card,,0
101910,3531,2024-07-02 22:24,completed,paypal,,6.95
101911,48,2024-07-02 22:47,completed,credit_card,,0
101912,1454,2024-07-03 08:42,completed,credit_card,,0
101913,4,2024-07-03 08:52,completed,gift_card,,0
101914,3238,2024-07-03 09:35,completed,credit_card,,0
101915,2652,2024-07-03 12:22,completed,credit_card,,6.95
101916,2171,2024-07-03 16:00,completed,apple_pay,,6.95
101917,443,2024-07-03 18:29,completed,gift_card,,6.95
101918,2577,2024-07-03 19:39,completed,paypal,,0
101919,519,2024-07-03 21:56,completed,credit_card,,0
101920,343,2024-07-04 06:19,completed,paypal,,0
101921,1073,2024-07-04 06:41,completed,credit_card,,6.95
101922,3114,2024-07-04 06:44,completed,paypal,,0
101923,1454,2024-07-04 09:02,completed,gift_card,,0
101924,3078,2024-07-04 10:04,completed,credit_card,,0
101925,2181,2024-07-04 14:04,completed,credit_card,,6.95
101926,725,2024-07-04 15:50,completed,credit_card,,0
101927,2821,2024-07-04 16:15,completed,paypal,,0
101928,3114,2024-07-04 22:40,completed,credit_card,,0
101929,89,2024-07-04 22:45,completed,credit_card,,0
101930,2270,2024-07-04 23:52,completed,credit_card,,6.95
101931,3114,2024-07-05 14:28,completed,paypal,,6.95
101932,2018,2024-07-05 16:32,completed,credit_card,,6.95
101933,3250,2024-07-05 23:36,completed,paypal,,0
101934,658,2024-07-06 07:11,completed,paypal,,6.95
101935,2500,2024-07-06 07:43,completed,credit_card,,0
103267,1466,2024-11-07 17:50,returned,paypal,,6.95
101936,747,2024-07-06 11:24,completed,paypal,,6.95
101937,840,2024-07-06 11:53,completed,credit_card,,6.95
101938,247,2024-07-06 12:18,completed,paypal,,0
101939,1068,2024-07-06 12:22,completed,paypal,,0
101940,602,2024-07-06 13:59,completed,credit_card,,0
101941,443,2024-07-06 15:51,completed,credit_card,,0
101942,519,2024-07-06 17:08,completed,credit_card,,0
101943,181,2024-07-06 17:57,completed,credit_card,WELCOME10,6.95
101944,2947,2024-07-06 20:32,completed,credit_card,,6.95
101945,540,2024-07-06 21:13,completed,credit_card,,6.95
101946,3291,2024-07-06 22:48,completed,apple_pay,,0
101947,1786,2024-07-07 08:33,completed,paypal,,0
101948,507,2024-07-07 08:46,completed,credit_card,,6.95
101949,2947,2024-07-07 10:47,completed,apple_pay,,0
101950,1763,2024-07-07 12:37,canceled,apple_pay,,0
101951,1106,2024-07-07 13:39,completed,apple_pay,WELCOME10,0
101952,2577,2024-07-07 15:36,completed,paypal,,6.95
101953,3198,2024-07-07 16:30,completed,credit_card,,0
101954,2281,2024-07-07 18:32,completed,credit_card,,0
101955,343,2024-07-07 19:46,completed,credit_card,WELCOME10,0
101956,2113,2024-07-07 20:38,completed,paypal,,0
101957,3069,2024-07-07 21:59,completed,credit_card,,0
101958,3531,2024-07-07 23:39,completed,credit_card,,0
101959,1110,2024-07-08 06:47,returned,apple_pay,,0
101960,1405,2024-07-08 09:24,completed,credit_card,,0
101961,3361,2024-07-08 11:47,completed,gift_card,,0
101962,1625,2024-07-08 15:14,canceled,credit_card,WELCOME10,0
101963,1552,2024-07-08 16:51,completed,credit_card,,0
101964,48,2024-07-08 16:56,completed,credit_card,,0
101965,343,2024-07-08 18:12,completed,apple_pay,,6.95
101966,519,2024-07-08 18:38,completed,credit_card,,6.95
101967,1552,2024-07-08 21:44,completed,credit_card,,0
101968,2092,2024-07-08 22:02,completed,paypal,,0
101969,2301,2024-07-08 22:44,completed,apple_pay,,0
101970,1443,2024-07-08 23:12,completed,credit_card,,0
101971,2169,2024-07-09 10:26,completed,credit_card,,0
101972,325,2024-07-09 10:32,completed,credit_card,,6.95
101973,3526,2024-07-09 13:11,completed,credit_card,,0
101974,181,2024-07-09 15:42,completed,credit_card,,6.95
101975,3552,2024-07-09 18:52,completed,gift_card,,0
101976,2125,2024-07-10 06:38,completed,paypal,,0
101977,3144,2024-07-10 06:41,completed,apple_pay,,6.95
101978,2244,2024-07-10 10:25,completed,credit_card,,6.95
101979,686,2024-07-10 10:40,completed,credit_card,,0
101980,1786,2024-07-10 14:31,completed,credit_card,,0
101981,2652,2024-07-10 15:23,completed,credit_card,,0
101982,1979,2024-07-10 17:18,completed,apple_pay,,0
101983,3332,2024-07-10 20:20,completed,credit_card,,6.95
101984,2839,2024-07-10 22:55,completed,paypal,,6.95
101985,3361,2024-07-11 07:33,completed,credit_card,,6.95
101986,9,2024-07-11 07:45,completed,credit_card,,0
101987,3291,2024-07-11 11:36,completed,credit_card,,0
101988,1135,2024-07-11 13:08,completed,credit_card,,0
101989,507,2024-07-11 16:28,completed,credit_card,,0
101990,274,2024-07-11 18:57,completed,apple_pay,WELCOME10,0
101991,2006,2024-07-11 20:52,completed,apple_pay,,0
101992,656,2024-07-11 21:15,completed,paypal,,0
101993,48,2024-07-11 21:18,completed,credit_card,,0
101994,885,2024-07-11 22:27,completed,credit_card,,0
101995,1134,2024-07-11 22:33,completed,credit_card,,0
101996,2821,2024-07-12 06:48,completed,credit_card,,0
101997,1939,2024-07-12 07:37,completed,credit_card,,6.95
101998,123,2024-07-12 08:08,completed,apple_pay,,0
101999,3114,2024-07-12 08:48,completed,paypal,,0
102000,840,2024-07-12 09:50,completed,credit_card,,0
102001,181,2024-07-12 09:57,returned,credit_card,,6.95
102002,1449,2024-07-12 12:06,completed,credit_card,,0
102003,737,2024-07-12 12:58,completed,credit_card,,0
102004,507,2024-07-12 13:51,completed,apple_pay,,6.95
102005,3375,2024-07-12 15:04,completed,paypal,,0
102006,1211,2024-07-12 15:17,completed,paypal,,6.95
102007,1229,2024-07-12 16:41,returned,gift_card,,0
102008,250,2024-07-12 19:11,completed,gift_card,,0
102009,1552,2024-07-12 21:49,completed,apple_pay,,0
102010,845,2024-07-12 21:53,completed,credit_card,,0
102011,1252,2024-07-12 22:09,returned,paypal,,0
102012,3216,2024-07-13 06:56,completed,credit_card,,0
102013,1329,2024-07-13 08:01,completed,credit_card,,0
102014,3431,2024-07-13 08:38,completed,apple_pay,,0
102015,737,2024-07-13 08:45,completed,apple_pay,,0
102016,3375,2024-07-13 11:02,completed,gift_card,,0
102017,2439,2024-07-13 17:13,completed,credit_card,,0
102018,3216,2024-07-13 22:51,completed,paypal,,0
102019,2678,2024-07-13 23:19,canceled,paypal,,0
102020,1759,2024-07-14 13:09,completed,credit_card,,0
102021,383,2024-07-14 18:40,completed,paypal,,0
102022,1137,2024-07-14 19:23,completed,credit_card,,6.95
102023,1976,2024-07-14 20:52,completed,apple_pay,,0
102024,107,2024-07-14 23:47,completed,credit_card,,6.95
102025,2202,2024-07-15 12:29,completed,gift_card,,0
102026,976,2024-07-15 14:59,completed,credit_card,,0
102027,2349,2024-07-15 17:46,completed,credit_card,,6.95
102028,239,2024-07-15 19:45,completed,credit_card,,6.95
102029,3338,2024-07-15 20:31,completed,paypal,,0
102030,1785,2024-07-15 21:03,returned,credit_card,,0
102031,445,2024-07-15 23:35,completed,credit_card,,0
102032,876,2024-07-16 06:22,completed,credit_card,,0
102033,1252,2024-07-16 06:47,completed,credit_card,,6.95
102034,1625,2024-07-16 07:31,completed,credit_card,,0
102035,2300,2024-07-16 13:28,completed,gift_card,,0
102036,3242,2024-07-16 14:15,completed,paypal,,0
102037,1355,2024-07-16 14:52,completed,credit_card,,0
102038,2799,2024-07-16 16:17,completed,credit_card,WELCOME10,0
102039,445,2024-07-16 16:36,completed,credit_card,,0
102040,3216,2024-07-16 16:51,completed,paypal,,0
102041,1955,2024-07-16 17:54,completed,credit_card,,0
102042,2118,2024-07-16 19:19,completed,credit_card,,0
102043,343,2024-07-16 19:36,completed,credit_card,WELCOME10,0
102044,3069,2024-07-16 20:57,completed,credit_card,,0
102045,519,2024-07-16 22:27,completed,credit_card,,0
102046,3380,2024-07-17 06:20,completed,credit_card,,6.95
102047,1891,2024-07-17 08:25,completed,apple_pay,,0
102048,1870,2024-07-17 09:39,completed,credit_card,,0
102049,885,2024-07-17 10:23,completed,paypal,,0
102050,1110,2024-07-17 11:36,completed,credit_card,,0
102051,79,2024-07-17 11:48,completed,paypal,,0
102052,2369,2024-07-17 14:10,completed,paypal,,0
102053,115,2024-07-17 15:12,completed,credit_card,,0
102054,1118,2024-07-17 15:21,completed,gift_card,WELCOME10,0
102055,391,2024-07-17 17:02,canceled,credit_card,,0
102056,2360,2024-07-17 20:16,completed,credit_card,,0
102057,424,2024-07-17 22:20,completed,credit_card,,0
102058,2270,2024-07-17 23:37,completed,credit_card,,0
102059,1552,2024-07-18 06:59,completed,credit_card,,0
102060,38,2024-07-18 08:43,completed,credit_card,,0
102061,1080,2024-07-18 10:42,completed,credit_card,,0
102062,2580,2024-07-18 12:50,completed,paypal,WELCOME10,6.95
102063,2412,2024-07-18 14:05,returned,apple_pay,,6.95
102064,507,2024-07-18 14:12,completed,paypal,,0
102065,38,2024-07-18 14:56,completed,paypal,,0
102066,1215,2024-07-18 17:49,completed,apple_pay,,0
102067,343,2024-07-18 18:05,completed,paypal,,0
102068,3348,2024-07-18 19:03,completed,gift_card,,0
102069,858,2024-07-18 19:22,completed,credit_card,,0
102070,2042,2024-07-18 19:29,completed,apple_pay,,6.95
102071,1195,2024-07-18 20:39,canceled,paypal,,0
102072,913,2024-07-18 21:33,completed,paypal,,6.95
102073,3509,2024-07-18 21:41,completed,apple_pay,,0
102074,3501,2024-07-19 06:02,completed,credit_card,,0
102075,1209,2024-07-19 08:34,completed,paypal,,0
102076,2127,2024-07-19 10:44,completed,paypal,,0
102077,1623,2024-07-19 11:02,completed,paypal,,0
102078,607,2024-07-19 12:59,completed,credit_card,,0
102079,123,2024-07-19 16:10,completed,credit_card,,0
102080,283,2024-07-19 18:40,completed,credit_card,,0
102081,115,2024-07-19 19:43,completed,credit_card,,0
102082,519,2024-07-19 20:09,completed,paypal,,0
102083,19,2024-07-19 20:24,completed,gift_card,,6.95
102084,1552,2024-07-19 21:51,completed,apple_pay,,6.95
102085,588,2024-07-19 22:03,completed,paypal,,0
102086,2559,2024-07-20 06:41,completed,paypal,,0
102087,443,2024-07-20 08:49,completed,paypal,,0
102088,2863,2024-07-20 09:06,completed,credit_card,,0
102089,2520,2024-07-20 15:16,returned,paypal,,6.95
102090,1443,2024-07-20 16:47,completed,credit_card,,0
102091,443,2024-07-20 18:56,completed,credit_card,,6.95
102092,2042,2024-07-20 20:02,completed,credit_card,,0
102093,424,2024-07-20 21:42,completed,paypal,,0
102094,3531,2024-07-20 22:24,completed,apple_pay,,0
102095,745,2024-07-20 22:57,completed,credit_card,,0
102096,725,2024-07-21 07:51,completed,credit_card,,6.95
102097,2301,2024-07-21 09:21,canceled,credit_card,,6.95
102098,3531,2024-07-21 09:59,completed,paypal,,0
102099,3526,2024-07-21 14:41,completed,credit_card,,0
102100,484,2024-07-21 15:24,returned,credit_card,,0
102101,1134,2024-07-21 16:01,completed,paypal,,0
102102,1552,2024-07-21 18:17,completed,credit_card,,6.95
102103,747,2024-07-21 21:57,canceled,credit_card,,0
102104,585,2024-07-21 22:31,completed,apple_pay,,0
102105,445,2024-07-22 06:32,completed,paypal,,6.95
102106,3559,2024-07-22 06:36,completed,paypal,,0
102107,2484,2024-07-22 09:00,completed,paypal,,0
102108,3007,2024-07-22 09:01,completed,credit_card,,6.95
102109,2049,2024-07-22 09:06,completed,credit_card,,0
102110,3069,2024-07-22 09:11,completed,paypal,,0
102111,391,2024-07-22 11:33,returned,credit_card,,0
102112,2801,2024-07-22 11:50,completed,paypal,WELCOME10,0
102113,3431,2024-07-22 13:15,returned,credit_card,,0
102114,96,2024-07-22 13:17,returned,credit_card,,0
102115,2181,2024-07-22 13:19,completed,credit_card,WELCOME10,0
102116,38,2024-07-22 15:43,completed,gift_card,,0
102117,3272,2024-07-22 15:51,completed,credit_card,,6.95
102118,1759,2024-07-22 16:02,completed,credit_card,,0
102119,3007,2024-07-22 16:05,completed,credit_card,,0
102120,2480,2024-07-22 19:47,completed,credit_card,,0
102121,2150,2024-07-22 22:50,completed,paypal,,0
102122,2863,2024-07-22 23:13,completed,credit_card,,0
102123,1552,2024-07-22 23:39,completed,credit_card,,0
102124,1460,2024-07-23 08:43,completed,credit_card,,0
102125,3099,2024-07-23 09:48,completed,credit_card,,6.95
102126,604,2024-07-23 10:32,completed,apple_pay,,0
102127,135,2024-07-23 11:39,completed,paypal,,0
102128,2753,2024-07-23 16:22,canceled,credit_card,,0
102129,604,2024-07-23 17:44,completed,paypal,,6.95
102130,2127,2024-07-23 17:55,completed,apple_pay,,6.95
102131,1939,2024-07-23 18:19,completed,credit_card,,0
102132,3348,2024-07-23 20:27,completed,credit_card,,0
102133,2796,2024-07-23 22:15,completed,credit_card,,0
102134,181,2024-07-23 22:24,completed,credit_card,,0
102135,1118,2024-07-24 07:20,completed,gift_card,,0
102136,3208,2024-07-24 11:36,completed,credit_card,,0
102137,686,2024-07-24 13:27,completed,credit_card,,0
102138,2579,2024-07-24 15:43,completed,paypal,WELCOME10,0
102139,1058,2024-07-24 16:04,completed,credit_card,,0
102140,2420,2024-07-24 17:26,completed,gift_card,,0
102141,3380,2024-07-24 17:50,returned,credit_card,WELCOME10,0
102142,96,2024-07-24 18:29,completed,gift_card,,0
102143,2244,2024-07-24 21:41,completed,credit_card,,0
102144,2799,2024-07-24 22:10,completed,paypal,,0
102145,759,2024-07-24 23:42,completed,apple_pay,,0
102146,3552,2024-07-24 23:44,completed,credit_card,,0
102147,431,2024-07-25 06:49,completed,credit_card,,0
102148,2821,2024-07-25 08:26,completed,apple_pay,,6.95
102149,1467,2024-07-25 09:08,completed,credit_card,,0
102150,2577,2024-07-25 09:48,completed,credit_card,,0
102151,2127,2024-07-25 11:58,completed,credit_card,,0
102152,1068,2024-07-25 12:54,completed,gift_card,,0
102153,107,2024-07-25 13:30,completed,credit_card,,0
102154,2728,2024-07-25 15:06,completed,credit_card,,0
102155,1951,2024-07-25 15:19,completed,credit_card,,0
102156,2307,2024-07-25 16:36,completed,credit_card,,0
102157,1625,2024-07-25 19:01,completed,apple_pay,,0
102158,2244,2024-07-25 20:11,completed,apple_pay,,6.95
102159,2360,2024-07-25 21:32,completed,credit_card,,0
102160,507,2024-07-26 07:21,completed,credit_card,,0
102161,307,2024-07-26 08:49,completed,paypal,,6.95
102162,1449,2024-07-26 09:17,completed,paypal,,6.95
102163,3027,2024-07-26 12:59,completed,credit_card,,0
102164,2772,2024-07-26 15:16,completed,credit_card,,6.95
102165,335,2024-07-26 16:24,completed,gift_card,,0
102166,1625,2024-07-26 18:20,completed,credit_card,,0
102167,1355,2024-07-26 23:25,completed,paypal,,6.95
102168,2300,2024-07-27 07:42,completed,gift_card,,0
102169,1110,2024-07-27 08:20,canceled,credit_card,,0
102170,3194,2024-07-27 08:29,completed,paypal,,0
102171,1908,2024-07-27 09:49,completed,credit_card,,0
102172,2267,2024-07-27 11:44,completed,credit_card,,0
102173,2270,2024-07-27 12:57,completed,credit_card,,0
102174,181,2024-07-27 13:26,completed,gift_card,,0
102175,2277,2024-07-27 13:53,canceled,credit_card,,0
102176,507,2024-07-27 13:57,completed,credit_card,,0
102177,2349,2024-07-27 14:06,completed,apple_pay,,0
102178,191,2024-07-27 15:10,completed,paypal,,0
102179,68,2024-07-27 16:15,completed,credit_card,,0
102180,1891,2024-07-27 16:41,completed,credit_card,,0
102181,399,2024-07-27 17:19,completed,apple_pay,,0
102182,1442,2024-07-27 17:45,completed,credit_card,,0
102183,424,2024-07-27 19:12,completed,credit_card,,0
102184,1246,2024-07-27 19:14,completed,credit_card,,0
102185,2629,2024-07-27 21:08,completed,credit_card,,0
102186,2475,2024-07-28 06:04,completed,paypal,,6.95
102187,2938,2024-07-28 08:19,completed,credit_card,,0
102188,3048,2024-07-28 09:13,completed,credit_card,,0
102189,3598,2024-07-28 11:19,canceled,paypal,WELCOME10,0
102190,181,2024-07-28 11:46,completed,credit_card,,0
102191,3475,2024-07-28 13:03,completed,credit_card,,0
102192,3242,2024-07-28 14:06,completed,paypal,,0
102193,1662,2024-07-28 15:07,returned,apple_pay,,0
102194,3598,2024-07-28 15:53,completed,credit_card,,0
102195,2174,2024-07-28 16:02,completed,apple_pay,,0
102196,263,2024-07-28 16:28,completed,credit_card,,6.95
102197,1330,2024-07-28 17:51,completed,credit_card,,0
102198,2270,2024-07-28 19:38,completed,credit_card,,0
102199,2480,2024-07-28 19:55,completed,credit_card,,0
102200,3262,2024-07-28 21:39,completed,credit_card,,0
102201,2072,2024-07-28 22:35,completed,apple_pay,,0
102202,443,2024-07-28 22:41,completed,credit_card,,0
102203,3250,2024-07-29 06:59,completed,credit_card,,0
102204,3348,2024-07-29 07:36,completed,credit_card,,0
102205,3442,2024-07-29 09:56,completed,apple_pay,,0
102206,1134,2024-07-29 10:16,completed,credit_card,,0
102207,343,2024-07-29 10:47,completed,credit_card,,0
102208,1443,2024-07-29 11:46,completed,credit_card,,0
102209,85,2024-07-29 13:41,completed,paypal,,0
102210,1759,2024-07-29 15:09,completed,credit_card,,0
102211,2569,2024-07-29 15:10,completed,credit_card,,0
102212,68,2024-07-29 15:58,completed,credit_card,,0
102213,2577,2024-07-29 16:11,completed,credit_card,,0
102214,1486,2024-07-29 18:32,completed,gift_card,,0
102215,2244,2024-07-29 18:56,completed,credit_card,,0
102216,2646,2024-07-29 19:44,completed,credit_card,,0
102217,858,2024-07-29 23:10,completed,credit_card,,6.95
102218,2753,2024-07-30 09:00,completed,credit_card,,0
102219,3144,2024-07-30 09:12,completed,paypal,,0
102220,2012,2024-07-30 10:36,completed,paypal,,0
102221,391,2024-07-30 11:50,completed,credit_card,,0
102222,2231,2024-07-30 12:05,completed,credit_card,,0
102223,1929,2024-07-30 17:36,completed,apple_pay,,0
102224,3320,2024-07-30 18:08,completed,credit_card,,0
102225,1137,2024-07-30 19:56,completed,credit_card,WELCOME10,6.95
102226,239,2024-07-30 20:19,completed,paypal,,0
102227,229,2024-07-30 20:46,returned,credit_card,,0
102228,443,2024-07-30 21:36,completed,credit_card,WELCOME10,0
102229,2622,2024-07-30 21:52,canceled,credit_card,,0
102230,2821,2024-07-31 09:20,completed,credit_card,,0
102231,1137,2024-07-31 11:21,completed,credit_card,,6.95
102232,1435,2024-07-31 12:49,completed,credit_card,WELCOME10,0
102233,1355,2024-07-31 13:09,completed,paypal,,0
102234,1064,2024-07-31 20:05,completed,credit_card,,0
102235,203,2024-07-31 20:11,completed,paypal,,0
102236,727,2024-07-31 23:18,completed,credit_card,,0
102237,2270,2024-08-01 06:48,completed,credit_card,,0
102238,2944,2024-08-01 07:37,completed,credit_card,,6.95
102239,2559,2024-08-01 09:24,completed,paypal,,0
102240,3348,2024-08-01 09:33,completed,paypal,WELCOME10,0
102241,274,2024-08-01 11:23,completed,paypal,,0
102242,214,2024-08-01 11:48,completed,credit_card,,6.95
102243,1047,2024-08-01 13:20,canceled,paypal,,0
102244,2748,2024-08-01 17:29,completed,gift_card,,6.95
102245,1110,2024-08-01 21:08,returned,credit_card,,0
102246,226,2024-08-01 21:40,completed,paypal,,6.95
102247,1911,2024-08-02 06:59,completed,credit_card,,0
102248,3356,2024-08-02 07:08,completed,apple_pay,WELCOME10,0
102249,1786,2024-08-02 07:14,completed,credit_card,,0
102250,1405,2024-08-02 08:21,completed,credit_card,,0
102251,3320,2024-08-02 08:51,completed,paypal,,0
102252,1752,2024-08-02 10:03,completed,apple_pay,,0
102253,307,2024-08-02 17:03,completed,paypal,,0
102254,3348,2024-08-02 17:30,canceled,paypal,,0
102255,2449,2024-08-02 18:20,completed,credit_card,,0
102256,3262,2024-08-02 20:03,completed,credit_card,,6.95
102257,2285,2024-08-02 20:15,completed,credit_card,,0
102258,3242,2024-08-02 20:31,completed,credit_card,,0
102259,57,2024-08-02 22:26,completed,credit_card,,6.95
102260,1763,2024-08-03 08:11,completed,paypal,,0
102261,3531,2024-08-03 08:54,returned,paypal,,6.95
102262,2839,2024-08-03 09:43,completed,paypal,,0
102263,2484,2024-08-03 09:56,completed,credit_card,,6.95
102264,2919,2024-08-03 12:29,completed,credit_card,,0
102265,2717,2024-08-03 14:37,completed,credit_card,,0
102266,876,2024-08-04 07:17,completed,credit_card,,6.95
102267,519,2024-08-04 13:09,completed,paypal,,0
102268,1107,2024-08-04 15:00,completed,credit_card,,0
102269,2728,2024-08-04 16:03,completed,credit_card,,0
102270,2577,2024-08-04 18:47,completed,credit_card,,0
102271,2821,2024-08-04 19:47,completed,apple_pay,,0
102272,1288,2024-08-05 06:56,completed,credit_card,,0
102273,1891,2024-08-05 07:39,completed,credit_card,,0
102274,396,2024-08-05 09:30,completed,credit_card,,0
102275,2772,2024-08-05 09:40,completed,credit_card,,6.95
102276,2752,2024-08-05 12:40,completed,paypal,,0
102277,1752,2024-08-05 13:48,completed,credit_card,,6.95
102278,1104,2024-08-05 14:06,completed,credit_card,,0
102279,1175,2024-08-05 22:16,completed,credit_card,,0
102280,840,2024-08-05 22:59,completed,paypal,,0
102281,1891,2024-08-06 07:48,completed,credit_card,,0
102282,2270,2024-08-06 08:09,completed,credit_card,,0
102283,285,2024-08-06 13:33,completed,credit_card,,0
102284,3356,2024-08-06 16:22,completed,credit_card,,0
102285,930,2024-08-06 20:06,completed,gift_card,,6.95
102286,519,2024-08-06 21:59,completed,paypal,,0
102287,2602,2024-08-06 22:01,completed,apple_pay,,0
102288,307,2024-08-07 09:36,completed,paypal,,0
102289,48,2024-08-07 09:58,completed,credit_card,,0
102290,2986,2024-08-07 13:00,completed,paypal,,0
102291,2580,2024-08-07 14:16,completed,paypal,,0
102292,2629,2024-08-07 16:27,completed,gift_card,,0
102293,3340,2024-08-07 18:33,returned,credit_card,,0
102294,3598,2024-08-07 18:40,completed,credit_card,,0
102295,2624,2024-08-07 19:25,completed,credit_card,,0
102296,3509,2024-08-08 07:41,completed,credit_card,,0
102297,1454,2024-08-08 09:08,completed,credit_card,,0
102298,2891,2024-08-08 17:31,completed,credit_card,,0
102299,48,2024-08-08 17:53,completed,paypal,,0
102300,1752,2024-08-08 20:29,completed,apple_pay,,0
102301,226,2024-08-08 21:21,completed,credit_card,,0
102302,2908,2024-08-08 23:42,completed,credit_card,,0
102303,2812,2024-08-09 06:57,completed,credit_card,,0
102304,1104,2024-08-09 07:24,completed,apple_pay,,0
102305,2958,2024-08-09 09:47,completed,credit_card,,6.95
102306,3419,2024-08-09 10:57,completed,credit_card,,0
102307,2349,2024-08-09 11:28,completed,paypal,,0
102308,2863,2024-08-09 11:31,completed,credit_card,,0
102309,3543,2024-08-09 12:37,returned,credit_card,,6.95
102310,1903,2024-08-09 13:25,completed,paypal,,0
102311,686,2024-08-09 14:29,completed,credit_card,,0
102312,424,2024-08-09 20:02,completed,credit_card,,0
102313,334,2024-08-09 21:44,completed,credit_card,,6.95
102314,507,2024-08-09 22:35,completed,apple_pay,,0
102315,2039,2024-08-10 06:52,completed,paypal,,0
102316,2821,2024-08-10 07:17,canceled,paypal,,6.95
102317,1288,2024-08-10 07:39,completed,credit_card,,0
102318,3348,2024-08-10 08:18,completed,credit_card,,0
102319,2118,2024-08-10 09:29,completed,paypal,,6.95
102320,3069,2024-08-10 10:10,completed,paypal,,0
102321,3340,2024-08-10 13:08,completed,credit_card,,6.95
102322,123,2024-08-10 13:52,completed,paypal,,0
102323,1435,2024-08-10 14:56,completed,apple_pay,,0
102324,391,2024-08-10 15:09,completed,paypal,,6.95
102325,2623,2024-08-10 17:51,completed,apple_pay,,0
102326,3329,2024-08-10 18:14,completed,credit_card,,0
102327,163,2024-08-10 19:05,completed,credit_card,,6.95
102328,3452,2024-08-10 19:50,completed,credit_card,,6.95
102329,876,2024-08-11 06:09,completed,credit_card,,0
102330,2944,2024-08-11 06:14,completed,credit_card,,0
102331,283,2024-08-11 07:06,completed,credit_card,,0
102332,1775,2024-08-11 07:24,completed,credit_card,,0
102333,3526,2024-08-11 08:47,completed,credit_card,,0
102334,2181,2024-08-11 10:00,completed,paypal,,6.95
102335,3044,2024-08-11 10:51,completed,credit_card,,0
102336,1870,2024-08-11 10:56,completed,credit_card,,0
102337,79,2024-08-11 13:11,completed,apple_pay,,0
102338,3526,2024-08-11 15:14,completed,paypal,,0
102339,1472,2024-08-11 18:58,completed,apple_pay,,0
102340,885,2024-08-11 23:13,completed,credit_card,,0
102341,48,2024-08-11 23:35,returned,apple_pay,,0
102342,710,2024-08-12 12:48,completed,paypal,,0
102343,68,2024-08-12 16:20,completed,credit_card,WELCOME10,0
102344,2127,2024-08-12 16:54,completed,paypal,,0
102345,68,2024-08-12 18:24,completed,credit_card,,0
102346,3250,2024-08-12 21:22,completed,apple_pay,WELCOME10,0
102347,2622,2024-08-13 06:13,completed,credit_card,,6.95
102348,3526,2024-08-13 09:08,completed,credit_card,,0
102349,585,2024-08-13 11:07,completed,paypal,,0
102350,163,2024-08-13 11:35,completed,credit_card,,0
102351,9,2024-08-13 13:50,completed,credit_card,,6.95
102352,123,2024-08-13 15:00,completed,credit_card,,0
102353,1574,2024-08-13 16:56,completed,credit_card,,0
102354,3532,2024-08-13 19:47,completed,apple_pay,,0
102355,3598,2024-08-13 20:24,completed,credit_card,,0
102356,2569,2024-08-13 20:40,completed,paypal,,6.95
102357,3127,2024-08-13 23:33,completed,credit_card,,6.95
102358,3348,2024-08-13 23:42,completed,credit_card,,6.95
102359,247,2024-08-14 06:03,returned,credit_card,WELCOME10,0
102360,2914,2024-08-14 06:40,completed,credit_card,WELCOME10,0
102361,1756,2024-08-14 07:10,completed,paypal,,0
102362,3144,2024-08-14 11:17,completed,apple_pay,,0
102363,16,2024-08-14 12:12,canceled,apple_pay,,6.95
102364,2887,2024-08-14 12:21,completed,credit_card,,0
102365,2979,2024-08-14 12:46,completed,credit_card,,0
102366,2487,2024-08-14 17:08,completed,credit_card,,6.95
102367,536,2024-08-15 06:19,completed,credit_card,,6.95
102368,1654,2024-08-15 10:33,completed,paypal,,0
102369,1876,2024-08-15 10:53,completed,paypal,,0
102370,3099,2024-08-15 11:27,completed,paypal,,0
102371,2127,2024-08-15 11:52,completed,credit_card,,0
102372,1351,2024-08-15 13:18,completed,gift_card,,0
102373,3235,2024-08-15 13:29,completed,credit_card,,0
102374,3146,2024-08-15 20:07,returned,credit_card,,6.95
102375,126,2024-08-15 23:35,completed,gift_card,,0
102376,135,2024-08-15 23:53,completed,credit_card,,6.95
102377,484,2024-08-16 06:01,completed,credit_card,,0
102378,1104,2024-08-16 07:19,completed,paypal,,0
102379,1552,2024-08-16 11:25,completed,paypal,,0
102380,1264,2024-08-16 14:16,completed,credit_card,WELCOME10,0
102381,1467,2024-08-16 14:33,completed,credit_card,,0
102382,3127,2024-08-16 14:37,completed,credit_card,,0
102383,2752,2024-08-16 15:30,completed,credit_card,,0
102384,2538,2024-08-16 16:33,completed,credit_card,,0
102385,3598,2024-08-16 18:04,completed,paypal,,0
102386,3127,2024-08-16 22:30,completed,credit_card,,0
102387,3531,2024-08-17 07:32,completed,gift_card,,0
102388,1229,2024-08-17 09:46,completed,credit_card,,6.95
102389,2158,2024-08-17 09:59,completed,gift_card,,0
102390,930,2024-08-17 12:13,completed,apple_pay,,0
102391,3531,2024-08-17 13:43,completed,apple_pay,,0
102392,1104,2024-08-17 16:19,completed,credit_card,,0
102393,1355,2024-08-17 16:44,completed,credit_card,,0
102394,2439,2024-08-17 19:02,completed,credit_card,WELCOME10,6.95
102395,2569,2024-08-17 21:48,completed,paypal,,0
102396,2957,2024-08-17 22:04,completed,apple_pay,,0
102397,1058,2024-08-17 23:08,completed,credit_card,,0
102398,100,2024-08-17 23:34,completed,apple_pay,,0
102399,1209,2024-08-18 07:00,completed,credit_card,,0
102400,181,2024-08-18 10:19,completed,credit_card,,0
102401,2646,2024-08-18 10:39,completed,credit_card,,0
102402,885,2024-08-18 11:03,completed,paypal,,0
102403,1192,2024-08-18 12:54,completed,credit_card,WELCOME10,0
102404,1470,2024-08-18 13:06,completed,credit_card,,6.95
102405,737,2024-08-18 13:36,completed,gift_card,,6.95
102406,1891,2024-08-18 14:45,completed,credit_card,,6.95
102407,3526,2024-08-18 15:03,completed,apple_pay,WELCOME10,0
102408,2796,2024-08-18 15:07,completed,apple_pay,,0
102409,2602,2024-08-18 16:44,completed,credit_card,,6.95
102410,2908,2024-08-18 18:27,completed,credit_card,,0
102411,1298,2024-08-18 18:45,completed,credit_card,,0
102412,885,2024-08-18 19:18,returned,credit_card,,0
102413,1298,2024-08-18 20:09,completed,credit_card,,0
102414,343,2024-08-18 22:33,completed,credit_card,,0
102415,3291,2024-08-18 22:52,completed,credit_card,,6.95
102416,2707,2024-08-19 06:33,completed,credit_card,,0
102417,2821,2024-08-19 06:43,completed,apple_pay,,0
102418,519,2024-08-19 08:36,completed,credit_card,,6.95
102419,2360,2024-08-19 08:51,completed,paypal,,0
102420,3069,2024-08-19 13:16,returned,credit_card,,0
102421,28,2024-08-19 13:26,returned,apple_pay,,0
102422,2162,2024-08-19 14:26,completed,paypal,,6.95
102423,2995,2024-08-19 14:36,canceled,paypal,,6.95
102424,1607,2024-08-19 16:01,completed,paypal,,0
102425,3514,2024-08-19 17:18,completed,credit_card,,6.95
102426,135,2024-08-19 17:34,returned,credit_card,,0
102427,2024,2024-08-19 18:23,completed,credit_card,,0
102428,1625,2024-08-19 20:19,completed,gift_card,,0
102429,443,2024-08-19 21:11,completed,credit_card,,0
102430,1047,2024-08-20 10:23,completed,apple_pay,,0
102431,2039,2024-08-20 13:23,completed,credit_card,,0
102432,2182,2024-08-20 14:11,completed,credit_card,,0
102433,170,2024-08-20 19:05,completed,credit_card,WELCOME10,0
102434,1298,2024-08-20 20:14,completed,credit_card,,6.95
102435,1288,2024-08-21 07:49,completed,paypal,,0
102436,725,2024-08-21 07:50,completed,apple_pay,WELCOME10,0
102437,1443,2024-08-21 10:11,completed,credit_card,,6.95
102438,780,2024-08-21 12:48,completed,credit_card,,0
102439,307,2024-08-21 15:34,completed,paypal,,6.95
102440,2941,2024-08-21 16:45,completed,credit_card,,0
102441,2270,2024-08-21 19:44,completed,credit_card,,6.95
102442,1104,2024-08-21 19:57,completed,credit_card,,0
102443,3348,2024-08-21 20:12,completed,apple_pay,,0
102444,1979,2024-08-21 21:23,completed,credit_card,,0
102445,1806,2024-08-21 22:12,completed,credit_card,,6.95
102446,258,2024-08-22 09:53,completed,credit_card,,0
102447,1132,2024-08-22 10:50,completed,credit_card,,0
102448,2270,2024-08-22 11:27,completed,paypal,,6.95
102449,1390,2024-08-22 11:31,completed,apple_pay,,0
102450,3270,2024-08-22 11:55,completed,apple_pay,WELCOME10,6.95
102451,651,2024-08-22 13:49,completed,apple_pay,,0
102452,2821,2024-08-22 14:50,completed,apple_pay,,0
102453,96,2024-08-22 15:54,completed,credit_card,,0
102454,307,2024-08-22 17:06,completed,paypal,,0
102455,2520,2024-08-22 17:10,completed,paypal,,0
102456,443,2024-08-22 22:36,returned,credit_card,,0
102457,2341,2024-08-22 23:09,completed,credit_card,,0
102458,401,2024-08-23 06:42,completed,credit_card,,0
102459,1752,2024-08-23 09:14,completed,credit_card,,0
102460,2160,2024-08-23 14:08,completed,paypal,,0
102461,115,2024-08-23 17:10,canceled,credit_card,,0
102462,274,2024-08-23 17:53,completed,credit_card,,0
102463,3127,2024-08-23 19:18,completed,apple_pay,,6.95
102464,3526,2024-08-23 22:00,completed,credit_card,,0
102465,2728,2024-08-23 22:11,completed,apple_pay,,0
102466,2755,2024-08-23 23:38,canceled,credit_card,,0
102467,2078,2024-08-24 08:03,completed,gift_card,,0
102468,1870,2024-08-24 08:40,completed,apple_pay,,0
102345,68,2024-08-12 18:24,completed,credit_card,,0
102469,250,2024-08-24 13:09,completed,credit_card,,0
102470,1574,2024-08-24 14:13,canceled,paypal,,0
102471,2024,2024-08-24 14:35,canceled,apple_pay,,0
102472,662,2024-08-24 16:01,completed,credit_card,,0
102473,2012,2024-08-24 23:38,completed,credit_card,,0
102474,3208,2024-08-25 09:13,completed,credit_card,,0
102475,3249,2024-08-25 09:20,completed,credit_card,,6.95
102476,3014,2024-08-25 09:29,completed,paypal,,0
102477,656,2024-08-25 11:39,completed,credit_card,,6.95
102478,3238,2024-08-25 14:00,completed,credit_card,,0
102479,3261,2024-08-25 14:18,completed,paypal,,0
102480,2505,2024-08-25 19:04,completed,credit_card,,0
102481,1182,2024-08-25 19:34,completed,credit_card,,0
102482,443,2024-08-26 06:37,completed,paypal,,0
102483,1064,2024-08-26 07:27,canceled,paypal,,6.95
102484,1654,2024-08-26 07:33,returned,paypal,WELCOME10,0
102485,656,2024-08-26 10:35,completed,credit_card,,6.95
102486,2361,2024-08-26 12:16,completed,paypal,,0
102487,2753,2024-08-26 13:22,completed,credit_card,,0
102488,2024,2024-08-26 15:07,completed,credit_card,,0
102489,2914,2024-08-26 15:58,completed,paypal,,0
102490,3419,2024-08-26 20:32,completed,credit_card,,6.95
102491,3531,2024-08-26 23:14,completed,credit_card,,0
102492,2821,2024-08-26 23:15,completed,paypal,,6.95
102493,507,2024-08-26 23:15,completed,credit_card,,6.95
106886,3570,2025-08-03 19:42,completed,credit_card,,6.95
102494,1951,2024-08-26 23:28,completed,credit_card,,0
102495,3537,2024-08-26 23:50,completed,credit_card,,0
102496,304,2024-08-27 06:13,completed,credit_card,,0
102497,274,2024-08-27 06:15,completed,credit_card,,0
102498,1104,2024-08-27 07:01,completed,credit_card,,6.95
102499,2285,2024-08-27 09:01,returned,paypal,,6.95
102500,3127,2024-08-27 09:39,completed,credit_card,,6.95
102501,2449,2024-08-27 09:48,completed,paypal,,6.95
102502,1903,2024-08-27 10:04,completed,credit_card,,6.95
102503,159,2024-08-27 11:13,completed,apple_pay,,0
102504,2885,2024-08-27 11:51,completed,credit_card,,0
102505,1070,2024-08-27 13:00,canceled,gift_card,,0
102506,1302,2024-08-27 15:46,completed,credit_card,,0
102507,3531,2024-08-27 16:21,completed,paypal,,0
102508,3222,2024-08-27 16:49,completed,credit_card,,6.95
102509,3208,2024-08-27 19:29,returned,credit_card,,0
102510,334,2024-08-27 22:57,completed,credit_card,,0
102511,3452,2024-08-27 23:08,completed,credit_card,,0
102512,2589,2024-08-28 08:41,completed,apple_pay,,0
102513,1467,2024-08-28 10:27,completed,credit_card,,6.95
102514,1134,2024-08-28 10:29,completed,paypal,,0
102515,1756,2024-08-28 14:28,completed,credit_card,,6.95
102516,107,2024-08-28 17:17,completed,apple_pay,,0
102517,1254,2024-08-28 20:08,completed,paypal,,0
102518,1907,2024-08-28 20:24,completed,credit_card,,0
102519,2006,2024-08-28 21:56,completed,paypal,,0
102520,2505,2024-08-29 06:32,completed,credit_card,,0
102521,383,2024-08-29 08:34,completed,credit_card,,0
102522,1104,2024-08-29 09:41,completed,paypal,,0
102523,1625,2024-08-29 12:18,completed,gift_card,,0
102524,2363,2024-08-29 15:26,completed,paypal,,0
102525,2821,2024-08-29 20:25,completed,apple_pay,,0
102526,592,2024-08-29 20:55,completed,paypal,,0
102527,1153,2024-08-30 06:49,completed,credit_card,,6.95
102528,239,2024-08-30 07:37,completed,credit_card,,0
102529,135,2024-08-30 09:47,completed,credit_card,,0
102530,239,2024-08-30 09:59,completed,gift_card,,0
102531,1091,2024-08-30 15:49,completed,credit_card,,0
102532,1390,2024-08-30 16:02,completed,credit_card,,0
102533,885,2024-08-30 17:21,completed,credit_card,,0
102534,778,2024-08-30 17:32,completed,credit_card,,6.95
102535,1763,2024-08-30 18:05,completed,credit_card,,0
102536,1153,2024-08-30 18:49,completed,credit_card,,0
102537,2270,2024-08-30 19:03,completed,credit_card,,0
102538,3222,2024-08-30 21:32,canceled,credit_card,,0
102539,2192,2024-08-30 22:00,completed,paypal,,0
102540,3530,2024-08-31 07:21,completed,paypal,,0
102541,2480,2024-08-31 09:05,completed,credit_card,,0
102542,2863,2024-08-31 09:21,completed,credit_card,,6.95
102543,2192,2024-08-31 09:49,completed,credit_card,,6.95
102544,343,2024-08-31 10:41,completed,apple_pay,,0
102545,2946,2024-08-31 10:54,completed,credit_card,,6.95
102546,3208,2024-08-31 13:54,completed,credit_card,,6.95
102547,2292,2024-08-31 14:07,completed,gift_card,WELCOME10,0
102548,852,2024-08-31 14:58,completed,paypal,,6.95
102549,1759,2024-08-31 16:28,completed,credit_card,,0
102550,3041,2024-08-31 18:18,completed,credit_card,,0
102551,2718,2024-08-31 18:51,completed,paypal,,0
102552,2024,2024-08-31 19:44,completed,apple_pay,,0
102553,1775,2024-08-31 20:26,completed,credit_card,,0
102554,3198,2024-08-31 21:57,completed,credit_card,,6.95
102555,2118,2024-09-01 07:59,completed,credit_card,,0
102556,1443,2024-09-01 09:44,completed,credit_card,,0
102557,2796,2024-09-01 10:58,completed,credit_card,,0
102558,1574,2024-09-01 11:40,completed,apple_pay,,6.95
102559,2728,2024-09-01 11:58,canceled,apple_pay,,0
102560,2277,2024-09-01 13:07,completed,paypal,,0
102561,3146,2024-09-01 15:10,completed,credit_card,,0
102562,334,2024-09-01 15:16,completed,apple_pay,,0
102563,2465,2024-09-01 15:28,completed,credit_card,,0
102564,181,2024-09-01 17:39,returned,credit_card,,0
102565,2500,2024-09-01 19:28,completed,paypal,,0
102566,2127,2024-09-01 20:08,completed,credit_card,,0
102567,3419,2024-09-01 22:06,completed,credit_card,,0
102568,1454,2024-09-01 22:47,completed,credit_card,,0
102569,2270,2024-09-01 23:45,completed,credit_card,,0
102570,2475,2024-09-02 06:38,completed,credit_card,,0
102571,1625,2024-09-02 06:38,completed,apple_pay,,0
102572,1876,2024-09-02 08:39,completed,paypal,WELCOME10,6.95
102573,135,2024-09-02 08:42,completed,credit_card,,0
102574,3598,2024-09-02 10:48,completed,credit_card,,0
102575,2127,2024-09-02 10:51,completed,credit_card,,0
102576,737,2024-09-02 11:10,returned,credit_card,,0
102577,1870,2024-09-02 11:33,completed,credit_card,,0
102578,2164,2024-09-02 11:35,completed,credit_card,WELCOME10,0
102579,2127,2024-09-02 12:04,completed,credit_card,,0
102580,2439,2024-09-02 15:07,completed,paypal,WELCOME10,0
102581,2361,2024-09-02 15:29,canceled,paypal,,0
102582,1134,2024-09-02 20:46,completed,paypal,,6.95
102583,1625,2024-09-02 21:39,completed,paypal,,6.95
102584,2821,2024-09-03 08:24,completed,paypal,,0
102585,1104,2024-09-03 16:40,completed,credit_card,,6.95
102586,3265,2024-09-03 16:42,completed,credit_card,,0
102587,1752,2024-09-03 17:39,completed,credit_card,,0
102588,2579,2024-09-03 19:30,canceled,paypal,,0
102589,1798,2024-09-03 20:16,completed,paypal,,6.95
102590,2579,2024-09-03 22:29,completed,apple_pay,WELCOME10,0
102591,3348,2024-09-03 22:38,completed,credit_card,,0
102592,1175,2024-09-03 23:44,completed,credit_card,,0
102593,1907,2024-09-04 06:47,completed,apple_pay,,0
102594,1104,2024-09-04 07:43,completed,apple_pay,WELCOME10,6.95
102595,3007,2024-09-04 14:19,completed,apple_pay,,0
102596,1104,2024-09-04 15:41,completed,apple_pay,,6.95
102597,3265,2024-09-04 16:00,completed,credit_card,,6.95
102598,2642,2024-09-04 17:48,canceled,paypal,,0
102599,3208,2024-09-04 20:45,canceled,paypal,,0
102600,2127,2024-09-04 22:10,completed,apple_pay,,6.95
102601,1951,2024-09-05 08:49,completed,paypal,,0
102602,1870,2024-09-05 09:05,completed,paypal,,0
102603,1298,2024-09-05 09:48,completed,credit_card,,0
102604,2753,2024-09-05 11:30,completed,apple_pay,,6.95
102605,3337,2024-09-05 13:51,completed,paypal,WELCOME10,0
102606,930,2024-09-05 14:12,completed,credit_card,,0
102607,1256,2024-09-05 16:13,completed,credit_card,,0
102608,115,2024-09-05 17:57,completed,credit_card,,0
102609,3069,2024-09-05 17:59,returned,credit_card,,0
102610,1085,2024-09-06 08:14,completed,apple_pay,,6.95
102611,1516,2024-09-06 12:29,completed,paypal,,0
102612,2559,2024-09-06 14:01,completed,apple_pay,,0
102613,307,2024-09-06 19:57,completed,paypal,,0
102614,1435,2024-09-06 21:02,completed,apple_pay,,0
102615,143,2024-09-06 22:58,completed,credit_card,,0
102616,399,2024-09-06 23:16,returned,paypal,WELCOME10,6.95
102617,3452,2024-09-07 07:54,completed,credit_card,,0
102618,3069,2024-09-07 07:55,completed,gift_card,,0
102619,2821,2024-09-07 08:12,completed,credit_card,,0
102620,1058,2024-09-07 09:28,completed,credit_card,,0
102621,1911,2024-09-07 12:53,completed,paypal,,0
102622,2938,2024-09-07 14:41,completed,paypal,,0
102623,1064,2024-09-07 15:50,completed,paypal,,6.95
104855,1806,2025-02-27 11:35,completed,apple_pay,,0
102624,2796,2024-09-07 20:43,completed,credit_card,,0
102625,1153,2024-09-07 22:59,completed,gift_card,,0
102626,507,2024-09-08 07:54,completed,credit_card,,0
102627,3272,2024-09-08 08:18,returned,paypal,,0
102628,3419,2024-09-08 10:16,completed,gift_card,,0
102629,239,2024-09-08 13:46,completed,credit_card,,6.95
102630,3401,2024-09-08 15:23,completed,credit_card,,6.95
102631,1346,2024-09-08 15:30,completed,paypal,,0
102632,3044,2024-09-08 16:49,completed,credit_card,,0
102633,283,2024-09-08 17:29,completed,credit_card,,6.95
102634,2267,2024-09-08 18:45,completed,apple_pay,,0
102635,79,2024-09-08 19:00,completed,gift_card,,6.95
102636,2944,2024-09-08 19:36,canceled,apple_pay,,0
102637,1230,2024-09-08 20:39,completed,apple_pay,,6.95
102638,135,2024-09-08 21:01,completed,gift_card,,0
102639,2753,2024-09-09 07:40,completed,apple_pay,,0
102640,3102,2024-09-09 08:01,completed,gift_card,,0
102641,2821,2024-09-09 09:19,returned,credit_card,,0
102642,3380,2024-09-09 12:44,completed,credit_card,,0
102643,2343,2024-09-09 13:21,completed,gift_card,,0
102644,1876,2024-09-09 13:32,completed,apple_pay,,0
102645,3270,2024-09-09 16:51,completed,credit_card,,0
102646,2960,2024-09-09 17:40,completed,credit_card,,0
102647,3460,2024-09-09 20:47,completed,credit_card,,0
102648,3231,2024-09-09 21:54,returned,paypal,,0
102649,2192,2024-09-10 08:43,completed,apple_pay,,0
102650,780,2024-09-10 09:42,returned,paypal,,0
102651,3069,2024-09-10 10:36,completed,apple_pay,,0
102652,2580,2024-09-10 11:10,completed,paypal,,0
102653,1943,2024-09-10 12:39,completed,credit_card,,0
102654,3356,2024-09-10 13:44,completed,credit_card,,6.95
102655,2270,2024-09-10 16:05,completed,apple_pay,,0
102656,3356,2024-09-10 16:27,completed,credit_card,,0
102657,1047,2024-09-10 17:59,completed,paypal,,0
102658,2281,2024-09-10 19:30,completed,credit_card,,0
102659,249,2024-09-10 22:11,completed,apple_pay,,6.95
102660,3531,2024-09-10 23:09,completed,paypal,,0
102661,2755,2024-09-11 06:41,completed,credit_card,,0
102662,3109,2024-09-11 09:35,completed,paypal,,0
102663,2947,2024-09-11 09:56,completed,credit_card,,0
103209,875,2024-11-03 09:28,completed,paypal,WELCOME10,0
102664,3250,2024-09-11 13:22,canceled,apple_pay,,0
102665,3419,2024-09-11 13:48,completed,gift_card,,0
102666,48,2024-09-11 14:51,completed,gift_card,,0
102667,2577,2024-09-11 21:20,completed,apple_pay,,0
102668,307,2024-09-11 21:50,completed,credit_card,,6.95
102669,9,2024-09-11 23:03,completed,paypal,,0
102670,2127,2024-09-12 09:52,completed,credit_card,,0
102671,334,2024-09-12 15:23,returned,apple_pay,,0
102672,2317,2024-09-12 15:50,completed,credit_card,,0
102673,3249,2024-09-12 23:31,completed,paypal,,6.95
102674,1104,2024-09-13 06:00,completed,credit_card,,0
102675,2608,2024-09-13 07:50,completed,credit_card,,6.95
102676,135,2024-09-13 08:18,completed,credit_card,,0
102677,1064,2024-09-13 09:10,completed,credit_card,WELCOME10,0
102678,3493,2024-09-13 09:33,canceled,credit_card,,0
102679,126,2024-09-13 11:28,completed,credit_card,,0
102680,2821,2024-09-13 13:50,completed,paypal,,6.95
102681,710,2024-09-13 15:37,completed,credit_card,,0
102682,1104,2024-09-13 22:43,completed,credit_card,WELCOME10,0
102683,2197,2024-09-14 07:26,completed,paypal,,0
102684,3272,2024-09-14 08:39,completed,credit_card,,0
102685,274,2024-09-14 10:03,completed,credit_card,,0
102686,3272,2024-09-14 10:57,completed,paypal,,0
102687,3222,2024-09-14 12:20,completed,credit_card,,0
102688,2268,2024-09-14 14:47,completed,paypal,,0
102689,3526,2024-09-14 15:36,completed,credit_card,,0
102690,1264,2024-09-14 16:59,completed,apple_pay,,0
102691,1182,2024-09-14 17:50,completed,apple_pay,,6.95
102692,1104,2024-09-14 21:20,completed,apple_pay,,0
102693,2753,2024-09-14 21:40,completed,apple_pay,,0
102694,949,2024-09-14 21:55,completed,gift_card,WELCOME10,0
102695,1165,2024-09-15 06:05,completed,apple_pay,,0
102696,304,2024-09-15 07:17,completed,apple_pay,,0
102697,445,2024-09-15 07:24,canceled,credit_card,WELCOME10,0
102698,2118,2024-09-15 07:30,completed,apple_pay,,0
102699,2979,2024-09-15 10:01,completed,credit_card,,6.95
102700,3009,2024-09-15 10:39,completed,credit_card,,0
102701,885,2024-09-15 13:28,completed,apple_pay,WELCOME10,6.95
102702,1654,2024-09-15 14:41,completed,paypal,,6.95
102703,2278,2024-09-15 15:59,completed,gift_card,,0
102704,274,2024-09-15 18:30,completed,credit_card,,0
102705,3015,2024-09-15 20:48,canceled,credit_card,,0
102706,3505,2024-09-15 22:05,completed,gift_card,,0
102707,1943,2024-09-16 06:24,completed,credit_card,,6.95
102708,2539,2024-09-16 08:02,completed,credit_card,,0
102709,1876,2024-09-16 08:31,completed,paypal,,0
102710,2574,2024-09-16 12:35,returned,credit_card,,0
102711,1134,2024-09-16 13:54,completed,apple_pay,WELCOME10,0
102712,417,2024-09-16 14:39,completed,credit_card,WELCOME10,0
102713,540,2024-09-16 15:44,completed,credit_card,,0
102714,1104,2024-09-16 17:48,completed,credit_card,,0
102715,3531,2024-09-16 19:05,completed,apple_pay,,0
102716,2958,2024-09-16 19:12,completed,gift_card,,0
102717,3531,2024-09-16 19:37,completed,credit_card,,0
102718,3454,2024-09-16 21:00,completed,apple_pay,,6.95
102719,2160,2024-09-16 22:57,completed,credit_card,,6.95
102720,123,2024-09-17 06:43,completed,credit_card,,6.95
102721,2559,2024-09-17 10:35,completed,paypal,,0
102722,1064,2024-09-17 10:44,returned,credit_card,,0
102723,1104,2024-09-17 11:33,completed,credit_card,,6.95
102724,135,2024-09-17 15:56,completed,credit_card,,0
102725,2821,2024-09-17 17:05,completed,paypal,,6.95
102726,759,2024-09-17 17:10,completed,gift_card,,0
102727,2464,2024-09-17 17:32,completed,credit_card,,0
102728,96,2024-09-17 19:47,completed,apple_pay,,0
102729,2579,2024-09-17 20:17,completed,credit_card,,0
102730,1625,2024-09-18 09:04,returned,paypal,,6.95
102731,1891,2024-09-18 09:39,completed,credit_card,,0
102732,1153,2024-09-18 09:39,completed,apple_pay,,0
102733,3320,2024-09-18 14:05,completed,credit_card,,0
102734,1137,2024-09-18 15:02,completed,credit_card,,0
102735,3099,2024-09-18 16:33,completed,paypal,,0
101380,2821,2024-05-15 16:28,completed,credit_card,,0
102736,239,2024-09-18 18:24,completed,credit_card,,0
102737,1480,2024-09-18 22:26,completed,credit_card,,0
102738,1939,2024-09-19 07:00,completed,gift_card,,6.95
102739,1523,2024-09-19 07:22,completed,credit_card,,0
102740,78,2024-09-19 07:54,completed,apple_pay,,6.95
102741,840,2024-09-19 10:09,returned,credit_card,,6.95
102742,3531,2024-09-19 11:47,completed,paypal,,0
102743,100,2024-09-19 15:01,completed,gift_card,,0
102744,3533,2024-09-19 17:08,completed,paypal,,0
102745,1759,2024-09-19 18:35,completed,credit_card,,0
102746,3531,2024-09-19 18:40,completed,apple_pay,,0
102747,2743,2024-09-19 21:41,completed,credit_card,,0
102748,1047,2024-09-20 14:56,completed,credit_card,,6.95
102749,1104,2024-09-20 16:15,completed,credit_card,,0
102750,1717,2024-09-20 18:08,completed,gift_card,,0
102751,249,2024-09-20 19:54,completed,paypal,,0
102752,2821,2024-09-20 20:41,completed,credit_card,,0
102753,3452,2024-09-20 22:13,returned,paypal,,0
102754,2203,2024-09-20 22:55,completed,paypal,,0
102755,930,2024-09-21 07:23,completed,paypal,,6.95
102756,1375,2024-09-21 08:53,completed,credit_card,,0
102757,710,2024-09-21 09:32,completed,apple_pay,,0
102758,2856,2024-09-21 10:58,completed,credit_card,,0
102759,2808,2024-09-21 11:31,completed,gift_card,,0
102760,269,2024-09-21 12:14,completed,paypal,,0
102761,1480,2024-09-21 12:23,completed,credit_card,,0
102762,19,2024-09-21 13:26,completed,paypal,,0
102763,1080,2024-09-21 16:49,completed,gift_card,,6.95
102764,2593,2024-09-21 17:24,returned,gift_card,,0
102765,949,2024-09-21 21:39,completed,paypal,,0
102766,2642,2024-09-21 23:13,completed,credit_card,,0
102767,3152,2024-09-22 09:00,completed,apple_pay,,0
102768,3250,2024-09-22 09:06,canceled,paypal,,6.95
102769,2300,2024-09-22 12:07,completed,credit_card,,0
102770,2181,2024-09-22 13:58,completed,credit_card,,0
102771,206,2024-09-22 16:04,completed,paypal,,0
102772,3250,2024-09-22 19:03,completed,credit_card,,0
102773,2960,2024-09-22 19:14,completed,credit_card,,0
102774,3356,2024-09-22 19:25,completed,apple_pay,,0
102775,3099,2024-09-22 21:09,completed,credit_card,,0
102776,2118,2024-09-22 21:25,completed,credit_card,,6.95
102777,3543,2024-09-22 23:24,canceled,credit_card,,0
102778,2716,2024-09-23 09:51,completed,credit_card,,0
102779,1104,2024-09-23 13:27,returned,paypal,,0
102780,2471,2024-09-23 17:39,completed,credit_card,,0
102781,181,2024-09-23 17:54,returned,credit_card,,0
102782,2300,2024-09-23 21:13,completed,apple_pay,,0
102783,2944,2024-09-23 22:04,completed,apple_pay,,0
102784,1081,2024-09-23 22:46,completed,apple_pay,,0
102785,3356,2024-09-24 09:05,completed,apple_pay,,6.95
102786,2189,2024-09-24 09:56,completed,paypal,,0
102787,2511,2024-09-24 11:07,completed,gift_card,,0
102788,770,2024-09-24 13:06,completed,credit_card,WELCOME10,0
102789,920,2024-09-25 06:22,completed,paypal,,6.95
102790,424,2024-09-25 10:38,completed,credit_card,,0
102791,968,2024-09-25 11:38,completed,credit_card,,0
102792,2270,2024-09-25 16:00,completed,paypal,,6.95
102793,3531,2024-09-25 16:20,completed,credit_card,,0
102794,2577,2024-09-25 16:58,completed,credit_card,,6.95
102795,2192,2024-09-25 18:42,completed,paypal,,0
102796,2197,2024-09-25 19:17,completed,credit_card,,0
102797,710,2024-09-25 19:36,completed,apple_pay,,6.95
102798,2752,2024-09-26 07:17,returned,paypal,,0
102799,1179,2024-09-26 07:27,completed,credit_card,,0
102800,2439,2024-09-26 10:23,completed,paypal,,0
102801,3175,2024-09-26 13:23,completed,apple_pay,,6.95
102802,1197,2024-09-26 14:55,completed,credit_card,,6.95
102803,85,2024-09-26 16:17,completed,paypal,,0
102804,135,2024-09-26 18:16,returned,credit_card,,0
102805,2269,2024-09-27 06:16,completed,apple_pay,,0
102806,962,2024-09-27 09:29,completed,apple_pay,,6.95
102807,2624,2024-09-27 09:41,completed,apple_pay,,0
102808,115,2024-09-27 11:25,completed,credit_card,,0
102809,484,2024-09-27 11:35,completed,credit_card,,6.95
102810,3125,2024-09-27 13:33,completed,apple_pay,,6.95
102811,1625,2024-09-27 15:06,completed,credit_card,,0
102812,2449,2024-09-27 17:14,returned,paypal,,0
102813,1717,2024-09-27 17:57,completed,credit_card,,0
102814,2420,2024-09-27 20:17,completed,credit_card,,0
102815,334,2024-09-27 20:48,completed,credit_card,,6.95
102816,1736,2024-09-28 06:17,completed,credit_card,,0
102817,2235,2024-09-28 08:03,completed,paypal,,0
102818,48,2024-09-28 10:28,completed,paypal,,0
102819,2346,2024-09-28 15:28,completed,credit_card,,0
102820,1470,2024-09-28 20:22,completed,paypal,,0
102821,780,2024-09-28 20:33,completed,paypal,,0
102822,2371,2024-09-28 22:03,completed,credit_card,,6.95
102823,775,2024-09-28 23:39,completed,credit_card,,6.95
102824,3552,2024-09-29 09:34,completed,credit_card,,6.95
102825,1467,2024-09-29 11:11,completed,paypal,,6.95
102826,847,2024-09-29 12:41,completed,credit_card,,0
102827,3494,2024-09-29 15:59,completed,credit_card,,0
102828,3348,2024-09-29 16:52,completed,credit_card,,0
102829,2995,2024-09-29 17:20,completed,paypal,,0
102830,304,2024-09-29 22:05,completed,paypal,,0
102831,2122,2024-09-29 23:06,completed,credit_card,,0
102832,239,2024-09-29 23:13,completed,gift_card,,0
102833,3419,2024-09-29 23:31,completed,apple_pay,,6.95
102834,2371,2024-09-30 09:34,completed,paypal,,0
102835,2278,2024-09-30 11:24,completed,credit_card,,6.95
102836,3231,2024-09-30 13:16,completed,apple_pay,,0
102837,2407,2024-09-30 15:38,completed,credit_card,,0
102838,3348,2024-09-30 18:42,completed,credit_card,,0
102839,443,2024-09-30 19:32,completed,apple_pay,,0
102840,96,2024-09-30 20:01,completed,credit_card,,0
102841,2248,2024-09-30 20:14,returned,credit_card,,0
102842,2024,2024-09-30 22:23,completed,credit_card,,0
102843,123,2024-10-01 06:27,completed,paypal,,0
102844,2396,2024-10-01 08:23,completed,credit_card,,0
102845,519,2024-10-01 08:29,completed,credit_card,,6.95
102846,2640,2024-10-01 10:39,completed,paypal,WELCOME10,0
102847,3301,2024-10-01 21:29,completed,credit_card,,0
102848,1329,2024-10-01 22:36,completed,paypal,,6.95
102849,3419,2024-10-01 23:23,completed,apple_pay,,0
102850,2292,2024-10-02 13:04,completed,credit_card,,0
102851,3069,2024-10-02 13:38,completed,credit_card,,0
102852,1153,2024-10-02 14:41,completed,credit_card,,0
102853,2593,2024-10-02 15:55,completed,credit_card,,0
102854,1085,2024-10-02 21:07,completed,paypal,,0
102855,2278,2024-10-02 21:28,completed,credit_card,,0
102856,519,2024-10-02 23:22,completed,credit_card,,0
102857,1838,2024-10-03 09:38,completed,credit_card,,0
102858,2174,2024-10-03 09:44,completed,paypal,,6.95
102859,1298,2024-10-03 09:53,completed,credit_card,,0
102860,1264,2024-10-03 10:33,completed,gift_card,,6.95
102861,789,2024-10-03 10:49,completed,credit_card,,6.95
102862,1593,2024-10-03 13:40,completed,credit_card,WELCOME10,0
102863,1375,2024-10-03 13:51,completed,credit_card,,0
102864,3436,2024-10-03 14:09,completed,credit_card,,0
102865,664,2024-10-03 14:28,completed,apple_pay,,0
102866,1470,2024-10-03 14:37,completed,paypal,,0
102867,930,2024-10-03 22:09,completed,credit_card,,0
102868,2577,2024-10-03 22:29,completed,gift_card,,6.95
102869,1208,2024-10-03 23:03,completed,apple_pay,,0
102870,443,2024-10-03 23:09,completed,credit_card,,6.95
102871,3356,2024-10-03 23:35,completed,credit_card,,0
102872,1552,2024-10-03 23:51,completed,apple_pay,,6.95
102873,3194,2024-10-04 07:04,completed,credit_card,,0
102874,3452,2024-10-04 08:17,completed,credit_card,,0
102875,1939,2024-10-04 10:09,completed,paypal,,0
102876,1355,2024-10-04 11:14,completed,paypal,,6.95
102877,1264,2024-10-04 12:25,completed,apple_pay,,6.95
102878,2160,2024-10-04 12:35,completed,credit_card,,0
102879,3249,2024-10-04 15:13,completed,credit_card,,0
102880,526,2024-10-04 16:06,completed,credit_card,,0
102881,207,2024-10-04 17:38,completed,paypal,WELCOME10,6.95
102882,1939,2024-10-04 19:17,completed,paypal,,0
102883,181,2024-10-04 20:21,completed,credit_card,,0
102884,1625,2024-10-04 22:56,completed,paypal,,0
102885,3598,2024-10-04 23:51,completed,credit_card,,0
102886,2164,2024-10-05 06:10,completed,credit_card,,0
102887,1450,2024-10-05 07:35,completed,apple_pay,,6.95
102888,1929,2024-10-05 08:34,returned,credit_card,,0
102889,98,2024-10-05 09:34,completed,credit_card,,0
102890,3419,2024-10-05 10:50,completed,apple_pay,,0
102891,2346,2024-10-05 11:59,completed,credit_card,,6.95
102892,2436,2024-10-05 16:59,completed,credit_card,,0
102893,2407,2024-10-05 17:08,completed,credit_card,,0
102894,107,2024-10-05 20:48,completed,credit_card,,0
102895,199,2024-10-05 21:47,completed,paypal,,0
102896,3018,2024-10-06 14:38,completed,paypal,,0
102897,1104,2024-10-06 17:29,completed,paypal,,0
102898,371,2024-10-06 17:58,completed,apple_pay,,0
102899,1137,2024-10-06 18:07,completed,credit_card,,0
102900,737,2024-10-06 18:59,completed,credit_card,,0
102901,3261,2024-10-06 23:29,completed,credit_card,,6.95
102902,1295,2024-10-07 06:04,completed,gift_card,WELCOME10,6.95
102903,507,2024-10-07 06:49,completed,paypal,,0
102904,2872,2024-10-07 07:58,completed,apple_pay,WELCOME10,0
102905,1104,2024-10-07 08:40,completed,credit_card,,0
102906,2624,2024-10-07 12:56,canceled,credit_card,,0
102907,3144,2024-10-07 14:10,canceled,paypal,,6.95
102908,770,2024-10-07 15:11,completed,credit_card,,0
102909,519,2024-10-07 17:08,completed,credit_card,,0
102910,1264,2024-10-07 17:25,returned,gift_card,,0
102911,1876,2024-10-07 20:05,completed,apple_pay,,0
102912,1208,2024-10-08 09:54,completed,credit_card,,0
102913,3277,2024-10-08 10:41,completed,paypal,,0
102914,2743,2024-10-08 11:44,completed,credit_card,,0
102915,2004,2024-10-08 15:21,completed,paypal,,0
102916,2268,2024-10-08 22:19,completed,apple_pay,,0
102917,1179,2024-10-08 22:19,completed,credit_card,,6.95
102918,3320,2024-10-08 22:28,completed,gift_card,,0
102919,2826,2024-10-09 06:21,completed,credit_card,,0
102920,710,2024-10-09 06:58,completed,paypal,,0
102921,597,2024-10-09 10:40,completed,paypal,,0
102922,3208,2024-10-09 12:38,completed,credit_card,,6.95
102923,507,2024-10-09 12:50,completed,paypal,,6.95
102924,1134,2024-10-09 15:10,completed,credit_card,,0
102925,1255,2024-10-09 17:24,completed,credit_card,,0
102926,2004,2024-10-09 18:04,completed,credit_card,,6.95
102927,28,2024-10-09 20:08,completed,credit_card,,0
102928,391,2024-10-09 21:31,completed,apple_pay,,0
102929,3105,2024-10-09 22:09,completed,apple_pay,WELCOME10,0
102930,1389,2024-10-09 22:16,completed,apple_pay,,0
102931,1763,2024-10-10 12:06,completed,apple_pay,,0
102932,19,2024-10-10 12:33,completed,paypal,,0
102933,1911,2024-10-10 18:42,completed,credit_card,,0
102934,2355,2024-10-10 19:45,completed,paypal,,6.95
102935,2947,2024-10-10 20:56,completed,paypal,,0
102936,1662,2024-10-10 21:28,completed,apple_pay,,6.95
102937,458,2024-10-10 22:39,completed,credit_card,,0
102938,3348,2024-10-11 12:35,completed,credit_card,,0
102939,1967,2024-10-11 13:28,completed,credit_card,,0
102940,443,2024-10-11 15:26,completed,credit_card,,0
102941,382,2024-10-11 16:01,completed,credit_card,,0
102942,3532,2024-10-11 17:44,completed,paypal,,0
102943,1574,2024-10-11 17:51,completed,credit_card,,6.95
102944,2753,2024-10-11 17:52,completed,credit_card,,0
102945,3291,2024-10-11 19:55,canceled,paypal,,0
102946,3143,2024-10-11 20:01,completed,credit_card,,0
102947,1777,2024-10-12 06:15,completed,apple_pay,,0
102948,1654,2024-10-12 06:55,completed,credit_card,WELCOME10,0
102949,107,2024-10-12 10:00,completed,credit_card,,0
102950,1929,2024-10-12 15:15,completed,credit_card,,6.95
102951,2197,2024-10-12 18:39,completed,credit_card,,6.95
102952,597,2024-10-12 19:22,canceled,paypal,,0
102953,334,2024-10-12 19:33,returned,credit_card,,0
102954,725,2024-10-12 20:10,completed,apple_pay,,0
102955,123,2024-10-12 20:28,completed,credit_card,,0
102956,976,2024-10-12 21:00,completed,credit_card,,0
102957,1197,2024-10-12 21:06,completed,credit_card,,0
102958,307,2024-10-12 22:09,completed,paypal,,0
102959,526,2024-10-12 22:21,completed,credit_card,,0
102960,2963,2024-10-13 06:09,completed,paypal,,0
102961,3333,2024-10-13 07:27,completed,credit_card,,6.95
102962,2918,2024-10-13 08:04,completed,gift_card,,0
102963,900,2024-10-13 09:57,completed,paypal,,0
102964,2162,2024-10-13 10:01,completed,apple_pay,,0
102965,827,2024-10-13 11:37,completed,paypal,,0
102966,307,2024-10-13 13:54,completed,paypal,,0
102967,2752,2024-10-13 14:18,completed,paypal,,0
102968,28,2024-10-13 17:27,canceled,gift_card,,6.95
102969,1460,2024-10-13 18:21,completed,apple_pay,,0
102970,1754,2024-10-13 18:44,completed,paypal,,0
102971,840,2024-10-13 18:50,completed,credit_card,,0
102972,2821,2024-10-13 21:27,completed,credit_card,,6.95
102973,3198,2024-10-13 21:55,completed,apple_pay,,0
102974,2439,2024-10-14 07:21,completed,gift_card,,0
102975,175,2024-10-14 09:33,completed,gift_card,,0
102976,1137,2024-10-14 10:31,completed,paypal,WELCOME10,0
102977,401,2024-10-14 11:16,completed,credit_card,,6.95
102978,519,2024-10-14 11:30,completed,credit_card,,0
102979,1440,2024-10-14 12:36,completed,credit_card,,0
102980,1746,2024-10-14 13:04,completed,credit_card,,0
102981,139,2024-10-14 13:32,completed,credit_card,,0
102982,1911,2024-10-14 14:17,completed,credit_card,,0
102983,126,2024-10-14 14:56,completed,credit_card,,0
102984,3105,2024-10-14 16:16,completed,credit_card,,0
102985,3454,2024-10-14 17:07,completed,paypal,,0
102986,123,2024-10-14 18:52,completed,apple_pay,,0
102987,3014,2024-10-14 21:05,completed,credit_card,,6.95
102988,1124,2024-10-14 21:49,completed,apple_pay,WELCOME10,0
102989,479,2024-10-14 23:02,completed,paypal,,0
102990,3570,2024-10-15 07:59,completed,paypal,,0
102991,3146,2024-10-15 07:59,completed,credit_card,,0
102992,1033,2024-10-15 08:24,completed,paypal,,0
102993,3531,2024-10-15 10:02,completed,credit_card,,6.95
102994,1104,2024-10-15 14:35,completed,paypal,,0
102995,1829,2024-10-15 14:38,completed,credit_card,,6.95
102996,3419,2024-10-15 15:56,completed,credit_card,,6.95
102997,2355,2024-10-15 20:26,completed,credit_card,,0
102998,2004,2024-10-15 21:23,completed,credit_card,,0
102999,107,2024-10-16 08:11,completed,credit_card,,6.95
103000,2122,2024-10-16 12:34,completed,credit_card,,0
103001,977,2024-10-16 19:35,completed,paypal,,6.95
103002,2278,2024-10-16 20:42,completed,credit_card,,6.95
103003,3531,2024-10-16 23:14,completed,credit_card,WELCOME10,0
103004,3301,2024-10-17 06:13,completed,paypal,,0
103005,3531,2024-10-17 06:32,completed,gift_card,,0
103006,28,2024-10-17 09:13,completed,paypal,,0
103007,1454,2024-10-17 10:09,completed,paypal,,0
103008,2439,2024-10-17 10:30,completed,paypal,,0
103009,306,2024-10-17 11:52,completed,apple_pay,WELCOME10,0
103010,2496,2024-10-17 12:04,completed,credit_card,,6.95
103011,3099,2024-10-17 13:59,completed,credit_card,,0
103012,1964,2024-10-17 14:10,completed,credit_card,,0
103013,2505,2024-10-17 14:50,completed,credit_card,,0
103014,3231,2024-10-17 15:38,completed,paypal,,0
103015,2743,2024-10-17 17:17,completed,credit_card,,0
103016,249,2024-10-17 21:45,completed,credit_card,,0
103017,2523,2024-10-17 22:46,completed,paypal,,0
103018,1759,2024-10-17 23:08,completed,credit_card,,0
103019,3262,2024-10-18 06:47,completed,gift_card,,0
103020,2186,2024-10-18 12:01,completed,paypal,,0
103021,115,2024-10-18 14:28,completed,apple_pay,,0
103022,519,2024-10-18 16:23,completed,credit_card,,6.95
103023,2683,2024-10-18 21:33,completed,credit_card,,0
103024,1552,2024-10-18 23:03,completed,credit_card,,0
103025,135,2024-10-18 23:30,completed,credit_card,,6.95
103026,283,2024-10-19 07:19,completed,paypal,,0
103027,1470,2024-10-19 10:17,completed,credit_card,,0
103028,1786,2024-10-19 10:46,completed,credit_card,,0
103029,2743,2024-10-19 10:49,completed,credit_card,,6.95
103030,274,2024-10-19 12:33,completed,apple_pay,,0
103031,320,2024-10-19 12:53,completed,credit_card,,0
103032,2412,2024-10-19 13:40,completed,credit_card,,6.95
103033,1488,2024-10-19 17:26,completed,apple_pay,,6.95
103034,306,2024-10-19 19:54,completed,credit_card,,0
103035,3122,2024-10-19 21:36,completed,apple_pay,,0
103036,1526,2024-10-19 23:45,completed,credit_card,,0
103037,2669,2024-10-20 06:08,completed,credit_card,,0
103038,2160,2024-10-20 06:20,returned,credit_card,,0
103039,3419,2024-10-20 09:06,completed,credit_card,,6.95
103040,2453,2024-10-20 13:59,completed,credit_card,,0
103041,519,2024-10-20 14:02,completed,credit_card,,6.95
103042,2619,2024-10-20 14:22,completed,credit_card,,6.95
103043,3399,2024-10-20 14:36,completed,paypal,,0
103044,930,2024-10-20 14:49,completed,credit_card,,0
103045,251,2024-10-20 15:21,completed,credit_card,,0
103046,3208,2024-10-20 16:12,completed,paypal,,0
103047,259,2024-10-20 16:32,completed,paypal,,0
103048,2821,2024-10-20 16:59,returned,credit_card,WELCOME10,0
103049,1759,2024-10-20 18:26,completed,apple_pay,,0
103050,3314,2024-10-20 21:47,completed,apple_pay,,6.95
103051,838,2024-10-20 22:47,completed,credit_card,,0
103052,304,2024-10-20 22:52,completed,credit_card,WELCOME10,0
103053,2269,2024-10-21 09:27,completed,apple_pay,,0
103054,343,2024-10-21 10:14,completed,credit_card,,6.95
103055,135,2024-10-21 12:58,completed,credit_card,,0
103056,2270,2024-10-21 13:25,completed,gift_card,,0
103057,1654,2024-10-21 15:57,completed,apple_pay,,0
103058,2646,2024-10-21 16:34,completed,paypal,,0
103059,2743,2024-10-21 16:55,completed,apple_pay,,0
103060,1312,2024-10-21 21:25,completed,credit_card,,6.95
103061,2300,2024-10-21 23:34,completed,credit_card,,0
103062,33,2024-10-22 06:05,completed,credit_card,,0
103063,600,2024-10-22 06:25,completed,paypal,,6.95
103064,2511,2024-10-22 09:24,completed,paypal,,0
103065,2033,2024-10-22 09:48,completed,credit_card,,6.95
103066,3372,2024-10-22 10:17,returned,credit_card,,0
103067,1598,2024-10-22 11:46,completed,gift_card,,0
103068,951,2024-10-22 13:45,completed,credit_card,,6.95
103069,1715,2024-10-22 14:20,completed,paypal,WELCOME10,0
103070,1443,2024-10-22 14:24,completed,apple_pay,,6.95
103071,304,2024-10-22 15:46,completed,credit_card,WELCOME10,0
103072,3014,2024-10-22 16:30,completed,apple_pay,,0
103073,2608,2024-10-22 21:45,completed,apple_pay,,0
103074,1709,2024-10-22 23:34,completed,paypal,,0
103075,1967,2024-10-23 06:21,completed,credit_card,,0
103076,1153,2024-10-23 06:44,completed,paypal,,0
103077,2538,2024-10-23 07:00,completed,paypal,,0
103078,1552,2024-10-23 07:20,completed,credit_card,,0
103079,1122,2024-10-23 08:01,completed,credit_card,,0
103080,840,2024-10-23 09:47,completed,apple_pay,,0
103081,2511,2024-10-23 11:51,completed,gift_card,WELCOME10,0
103082,1104,2024-10-23 11:54,completed,credit_card,,0
103083,2017,2024-10-23 13:55,completed,credit_card,,0
103084,1786,2024-10-23 17:55,completed,credit_card,,6.95
103085,3012,2024-10-23 18:29,completed,apple_pay,,6.95
103086,1450,2024-10-23 18:43,completed,gift_card,,0
103087,484,2024-10-23 20:39,completed,credit_card,,6.95
103088,2942,2024-10-24 09:07,completed,paypal,,0
103089,3069,2024-10-24 11:32,completed,credit_card,,0
103090,659,2024-10-24 12:50,completed,credit_card,,6.95
103091,3348,2024-10-24 17:24,completed,credit_card,,0
109068,1981,2025-12-20 13:27,completed,credit_card,HOLIDAY20,6.95
103092,1552,2024-10-24 19:08,completed,credit_card,,0
103093,2796,2024-10-24 19:54,canceled,paypal,,0
103094,1866,2024-10-25 06:05,returned,credit_card,,6.95
103095,2821,2024-10-25 06:32,canceled,credit_card,,0
103096,3348,2024-10-25 06:36,returned,paypal,,6.95
103097,2821,2024-10-25 09:01,completed,credit_card,,0
103098,3007,2024-10-25 10:24,completed,credit_card,,0
103099,250,2024-10-25 10:43,completed,paypal,,6.95
103100,1352,2024-10-25 11:30,completed,gift_card,,0
103101,2439,2024-10-25 12:28,completed,credit_card,,0
103102,307,2024-10-25 14:47,completed,credit_card,,0
103103,1759,2024-10-25 20:30,completed,paypal,,0
103104,1531,2024-10-25 20:57,completed,credit_card,,0
103105,852,2024-10-25 21:04,completed,credit_card,,0
103106,2394,2024-10-25 21:24,completed,paypal,,0
103107,2268,2024-10-25 22:19,completed,apple_pay,,0
103108,48,2024-10-25 23:01,completed,paypal,WELCOME10,0
103109,135,2024-10-25 23:12,completed,paypal,,0
103110,2559,2024-10-26 06:57,completed,credit_card,,0
103111,2283,2024-10-26 09:16,completed,credit_card,,0
103112,2186,2024-10-26 10:15,completed,credit_card,,0
103113,2222,2024-10-26 15:24,canceled,credit_card,,0
103114,2182,2024-10-26 15:37,completed,credit_card,,0
103115,2162,2024-10-26 15:50,completed,credit_card,,0
103116,967,2024-10-26 19:55,completed,apple_pay,,6.95
103117,1104,2024-10-26 20:42,completed,credit_card,,6.95
103118,1759,2024-10-26 21:52,returned,credit_card,,0
103119,2061,2024-10-26 22:29,completed,paypal,,0
103120,1104,2024-10-26 23:05,canceled,credit_card,,6.95
103121,2439,2024-10-27 08:11,completed,credit_card,,6.95
103122,3340,2024-10-27 09:58,completed,credit_card,,0
103123,2361,2024-10-27 11:48,canceled,credit_card,,0
103124,48,2024-10-27 13:43,completed,credit_card,,0
103125,2360,2024-10-27 14:21,completed,credit_card,,0
103126,283,2024-10-27 14:44,completed,credit_card,,6.95
103127,519,2024-10-27 15:28,completed,credit_card,,6.95
103128,2436,2024-10-27 17:32,completed,gift_card,,0
103129,3127,2024-10-27 18:20,completed,apple_pay,,0
103130,1552,2024-10-27 21:04,completed,paypal,,0
103131,1838,2024-10-28 06:55,completed,credit_card,,6.95
103132,2012,2024-10-28 08:53,completed,apple_pay,,6.95
103133,1033,2024-10-28 10:50,returned,paypal,,0
103134,2580,2024-10-28 11:54,completed,paypal,,0
103135,1175,2024-10-28 12:11,completed,credit_card,,0
103136,1454,2024-10-28 12:20,completed,gift_card,,0
103137,395,2024-10-28 15:21,completed,apple_pay,,0
103138,2278,2024-10-28 17:04,completed,credit_card,,0
103139,89,2024-10-28 18:54,completed,credit_card,,0
103140,1488,2024-10-28 21:55,completed,credit_card,,6.95
103141,283,2024-10-28 22:02,completed,credit_card,,0
103142,3475,2024-10-29 06:15,completed,credit_card,,0
103143,852,2024-10-29 06:27,completed,credit_card,,6.95
103144,2237,2024-10-29 07:15,completed,apple_pay,,0
103145,229,2024-10-29 07:20,returned,credit_card,,0
103146,1443,2024-10-29 08:45,completed,credit_card,WELCOME10,0
103147,2285,2024-10-29 10:56,completed,credit_card,,0
103148,889,2024-10-29 11:20,completed,credit_card,,0
103149,1813,2024-10-29 14:11,completed,apple_pay,,0
103150,3416,2024-10-29 18:22,canceled,credit_card,,0
103151,2577,2024-10-29 20:38,completed,credit_card,,0
103152,2436,2024-10-29 21:49,completed,apple_pay,,0
103153,3147,2024-10-30 06:29,completed,paypal,,0
103154,1137,2024-10-30 12:04,completed,gift_card,,6.95
103155,2436,2024-10-30 12:16,completed,paypal,,0
103156,135,2024-10-30 13:00,completed,credit_card,,0
103157,1124,2024-10-30 14:10,completed,apple_pay,,0
103158,3270,2024-10-30 14:35,canceled,apple_pay,,6.95
103159,2160,2024-10-30 17:29,completed,credit_card,,6.95
103160,1443,2024-10-30 17:32,completed,credit_card,,0
103161,3018,2024-10-30 18:47,completed,credit_card,,0
103162,759,2024-10-30 19:07,completed,paypal,,0
103163,2962,2024-10-30 21:55,completed,credit_card,,0
103164,2755,2024-10-30 22:20,completed,credit_card,,0
103165,711,2024-10-30 22:22,canceled,credit_card,,6.95
103166,2267,2024-10-30 23:36,completed,credit_card,,6.95
103167,1664,2024-10-31 06:55,completed,credit_card,WELCOME10,0
103168,2118,2024-10-31 08:18,completed,credit_card,,0
103169,7,2024-10-31 11:04,completed,apple_pay,,0
103170,1552,2024-10-31 12:19,completed,apple_pay,,0
103171,3503,2024-10-31 15:17,completed,credit_card,WELCOME10,0
103172,3301,2024-10-31 15:18,completed,credit_card,,0
103173,1295,2024-10-31 17:41,completed,credit_card,WELCOME10,0
103174,1777,2024-10-31 20:49,completed,credit_card,,0
103175,1908,2024-11-01 06:08,completed,apple_pay,HOLIDAY20,0
103176,1292,2024-11-01 09:23,completed,credit_card,HOLIDAY20,0
103177,3320,2024-11-01 09:28,completed,paypal,,6.95
103178,2637,2024-11-01 09:52,completed,credit_card,,0
103179,1552,2024-11-01 10:03,completed,apple_pay,WELCOME10,0
103180,1098,2024-11-01 10:56,completed,credit_card,,0
103181,693,2024-11-01 12:45,completed,gift_card,,0
103182,2371,2024-11-01 16:06,completed,apple_pay,,6.95
103183,1466,2024-11-01 17:29,completed,paypal,,0
103184,1295,2024-11-01 20:09,completed,paypal,HOLIDAY20,0
103185,175,2024-11-01 21:15,completed,credit_card,HOLIDAY20,0
103186,3570,2024-11-01 22:10,completed,credit_card,HOLIDAY20,0
103187,115,2024-11-02 06:20,completed,paypal,HOLIDAY20,0
103188,3014,2024-11-02 06:44,completed,credit_card,HOLIDAY20,6.95
103189,2267,2024-11-02 07:49,completed,credit_card,,0
103190,1104,2024-11-02 08:11,completed,credit_card,,6.95
103191,2394,2024-11-02 08:33,completed,apple_pay,HOLIDAY20,0
103192,775,2024-11-02 08:52,completed,credit_card,HOLIDAY20,0
103193,1073,2024-11-02 09:35,completed,credit_card,HOLIDAY20,6.95
103194,1061,2024-11-02 09:43,completed,credit_card,,0
103195,2743,2024-11-02 11:03,completed,credit_card,,0
103196,1916,2024-11-02 11:14,completed,credit_card,,0
103197,1085,2024-11-02 11:33,completed,credit_card,,0
103198,3399,2024-11-02 13:56,completed,apple_pay,HOLIDAY20,0
103199,3124,2024-11-02 15:03,completed,credit_card,,0
103200,443,2024-11-02 15:47,completed,credit_card,,0
103201,2986,2024-11-02 15:56,completed,credit_card,,6.95
103202,734,2024-11-02 20:34,completed,paypal,,6.95
103203,1662,2024-11-02 21:38,completed,credit_card,HOLIDAY20,6.95
103204,3532,2024-11-02 22:44,completed,paypal,,0
103205,1870,2024-11-03 06:22,completed,credit_card,,0
103206,3015,2024-11-03 08:54,completed,credit_card,,0
103207,2887,2024-11-03 08:58,completed,apple_pay,,0
103208,2118,2024-11-03 09:16,completed,apple_pay,,0
103209,875,2024-11-03 09:28,completed,paypal,WELCOME10,0
103210,1870,2024-11-03 11:36,completed,apple_pay,,6.95
103211,3231,2024-11-03 12:44,completed,paypal,HOLIDAY20,0
103212,837,2024-11-03 12:45,completed,paypal,HOLIDAY20,6.95
103213,2906,2024-11-03 12:53,completed,credit_card,,0
103214,19,2024-11-03 13:33,completed,credit_card,,6.95
103215,915,2024-11-03 15:02,completed,credit_card,,6.95
103216,2995,2024-11-03 16:03,completed,credit_card,HOLIDAY20,0
103217,3531,2024-11-03 16:37,completed,gift_card,,0
103218,2821,2024-11-03 18:45,completed,credit_card,HOLIDAY20,0
103219,2763,2024-11-03 19:56,completed,credit_card,,6.95
103220,1654,2024-11-03 22:18,completed,credit_card,,0
103221,2887,2024-11-04 07:38,completed,credit_card,,0
103222,2436,2024-11-04 10:56,completed,credit_card,HOLIDAY20,0
103223,2101,2024-11-04 11:33,returned,credit_card,,0
103224,2355,2024-11-04 13:11,completed,credit_card,,0
103225,1225,2024-11-04 14:09,completed,credit_card,,6.95
103226,1308,2024-11-04 14:46,completed,credit_card,HOLIDAY20,0
103227,2995,2024-11-04 15:43,completed,credit_card,HOLIDAY20,0
103228,2436,2024-11-04 15:58,completed,credit_card,HOLIDAY20,6.95
103229,2387,2024-11-04 18:32,completed,credit_card,HOLIDAY20,6.95
103230,2951,2024-11-04 19:26,completed,credit_card,HOLIDAY20,0
103231,1229,2024-11-04 20:23,completed,credit_card,HOLIDAY20,0
103232,115,2024-11-04 22:40,completed,credit_card,HOLIDAY20,6.95
103233,2925,2024-11-04 22:47,completed,credit_card,HOLIDAY20,0
103234,3531,2024-11-05 07:29,completed,credit_card,,0
103235,1104,2024-11-05 08:59,completed,gift_card,HOLIDAY20,0
103236,1658,2024-11-05 11:00,completed,credit_card,,6.95
103237,1295,2024-11-05 12:15,completed,credit_card,,0
103238,3475,2024-11-05 12:17,completed,credit_card,,0
103239,1104,2024-11-05 14:06,completed,credit_card,,0
103240,1375,2024-11-05 14:27,completed,apple_pay,HOLIDAY20,0
103241,2914,2024-11-05 14:37,completed,apple_pay,,0
103242,775,2024-11-05 15:17,completed,credit_card,,0
103243,2439,2024-11-05 15:18,completed,credit_card,,0
103244,2520,2024-11-05 15:41,completed,credit_card,,0
103245,2821,2024-11-05 19:17,completed,credit_card,,0
103246,1273,2024-11-05 20:12,completed,credit_card,HOLIDAY20,0
103247,876,2024-11-05 23:13,completed,paypal,,0
103248,2947,2024-11-05 23:36,completed,paypal,HOLIDAY20,6.95
103249,3250,2024-11-06 06:04,completed,credit_card,,0
103250,1302,2024-11-06 08:03,completed,credit_card,,6.95
103251,3487,2024-11-06 08:04,completed,paypal,,0
103252,2778,2024-11-06 09:43,completed,paypal,HOLIDAY20,0
103253,2947,2024-11-06 10:42,completed,credit_card,,0
103254,3007,2024-11-06 11:31,returned,credit_card,WELCOME10,0
103255,2693,2024-11-06 12:16,returned,credit_card,,0
103256,780,2024-11-06 17:42,completed,gift_card,,0
103257,1658,2024-11-06 18:24,completed,paypal,HOLIDAY20,0
103258,592,2024-11-06 20:19,completed,credit_card,,0
103259,2118,2024-11-07 08:22,completed,gift_card,,6.95
103260,107,2024-11-07 08:56,completed,credit_card,,0
103261,3380,2024-11-07 10:14,completed,credit_card,HOLIDAY20,6.95
103262,588,2024-11-07 11:28,completed,credit_card,,6.95
103263,48,2024-11-07 15:42,completed,paypal,,6.95
103264,2743,2024-11-07 16:02,completed,credit_card,HOLIDAY20,0
103265,2651,2024-11-07 16:57,completed,credit_card,,0
103266,2169,2024-11-07 17:43,completed,paypal,HOLIDAY20,6.95
103267,1466,2024-11-07 17:50,returned,paypal,,6.95
103268,2460,2024-11-07 22:37,completed,credit_card,,0
103269,683,2024-11-08 06:49,completed,credit_card,HOLIDAY20,0
103270,3418,2024-11-08 07:08,completed,credit_card,,0
103271,3147,2024-11-08 09:30,completed,credit_card,,6.95
103272,479,2024-11-08 14:38,completed,credit_card,,0
103273,2375,2024-11-08 15:43,completed,credit_card,HOLIDAY20,6.95
103274,1308,2024-11-08 15:56,completed,credit_card,,0
103275,2407,2024-11-08 18:09,completed,credit_card,,6.95
103276,1152,2024-11-08 20:20,canceled,credit_card,,6.95
103277,3419,2024-11-08 21:34,returned,credit_card,,0
103278,2197,2024-11-08 22:25,completed,credit_card,HOLIDAY20,0
103279,2602,2024-11-08 22:32,canceled,paypal,HOLIDAY20,0
103280,2189,2024-11-08 22:41,completed,credit_card,HOLIDAY20,0
103281,89,2024-11-08 22:44,completed,credit_card,HOLIDAY20,0
103282,3208,2024-11-09 06:36,completed,paypal,HOLIDAY20,0
103283,96,2024-11-09 07:01,completed,apple_pay,,0
103284,3291,2024-11-09 07:54,completed,credit_card,,0
103285,3401,2024-11-09 09:30,completed,credit_card,,0
103286,2577,2024-11-09 10:09,completed,credit_card,HOLIDAY20,0
103287,526,2024-11-09 10:24,completed,credit_card,,6.95
103288,1406,2024-11-09 10:53,completed,credit_card,,0
103289,803,2024-11-09 13:27,completed,credit_card,,0
103290,2164,2024-11-09 14:49,completed,apple_pay,HOLIDAY20,0
103291,1531,2024-11-09 17:30,completed,credit_card,,0
103292,3531,2024-11-09 17:49,completed,credit_card,HOLIDAY20,0
103293,1264,2024-11-09 18:00,completed,credit_card,HOLIDAY20,0
103294,2919,2024-11-09 18:09,completed,credit_card,HOLIDAY20,0
103295,247,2024-11-09 19:04,completed,credit_card,,0
103296,2577,2024-11-09 21:06,completed,paypal,,0
103297,2439,2024-11-10 06:27,completed,apple_pay,HOLIDAY20,0
103298,48,2024-11-10 07:11,completed,credit_card,HOLIDAY20,0
103299,607,2024-11-10 08:06,completed,apple_pay,HOLIDAY20,0
103300,107,2024-11-10 12:52,completed,paypal,,6.95
103301,3401,2024-11-10 15:25,completed,credit_card,,0
103302,1064,2024-11-10 17:10,canceled,credit_card,,0
103303,1224,2024-11-10 17:30,completed,credit_card,,0
103304,1229,2024-11-10 17:50,completed,credit_card,,0
103305,9,2024-11-10 18:25,completed,credit_card,,0
103306,3337,2024-11-10 18:34,completed,paypal,HOLIDAY20,0
103307,1763,2024-11-10 18:35,completed,credit_card,,0
103308,1153,2024-11-10 20:07,completed,paypal,HOLIDAY20,6.95
103309,2181,2024-11-10 21:11,completed,paypal,,0
103310,2460,2024-11-10 22:14,completed,paypal,WELCOME10,6.95
103311,307,2024-11-10 22:23,completed,credit_card,HOLIDAY20,0
103312,2958,2024-11-10 22:54,completed,apple_pay,WELCOME10,0
103313,758,2024-11-11 06:20,completed,credit_card,HOLIDAY20,0
103314,3222,2024-11-11 07:07,completed,credit_card,,0
103315,3262,2024-11-11 07:19,completed,credit_card,HOLIDAY20,0
103316,2341,2024-11-11 07:48,completed,credit_card,,0
103317,1244,2024-11-11 08:24,completed,paypal,,0
103318,2986,2024-11-11 08:55,completed,credit_card,,0
103319,2887,2024-11-11 10:42,completed,apple_pay,,0
103320,1256,2024-11-11 13:47,completed,credit_card,,0
103321,1777,2024-11-11 15:59,completed,credit_card,HOLIDAY20,0
103322,2099,2024-11-11 17:22,completed,credit_card,,6.95
103323,2049,2024-11-11 18:08,returned,paypal,,6.95
103324,600,2024-11-11 19:07,completed,paypal,,0
103325,3419,2024-11-11 20:35,completed,apple_pay,HOLIDAY20,6.95
103326,1777,2024-11-11 21:14,completed,credit_card,,0
103327,866,2024-11-11 21:29,completed,credit_card,,6.95
103328,3152,2024-11-11 21:51,returned,credit_card,,0
103329,519,2024-11-11 22:05,completed,paypal,,0
103330,1876,2024-11-11 22:50,completed,credit_card,,0
103331,3372,2024-11-12 06:17,completed,credit_card,,0
103332,89,2024-11-12 09:26,completed,apple_pay,HOLIDAY20,6.95
103333,2821,2024-11-12 11:10,completed,apple_pay,,0
103334,1759,2024-11-12 12:06,canceled,credit_card,WELCOME10,0
103335,1252,2024-11-12 14:17,completed,credit_card,,6.95
103336,2743,2024-11-12 16:34,completed,credit_card,,0
103337,2174,2024-11-12 17:31,completed,credit_card,,0
103338,1480,2024-11-12 17:34,completed,credit_card,,0
103339,2717,2024-11-12 18:49,completed,credit_card,,0
103340,2375,2024-11-12 19:01,completed,apple_pay,,6.95
103341,2743,2024-11-12 21:49,returned,credit_card,,0
103342,3416,2024-11-12 21:55,completed,credit_card,,0
103343,2577,2024-11-12 22:51,completed,credit_card,HOLIDAY20,6.95
103344,228,2024-11-12 22:58,canceled,credit_card,,0
103345,2821,2024-11-12 23:19,completed,credit_card,,0
103346,401,2024-11-13 06:43,completed,credit_card,HOLIDAY20,0
103347,1019,2024-11-13 06:54,completed,credit_card,WELCOME10,0
103348,1759,2024-11-13 09:28,completed,credit_card,,0
103349,3069,2024-11-13 13:28,completed,paypal,,0
103350,2919,2024-11-13 13:46,completed,apple_pay,,0
103351,830,2024-11-13 13:53,completed,paypal,,6.95
103352,2024,2024-11-13 15:56,completed,paypal,HOLIDAY20,0
103353,2589,2024-11-13 16:38,completed,paypal,,0
103354,659,2024-11-13 17:59,completed,paypal,HOLIDAY20,0
103355,2420,2024-11-13 18:03,completed,apple_pay,HOLIDAY20,6.95
103356,840,2024-11-13 20:04,completed,apple_pay,,0
103357,1728,2024-11-13 20:48,completed,credit_card,,0
103358,1786,2024-11-13 21:32,completed,credit_card,,0
103359,48,2024-11-13 23:04,completed,credit_card,,0
103360,79,2024-11-14 06:25,completed,apple_pay,WELCOME10,0
103361,482,2024-11-14 06:39,completed,paypal,WELCOME10,0
103362,85,2024-11-14 06:59,completed,credit_card,,6.95
103363,3426,2024-11-14 07:03,completed,apple_pay,HOLIDAY20,6.95
103364,2162,2024-11-14 08:07,completed,paypal,,0
103365,395,2024-11-14 08:08,completed,credit_card,HOLIDAY20,0
103366,1870,2024-11-14 08:36,returned,credit_card,HOLIDAY20,0
103367,2420,2024-11-14 11:41,completed,credit_card,HOLIDAY20,0
103368,2593,2024-11-14 14:19,completed,paypal,HOLIDAY20,6.95
103369,2925,2024-11-14 16:33,completed,paypal,,6.95
103370,2360,2024-11-14 17:20,completed,credit_card,HOLIDAY20,0
103371,721,2024-11-14 18:50,completed,credit_card,,0
103372,717,2024-11-14 20:30,completed,paypal,HOLIDAY20,0
103373,875,2024-11-14 20:40,completed,gift_card,,0
103374,2113,2024-11-14 21:05,completed,credit_card,HOLIDAY20,0
103375,1766,2024-11-14 21:06,completed,paypal,,0
103376,368,2024-11-14 21:42,completed,gift_card,,0
103377,1891,2024-11-14 22:03,completed,credit_card,,6.95
103378,830,2024-11-14 22:47,completed,credit_card,HOLIDAY20,0
103379,2113,2024-11-14 23:45,completed,credit_card,,6.95
103380,2976,2024-11-15 06:13,completed,credit_card,,0
103381,249,2024-11-15 06:22,completed,gift_card,,6.95
103382,926,2024-11-15 07:01,completed,apple_pay,,0
103383,170,2024-11-15 07:54,completed,credit_card,HOLIDAY20,6.95
103384,3127,2024-11-15 10:16,completed,credit_card,HOLIDAY20,0
103385,2925,2024-11-15 10:27,completed,credit_card,HOLIDAY20,0
103386,3434,2024-11-15 10:31,completed,paypal,HOLIDAY20,0
103387,2078,2024-11-15 14:49,completed,credit_card,,0
103388,2012,2024-11-15 15:24,completed,credit_card,,0
103389,1552,2024-11-15 17:12,completed,credit_card,,6.95
103390,3035,2024-11-15 18:00,completed,credit_card,,0
103391,1811,2024-11-15 18:06,completed,credit_card,,0
103392,693,2024-11-15 18:45,completed,paypal,,6.95
103393,48,2024-11-15 19:09,canceled,paypal,,0
103394,2593,2024-11-15 20:37,completed,paypal,,0
103395,1664,2024-11-16 07:25,completed,gift_card,,0
103396,2113,2024-11-16 09:35,completed,credit_card,,0
103397,1786,2024-11-16 10:15,completed,credit_card,,0
103398,1574,2024-11-16 12:05,completed,credit_card,HOLIDAY20,6.95
103399,3317,2024-11-16 13:36,completed,paypal,,6.95
103400,1466,2024-11-16 14:17,completed,paypal,,6.95
103401,3530,2024-11-16 16:10,returned,credit_card,,0
103402,380,2024-11-16 16:29,completed,credit_card,HOLIDAY20,0
103403,400,2024-11-16 18:16,completed,apple_pay,,6.95
103404,306,2024-11-16 19:04,completed,credit_card,HOLIDAY20,0
103405,3582,2024-11-16 19:46,completed,paypal,,0
103406,1746,2024-11-16 20:02,completed,credit_card,,0
103407,206,2024-11-16 20:38,completed,credit_card,,0
103408,2182,2024-11-16 21:43,completed,credit_card,,0
103409,298,2024-11-16 22:30,completed,credit_card,HOLIDAY20,0
103410,3526,2024-11-17 06:07,canceled,paypal,HOLIDAY20,6.95
103411,1104,2024-11-17 06:41,completed,paypal,,0
103412,2602,2024-11-17 07:19,completed,credit_card,HOLIDAY20,0
103413,2752,2024-11-17 08:46,completed,credit_card,,0
103414,2678,2024-11-17 10:27,completed,apple_pay,HOLIDAY20,0
103415,2752,2024-11-17 10:27,completed,credit_card,,0
103416,3356,2024-11-17 11:53,completed,apple_pay,,0
103417,2235,2024-11-17 12:08,completed,credit_card,HOLIDAY20,6.95
103418,2383,2024-11-17 13:33,completed,credit_card,HOLIDAY20,0
103419,2238,2024-11-17 16:49,completed,paypal,,0
103420,1593,2024-11-17 17:15,completed,credit_card,,6.95
103421,1830,2024-11-17 19:11,completed,credit_card,,0
103422,3014,2024-11-17 20:48,completed,paypal,,0
103423,3439,2024-11-17 21:48,canceled,apple_pay,,6.95
103424,2361,2024-11-17 22:04,returned,credit_card,,0
103425,3047,2024-11-17 22:11,completed,credit_card,,6.95
103426,133,2024-11-17 22:52,completed,credit_card,,0
103427,2183,2024-11-18 07:01,completed,gift_card,HOLIDAY20,0
103428,2906,2024-11-18 07:05,completed,apple_pay,,0
103429,3147,2024-11-18 07:07,completed,paypal,,0
103430,2856,2024-11-18 08:16,completed,paypal,,6.95
103431,48,2024-11-18 10:54,completed,credit_card,HOLIDAY20,0
103432,1153,2024-11-18 11:01,completed,paypal,,0
103433,2142,2024-11-18 11:10,completed,credit_card,,0
103434,1552,2024-11-18 12:44,completed,credit_card,HOLIDAY20,0
103435,3380,2024-11-18 14:51,completed,paypal,,6.95
103436,304,2024-11-18 17:14,completed,apple_pay,,0
103437,2033,2024-11-18 18:19,completed,credit_card,,0
103438,9,2024-11-18 18:34,completed,credit_card,,0
103439,3356,2024-11-18 19:30,completed,credit_card,,0
103440,2343,2024-11-18 20:43,completed,credit_card,HOLIDAY20,0
103441,443,2024-11-18 22:42,completed,credit_card,,0
103442,2925,2024-11-18 23:06,completed,credit_card,HOLIDAY20,0
103443,1785,2024-11-18 23:22,completed,credit_card,HOLIDAY20,0
103444,2333,2024-11-18 23:39,canceled,paypal,,0
103445,3255,2024-11-19 06:14,completed,credit_card,HOLIDAY20,6.95
103446,2580,2024-11-19 06:52,completed,credit_card,,6.95
103447,3317,2024-11-19 07:56,completed,paypal,,0
103448,2743,2024-11-19 10:13,completed,credit_card,,0
103449,48,2024-11-19 11:07,completed,credit_card,HOLIDAY20,0
103450,1612,2024-11-19 11:23,completed,gift_card,HOLIDAY20,6.95
103451,900,2024-11-19 14:11,completed,paypal,,0
103452,2354,2024-11-19 14:15,completed,credit_card,,6.95
103453,775,2024-11-19 14:27,completed,credit_card,,0
103454,1786,2024-11-19 15:39,completed,credit_card,HOLIDAY20,0
103455,2396,2024-11-19 16:06,completed,credit_card,,0
103456,2360,2024-11-19 16:28,completed,credit_card,,6.95
103457,2821,2024-11-19 17:09,completed,credit_card,,0
103458,727,2024-11-19 20:32,completed,apple_pay,HOLIDAY20,0
103459,1870,2024-11-19 21:19,completed,credit_card,,0
103460,3348,2024-11-19 21:41,completed,credit_card,HOLIDAY20,0
103461,3036,2024-11-19 22:23,completed,credit_card,HOLIDAY20,6.95
103462,1876,2024-11-19 22:37,completed,credit_card,,0
103463,1091,2024-11-19 22:41,completed,credit_card,HOLIDAY20,0
103464,737,2024-11-20 07:31,completed,apple_pay,WELCOME10,0
103465,445,2024-11-20 08:45,completed,credit_card,,0
103466,2278,2024-11-20 08:47,completed,credit_card,,0
103467,145,2024-11-20 12:25,completed,credit_card,HOLIDAY20,0
103468,3356,2024-11-20 12:31,completed,paypal,HOLIDAY20,0
103469,2460,2024-11-20 13:23,completed,apple_pay,,0
103470,1104,2024-11-20 16:07,completed,credit_card,,0
103471,3564,2024-11-20 17:33,completed,apple_pay,,0
103472,3147,2024-11-20 18:07,completed,paypal,HOLIDAY20,6.95
103473,3231,2024-11-20 19:35,completed,credit_card,,0
103474,3439,2024-11-20 20:10,completed,credit_card,,0
103475,3099,2024-11-20 22:54,completed,paypal,HOLIDAY20,6.95
103476,2278,2024-11-20 23:16,completed,credit_card,HOLIDAY20,0
103477,3416,2024-11-21 06:40,completed,apple_pay,,0
103478,1870,2024-11-21 06:41,completed,paypal,,0
103479,1964,2024-11-21 08:04,completed,credit_card,,0
103480,1375,2024-11-21 10:53,completed,credit_card,,0
103481,902,2024-11-21 11:54,completed,credit_card,HOLIDAY20,6.95
103482,1132,2024-11-21 15:15,completed,gift_card,WELCOME10,6.95
103483,2089,2024-11-21 17:15,completed,credit_card,HOLIDAY20,0
103484,2475,2024-11-21 17:51,completed,credit_card,,6.95
103485,1717,2024-11-21 21:32,completed,credit_card,HOLIDAY20,0
103486,3406,2024-11-21 23:43,completed,paypal,WELCOME10,0
103487,2033,2024-11-22 07:04,completed,credit_card,,0
103488,2169,2024-11-22 09:10,completed,apple_pay,HOLIDAY20,6.95
103489,1870,2024-11-22 10:29,canceled,credit_card,,0
103490,2274,2024-11-22 11:35,completed,credit_card,,6.95
103491,2716,2024-11-22 11:49,completed,credit_card,,0
103492,737,2024-11-22 12:47,completed,credit_card,HOLIDAY20,6.95
103493,1454,2024-11-22 13:25,completed,credit_card,,0
103494,1369,2024-11-22 15:05,completed,credit_card,,6.95
103495,2520,2024-11-22 15:54,returned,credit_card,,0
103496,2833,2024-11-22 17:08,completed,paypal,HOLIDAY20,0
103497,3079,2024-11-22 18:30,completed,credit_card,,6.95
103498,2541,2024-11-22 19:07,completed,credit_card,HOLIDAY20,6.95
103499,119,2024-11-22 20:08,completed,credit_card,,6.95
103500,3105,2024-11-22 22:24,completed,credit_card,,0
103501,1664,2024-11-22 22:37,returned,gift_card,,0
103502,3144,2024-11-23 07:10,completed,paypal,HOLIDAY20,6.95
103503,343,2024-11-23 08:01,completed,credit_card,HOLIDAY20,6.95
103504,231,2024-11-23 09:14,completed,paypal,,0
103505,1964,2024-11-23 09:47,completed,credit_card,,6.95
103506,3291,2024-11-23 10:22,completed,paypal,,0
103507,1964,2024-11-23 11:18,completed,credit_card,,0
103508,3144,2024-11-23 11:46,completed,credit_card,,0
103509,1911,2024-11-23 13:19,completed,credit_card,,0
103510,2278,2024-11-23 14:32,completed,credit_card,,0
103511,2738,2024-11-23 15:27,completed,credit_card,,0
103512,966,2024-11-23 16:49,completed,paypal,,0
103513,1375,2024-11-23 18:15,completed,paypal,,6.95
103514,3419,2024-11-23 20:17,completed,credit_card,HOLIDAY20,0
103515,1870,2024-11-23 20:51,completed,paypal,,0
103516,2274,2024-11-23 22:48,canceled,credit_card,,6.95
103517,19,2024-11-24 06:48,completed,paypal,,0
103518,2821,2024-11-24 06:53,completed,paypal,,0
103519,994,2024-11-24 07:26,completed,credit_card,HOLIDAY20,0
103520,1137,2024-11-24 07:29,completed,paypal,,6.95
103521,2914,2024-11-24 08:16,completed,credit_card,HOLIDAY20,0
103522,1285,2024-11-24 08:39,completed,paypal,,0
103523,3238,2024-11-24 10:12,returned,paypal,,0
103524,1405,2024-11-24 10:38,completed,credit_card,,0
103525,986,2024-11-24 11:01,completed,paypal,,0
103526,2436,2024-11-24 11:22,completed,credit_card,,0
103527,2116,2024-11-24 11:24,completed,credit_card,,6.95
103528,2651,2024-11-24 11:34,completed,credit_card,,6.95
103529,1153,2024-11-24 12:22,completed,credit_card,,0
103530,913,2024-11-24 12:23,completed,apple_pay,,0
103531,531,2024-11-24 12:23,completed,credit_card,,0
103532,3337,2024-11-24 12:56,completed,credit_card,,0
103533,1104,2024-11-24 13:14,completed,credit_card,WELCOME10,0
103534,2995,2024-11-24 13:39,completed,paypal,,6.95
103535,2197,2024-11-24 14:31,completed,paypal,HOLIDAY20,0
103536,3127,2024-11-24 15:03,completed,apple_pay,,0
103537,1107,2024-11-24 15:31,completed,paypal,HOLIDAY20,6.95
103538,2577,2024-11-24 15:38,completed,gift_card,HOLIDAY20,6.95
103539,3069,2024-11-24 16:10,completed,credit_card,,0
103540,283,2024-11-24 16:53,completed,credit_card,,0
103541,1192,2024-11-24 17:26,completed,credit_card,HOLIDAY20,0
103542,2484,2024-11-24 18:56,completed,credit_card,HOLIDAY20,0
103543,395,2024-11-24 19:19,completed,paypal,,0
103544,2887,2024-11-24 19:34,completed,paypal,,0
103545,1039,2024-11-24 20:12,completed,credit_card,,6.95
103546,1295,2024-11-24 20:32,completed,apple_pay,,6.95
103547,473,2024-11-24 21:16,completed,credit_card,,0
103548,659,2024-11-24 21:55,completed,credit_card,,6.95
103549,249,2024-11-24 22:10,completed,credit_card,,0
103550,2004,2024-11-24 22:28,completed,credit_card,HOLIDAY20,6.95
103551,519,2024-11-24 23:13,completed,credit_card,,0
103552,1952,2024-11-25 06:42,completed,paypal,,0
103553,1552,2024-11-25 08:33,completed,paypal,,6.95
103554,2717,2024-11-25 08:35,returned,credit_card,HOLIDAY20,6.95
103555,1198,2024-11-25 09:36,completed,credit_card,,0
103556,2026,2024-11-25 10:26,canceled,credit_card,,0
103557,2593,2024-11-25 11:02,completed,apple_pay,HOLIDAY20,0
103558,1933,2024-11-25 11:33,completed,credit_card,,0
103559,2919,2024-11-25 12:33,completed,apple_pay,HOLIDAY20,0
103560,3007,2024-11-25 12:58,completed,credit_card,,0
103561,780,2024-11-25 13:28,canceled,paypal,,0
103562,1443,2024-11-25 13:36,completed,apple_pay,HOLIDAY20,0
103563,3356,2024-11-25 14:05,completed,credit_card,,0
103564,2394,2024-11-25 15:22,completed,credit_card,,0
103565,2197,2024-11-25 16:58,completed,apple_pay,,0
103566,1104,2024-11-25 18:09,completed,credit_card,WELCOME10,0
103567,2960,2024-11-25 18:24,completed,credit_card,HOLIDAY20,6.95
103568,1104,2024-11-25 19:31,completed,paypal,HOLIDAY20,0
103569,2449,2024-11-25 19:47,completed,paypal,HOLIDAY20,0
103570,519,2024-11-25 19:50,completed,credit_card,,0
103571,847,2024-11-25 19:55,completed,credit_card,,0
103572,2581,2024-11-25 20:23,completed,gift_card,HOLIDAY20,6.95
103573,3419,2024-11-25 20:32,completed,paypal,WELCOME10,6.95
103574,2919,2024-11-25 20:51,completed,apple_pay,,0
103575,304,2024-11-25 21:05,completed,credit_card,,0
103576,594,2024-11-25 21:17,completed,apple_pay,HOLIDAY20,6.95
103577,2693,2024-11-25 23:12,completed,credit_card,,0
103578,1375,2024-11-25 23:47,completed,credit_card,HOLIDAY20,0
103579,3069,2024-11-26 06:17,completed,paypal,HOLIDAY20,0
103580,2197,2024-11-26 06:58,completed,credit_card,HOLIDAY20,0
103581,1104,2024-11-26 07:00,completed,paypal,,0
103582,3270,2024-11-26 07:10,completed,credit_card,,0
103583,2029,2024-11-26 08:17,completed,apple_pay,,0
103584,1137,2024-11-26 08:44,completed,credit_card,,0
103585,3320,2024-11-26 09:12,completed,apple_pay,HOLIDAY20,0
103586,1296,2024-11-26 09:16,completed,credit_card,,0
103587,1044,2024-11-26 09:42,completed,credit_card,,0
103588,84,2024-11-26 09:47,completed,paypal,HOLIDAY20,6.95
103589,2099,2024-11-26 10:03,completed,credit_card,,6.95
103590,2738,2024-11-26 10:18,completed,paypal,HOLIDAY20,0
103591,1440,2024-11-26 10:33,completed,credit_card,,0
103592,837,2024-11-26 11:47,canceled,credit_card,,0
103593,994,2024-11-26 11:50,canceled,paypal,HOLIDAY20,0
103594,2651,2024-11-26 12:06,completed,credit_card,,0
103595,962,2024-11-26 12:14,completed,credit_card,,0
103596,3015,2024-11-26 12:28,completed,paypal,,0
103597,3452,2024-11-26 12:48,completed,paypal,,6.95
103598,2580,2024-11-26 13:06,completed,credit_card,HOLIDAY20,6.95
103599,3439,2024-11-26 15:17,completed,apple_pay,,0
103600,206,2024-11-26 15:55,completed,apple_pay,HOLIDAY20,6.95
103601,885,2024-11-26 16:16,completed,credit_card,,0
103602,458,2024-11-26 16:28,completed,credit_card,,6.95
103603,2089,2024-11-26 17:46,completed,apple_pay,,0
103604,2343,2024-11-26 18:59,completed,apple_pay,HOLIDAY20,0
103605,2500,2024-11-26 19:15,completed,credit_card,HOLIDAY20,0
103606,1891,2024-11-26 20:02,completed,credit_card,HOLIDAY20,0
103607,1104,2024-11-26 20:15,completed,credit_card,,0
103608,2099,2024-11-26 20:15,completed,credit_card,HOLIDAY20,0
103609,143,2024-11-26 20:52,completed,credit_card,,6.95
103610,85,2024-11-26 21:13,completed,paypal,,0
103611,2753,2024-11-26 21:43,completed,credit_card,,6.95
103612,1058,2024-11-26 22:28,completed,credit_card,,0
103613,304,2024-11-26 22:30,completed,apple_pay,,6.95
103614,1104,2024-11-26 23:27,completed,credit_card,HOLIDAY20,0
103615,758,2024-11-26 23:50,completed,credit_card,,0
103616,920,2024-11-26 23:51,completed,gift_card,HOLIDAY20,0
103617,3144,2024-11-27 06:15,completed,credit_card,,6.95
103618,803,2024-11-27 09:04,completed,credit_card,,6.95
103619,343,2024-11-27 09:10,completed,credit_card,,0
103620,29,2024-11-27 10:08,completed,credit_card,,0
103621,2361,2024-11-27 10:22,completed,credit_card,HOLIDAY20,0
103622,1375,2024-11-27 10:28,completed,apple_pay,WELCOME10,0
103623,1980,2024-11-27 11:17,completed,paypal,,0
103624,2061,2024-11-27 11:40,completed,paypal,HOLIDAY20,6.95
104259,1725,2025-01-05 09:59,completed,credit_card,WELCOME10,0
103625,2577,2024-11-27 12:12,completed,credit_card,HOLIDAY20,6.95
103626,284,2024-11-27 12:22,completed,credit_card,,0
103627,334,2024-11-27 12:29,completed,credit_card,HOLIDAY20,6.95
103628,1870,2024-11-27 13:02,completed,credit_card,,0
103629,247,2024-11-27 13:12,completed,credit_card,,0
103630,1153,2024-11-27 13:33,completed,credit_card,HOLIDAY20,0
103631,1153,2024-11-27 13:56,completed,paypal,HOLIDAY20,0
103632,2745,2024-11-27 14:04,completed,credit_card,,0
103633,3208,2024-11-27 15:00,completed,credit_card,HOLIDAY20,0
103634,422,2024-11-27 15:41,completed,credit_card,,6.95
103635,2360,2024-11-27 16:25,completed,paypal,HOLIDAY20,0
103636,2693,2024-11-27 16:49,completed,credit_card,,0
103637,1766,2024-11-27 17:21,canceled,apple_pay,HOLIDAY20,0
103638,788,2024-11-27 17:23,completed,credit_card,,0
103639,1209,2024-11-27 22:25,completed,apple_pay,,0
103640,2745,2024-11-27 22:33,completed,apple_pay,HOLIDAY20,6.95
103641,1980,2024-11-27 22:41,completed,credit_card,HOLIDAY20,6.95
103642,2893,2024-11-27 23:33,completed,credit_card,WELCOME10,6.95
103643,2640,2024-11-28 06:04,completed,credit_card,,6.95
103644,2407,2024-11-28 06:25,completed,credit_card,HOLIDAY20,6.95
103645,3014,2024-11-28 07:10,completed,paypal,,0
103646,1658,2024-11-28 08:00,completed,gift_card,WELCOME10,0
103647,3416,2024-11-28 08:07,completed,credit_card,,0
103648,3327,2024-11-28 08:48,completed,credit_card,HOLIDAY20,0
103649,3127,2024-11-28 09:43,completed,apple_pay,,0
103650,827,2024-11-28 10:40,completed,credit_card,,0
103651,1229,2024-11-28 12:06,completed,credit_card,,0
103652,1982,2024-11-28 12:15,completed,credit_card,WELCOME10,0
103653,3105,2024-11-28 12:44,completed,credit_card,,0
103654,576,2024-11-28 12:50,completed,credit_card,WELCOME10,6.95
103655,3035,2024-11-28 13:30,completed,credit_card,,0
103656,3394,2024-11-28 13:35,completed,gift_card,,0
103657,3108,2024-11-28 15:07,completed,credit_card,,0
103658,1104,2024-11-28 15:12,completed,credit_card,,0
103659,3035,2024-11-28 15:35,completed,paypal,HOLIDAY20,6.95
103660,1104,2024-11-28 15:43,completed,credit_card,HOLIDAY20,0
103661,1467,2024-11-28 15:50,completed,credit_card,,6.95
103662,1110,2024-11-28 16:02,completed,apple_pay,HOLIDAY20,6.95
103663,2039,2024-11-28 16:22,completed,credit_card,HOLIDAY20,0
103664,2003,2024-11-28 17:50,completed,credit_card,,0
103665,930,2024-11-28 18:19,completed,gift_card,,0
103666,1752,2024-11-28 19:48,completed,credit_card,HOLIDAY20,6.95
103667,2742,2024-11-28 23:37,completed,credit_card,,0
103668,1480,2024-11-28 23:38,completed,apple_pay,HOLIDAY20,0
103669,71,2024-11-29 06:05,completed,credit_card,,0
103670,3564,2024-11-29 06:33,completed,credit_card,HOLIDAY20,0
103671,1024,2024-11-29 06:56,completed,paypal,,0
103672,1229,2024-11-29 07:07,completed,apple_pay,,6.95
103673,1756,2024-11-29 07:23,completed,credit_card,,0
103674,275,2024-11-29 08:01,completed,credit_card,,0
103675,2640,2024-11-29 08:21,canceled,paypal,,0
103676,1813,2024-11-29 08:27,completed,credit_card,HOLIDAY20,0
103677,3146,2024-11-29 09:11,completed,apple_pay,,6.95
103678,2763,2024-11-29 10:23,completed,paypal,HOLIDAY20,0
103679,1461,2024-11-29 10:50,completed,paypal,HOLIDAY20,0
103680,2538,2024-11-29 10:59,canceled,credit_card,HOLIDAY20,6.95
103681,1104,2024-11-29 11:27,completed,paypal,,0
103682,3127,2024-11-29 11:37,completed,credit_card,HOLIDAY20,6.95
103683,3270,2024-11-29 12:49,returned,credit_card,,6.95
103684,2778,2024-11-29 13:17,returned,paypal,,0
103685,1964,2024-11-29 13:46,completed,credit_card,,0
103686,3027,2024-11-29 14:57,completed,credit_card,HOLIDAY20,0
103687,3552,2024-11-29 14:58,completed,credit_card,,0
103688,235,2024-11-29 15:31,completed,credit_card,,0
103689,1876,2024-11-29 16:31,completed,credit_card,,0
103690,2004,2024-11-29 17:05,completed,credit_card,,0
103691,1480,2024-11-29 17:28,completed,credit_card,HOLIDAY20,0
103692,330,2024-11-29 17:40,completed,paypal,HOLIDAY20,6.95
103693,2577,2024-11-29 18:12,completed,credit_card,HOLIDAY20,6.95
103694,1552,2024-11-29 18:47,completed,gift_card,HOLIDAY20,6.95
103695,682,2024-11-29 19:36,completed,credit_card,,6.95
103696,1479,2024-11-29 19:52,completed,credit_card,,0
103697,3399,2024-11-29 19:52,completed,credit_card,,0
103698,90,2024-11-29 20:04,completed,apple_pay,HOLIDAY20,0
103699,379,2024-11-29 20:09,completed,apple_pay,,6.95
103700,775,2024-11-29 20:35,completed,apple_pay,,6.95
103701,1552,2024-11-29 22:19,completed,paypal,,0
103702,2072,2024-11-29 22:23,completed,paypal,HOLIDAY20,6.95
103703,2426,2024-11-29 22:41,completed,paypal,HOLIDAY20,0
103704,576,2024-11-29 23:39,completed,credit_card,HOLIDAY20,6.95
103705,29,2024-11-30 06:24,completed,paypal,HOLIDAY20,0
103706,1375,2024-11-30 07:14,completed,credit_card,HOLIDAY20,0
103707,482,2024-11-30 07:18,completed,credit_card,,0
103708,3348,2024-11-30 08:00,completed,apple_pay,HOLIDAY20,0
103709,28,2024-11-30 08:54,completed,apple_pay,HOLIDAY20,0
103710,2683,2024-11-30 09:13,completed,credit_card,,0
103711,3348,2024-11-30 10:41,completed,paypal,HOLIDAY20,0
103712,1618,2024-11-30 11:22,completed,credit_card,,0
103713,1295,2024-11-30 11:39,completed,apple_pay,HOLIDAY20,0
103714,2181,2024-11-30 11:57,completed,credit_card,,0
103715,3532,2024-11-30 12:00,completed,paypal,,0
103716,1870,2024-11-30 12:55,completed,credit_card,HOLIDAY20,0
103717,866,2024-11-30 13:38,completed,apple_pay,,6.95
103718,1980,2024-11-30 13:46,completed,credit_card,,0
103719,2099,2024-11-30 13:48,canceled,credit_card,,6.95
103720,2743,2024-11-30 14:28,completed,gift_card,HOLIDAY20,6.95
103721,549,2024-11-30 15:37,completed,apple_pay,HOLIDAY20,0
103722,2248,2024-11-30 15:58,completed,credit_card,,0
103723,1234,2024-11-30 16:08,completed,credit_card,,0
103724,2535,2024-11-30 16:28,completed,credit_card,,0
103725,54,2024-11-30 16:41,completed,credit_card,,0
103726,79,2024-11-30 16:49,completed,credit_card,,0
103727,2277,2024-11-30 17:39,completed,paypal,HOLIDAY20,0
103728,2743,2024-11-30 18:22,completed,credit_card,HOLIDAY20,6.95
103729,1654,2024-11-30 19:57,completed,credit_card,,0
103730,3069,2024-11-30 21:32,completed,credit_card,,6.95
103731,175,2024-11-30 22:52,completed,credit_card,,6.95
103732,3208,2024-11-30 23:07,completed,credit_card,,0
103733,1104,2024-12-01 07:58,completed,credit_card,,6.95
103734,1137,2024-12-01 07:59,completed,credit_card,,0
103735,1256,2024-12-01 08:04,completed,apple_pay,HOLIDAY20,6.95
103736,1891,2024-12-01 09:07,completed,credit_card,,6.95
103737,1264,2024-12-01 10:16,completed,gift_card,,6.95
103738,1607,2024-12-01 11:40,completed,credit_card,HOLIDAY20,6.95
103739,3564,2024-12-01 11:44,completed,apple_pay,,0
103740,838,2024-12-01 11:49,completed,credit_card,HOLIDAY20,6.95
103741,135,2024-12-01 12:12,completed,credit_card,,0
103742,2449,2024-12-01 12:56,completed,gift_card,HOLIDAY20,6.95
103743,1470,2024-12-01 16:07,completed,credit_card,,0
103744,2426,2024-12-01 16:19,completed,credit_card,,0
103745,443,2024-12-01 16:50,canceled,credit_card,,0
103746,2283,2024-12-01 17:03,completed,apple_pay,,6.95
103747,48,2024-12-01 18:09,completed,credit_card,HOLIDAY20,0
103748,951,2024-12-01 20:33,completed,paypal,HOLIDAY20,6.95
103749,84,2024-12-01 20:59,completed,credit_card,,0
103750,2464,2024-12-01 21:17,completed,paypal,,6.95
103751,1829,2024-12-01 21:37,completed,paypal,HOLIDAY20,6.95
103752,3250,2024-12-01 22:35,completed,credit_card,,0
103753,747,2024-12-01 22:42,completed,paypal,,0
103754,747,2024-12-01 23:15,completed,credit_card,HOLIDAY20,0
103755,1982,2024-12-02 06:25,completed,credit_card,HOLIDAY20,6.95
103756,1980,2024-12-02 07:41,completed,credit_card,,0
103757,2449,2024-12-02 08:05,returned,paypal,,0
103758,443,2024-12-02 09:45,canceled,credit_card,HOLIDAY20,0
103759,3262,2024-12-02 10:02,completed,credit_card,,0
103760,2500,2024-12-02 11:18,returned,credit_card,,0
103761,1466,2024-12-02 11:33,completed,credit_card,,0
103762,2765,2024-12-02 15:43,completed,apple_pay,HOLIDAY20,0
103763,803,2024-12-02 17:27,returned,credit_card,,0
103764,2752,2024-12-02 17:45,completed,credit_card,HOLIDAY20,6.95
103765,594,2024-12-02 18:59,completed,credit_card,HOLIDAY20,6.95
103766,378,2024-12-02 19:48,completed,apple_pay,HOLIDAY20,0
103767,2038,2024-12-02 20:20,completed,gift_card,HOLIDAY20,6.95
103768,554,2024-12-02 20:49,completed,credit_card,,6.95
103769,1980,2024-12-02 21:51,completed,credit_card,,0
103770,2821,2024-12-02 21:56,completed,credit_card,,0
103771,1763,2024-12-02 23:15,completed,credit_card,HOLIDAY20,6.95
103772,3069,2024-12-02 23:26,completed,credit_card,HOLIDAY20,0
103773,1488,2024-12-02 23:38,completed,apple_pay,,0
103774,1980,2024-12-03 08:33,canceled,credit_card,HOLIDAY20,0
103775,399,2024-12-03 10:18,completed,paypal,HOLIDAY20,0
103776,1104,2024-12-03 10:49,completed,credit_card,,0
103777,3324,2024-12-03 11:56,returned,credit_card,,6.95
103778,3108,2024-12-03 12:06,returned,credit_card,,0
103779,1552,2024-12-03 13:55,completed,gift_card,,0
103780,235,2024-12-03 14:02,completed,paypal,,0
103781,307,2024-12-03 14:22,completed,paypal,HOLIDAY20,6.95
103782,2078,2024-12-03 14:55,completed,apple_pay,HOLIDAY20,0
103783,2743,2024-12-03 15:05,completed,credit_card,,6.95
103784,473,2024-12-03 15:59,completed,credit_card,,0
103785,2050,2024-12-03 17:25,completed,apple_pay,HOLIDAY20,0
103786,2893,2024-12-03 19:32,completed,paypal,HOLIDAY20,0
103787,1813,2024-12-03 22:53,completed,credit_card,HOLIDAY20,0
103788,59,2024-12-04 07:52,completed,paypal,,0
103789,1019,2024-12-04 08:24,completed,apple_pay,,0
103790,2577,2024-12-04 08:28,completed,credit_card,,0
103791,235,2024-12-04 08:33,completed,apple_pay,,0
103792,2195,2024-12-04 11:22,completed,paypal,HOLIDAY20,0
103793,2026,2024-12-04 12:14,completed,gift_card,,0
103794,2976,2024-12-04 12:24,completed,apple_pay,HOLIDAY20,0
103795,780,2024-12-04 13:12,completed,apple_pay,,0
103796,1876,2024-12-04 14:27,completed,credit_card,,6.95
103797,2426,2024-12-04 16:31,completed,credit_card,HOLIDAY20,0
103798,1443,2024-12-04 17:27,completed,paypal,,0
103799,2160,2024-12-04 19:28,completed,paypal,,0
103800,1220,2024-12-04 19:42,completed,credit_card,,0
103801,1552,2024-12-04 19:52,completed,credit_card,,0
103802,443,2024-12-04 20:03,completed,credit_card,,0
103803,3208,2024-12-04 21:25,completed,apple_pay,,6.95
103804,1155,2024-12-04 21:40,completed,apple_pay,HOLIDAY20,0
103805,2580,2024-12-04 21:48,completed,paypal,HOLIDAY20,6.95
103806,1153,2024-12-04 23:06,completed,credit_card,,0
103807,3041,2024-12-04 23:34,completed,gift_card,,0
103808,1209,2024-12-05 06:02,completed,credit_card,HOLIDAY20,0
103809,2541,2024-12-05 06:15,completed,credit_card,,0
103810,89,2024-12-05 08:26,completed,credit_card,HOLIDAY20,0
103811,3009,2024-12-05 08:47,completed,apple_pay,,0
103812,1292,2024-12-05 10:39,returned,apple_pay,HOLIDAY20,6.95
103813,2487,2024-12-05 12:43,completed,gift_card,,6.95
103814,734,2024-12-05 15:54,completed,credit_card,HOLIDAY20,0
103815,2550,2024-12-05 19:11,completed,credit_card,HOLIDAY20,6.95
103816,1980,2024-12-05 19:24,completed,apple_pay,HOLIDAY20,0
103817,443,2024-12-05 23:14,completed,credit_card,,0
103818,3531,2024-12-05 23:31,returned,credit_card,HOLIDAY20,0
103819,48,2024-12-06 07:38,completed,credit_card,,0
103820,1039,2024-12-06 08:06,completed,credit_card,,0
103821,2893,2024-12-06 09:04,completed,paypal,HOLIDAY20,0
103822,2181,2024-12-06 09:22,completed,apple_pay,,6.95
103823,549,2024-12-06 11:14,returned,credit_card,HOLIDAY20,6.95
103824,1282,2024-12-06 12:33,completed,credit_card,,0
103825,1134,2024-12-06 14:13,completed,credit_card,,0
103826,443,2024-12-06 14:32,completed,apple_pay,,0
103827,391,2024-12-06 14:37,completed,apple_pay,,0
103828,1766,2024-12-06 17:31,completed,gift_card,,0
103829,2951,2024-12-06 17:50,completed,credit_card,,0
103830,1151,2024-12-06 18:54,completed,apple_pay,,0
103831,3294,2024-12-06 18:55,completed,paypal,,6.95
103832,2003,2024-12-06 19:51,canceled,credit_card,,6.95
103833,3450,2024-12-06 19:52,completed,paypal,,0
103834,135,2024-12-06 20:38,completed,credit_card,,0
103835,1566,2024-12-06 22:38,completed,credit_card,HOLIDAY20,0
103836,2739,2024-12-06 23:35,completed,credit_card,HOLIDAY20,6.95
103837,2593,2024-12-07 06:48,completed,credit_card,HOLIDAY20,6.95
103838,379,2024-12-07 06:54,completed,credit_card,,0
103839,2593,2024-12-07 07:44,completed,credit_card,HOLIDAY20,0
103840,2821,2024-12-07 07:47,completed,paypal,HOLIDAY20,6.95
103841,1552,2024-12-07 08:28,completed,apple_pay,HOLIDAY20,6.95
103842,3348,2024-12-07 09:15,completed,apple_pay,HOLIDAY20,0
103843,731,2024-12-07 09:35,completed,paypal,HOLIDAY20,0
103844,1064,2024-12-07 10:00,completed,apple_pay,,0
103845,3277,2024-12-07 10:18,completed,apple_pay,WELCOME10,0
103846,846,2024-12-07 12:22,completed,paypal,,0
103847,3419,2024-12-07 13:06,completed,paypal,HOLIDAY20,0
103848,2407,2024-12-07 13:41,completed,credit_card,HOLIDAY20,0
103849,507,2024-12-07 13:53,completed,credit_card,HOLIDAY20,0
103850,2004,2024-12-07 14:23,completed,paypal,,0
103851,283,2024-12-07 15:10,returned,credit_card,HOLIDAY20,0
103852,967,2024-12-07 15:12,completed,credit_card,HOLIDAY20,6.95
103853,3531,2024-12-07 16:05,returned,credit_card,,0
103854,963,2024-12-07 17:20,completed,credit_card,HOLIDAY20,0
103855,526,2024-12-07 18:25,completed,paypal,,6.95
103856,135,2024-12-07 19:32,completed,apple_pay,,0
103857,3198,2024-12-07 19:47,returned,gift_card,,0
103858,3021,2024-12-07 23:01,completed,credit_card,,0
103859,85,2024-12-07 23:19,completed,gift_card,HOLIDAY20,6.95
103860,840,2024-12-08 06:04,completed,apple_pay,HOLIDAY20,6.95
103861,2181,2024-12-08 06:32,completed,credit_card,,0
103862,2054,2024-12-08 07:29,completed,apple_pay,HOLIDAY20,0
103863,2181,2024-12-08 07:30,completed,credit_card,HOLIDAY20,0
103864,1360,2024-12-08 07:31,completed,credit_card,,0
103865,1717,2024-12-08 07:46,completed,credit_card,HOLIDAY20,6.95
103866,747,2024-12-08 08:18,completed,credit_card,,0
103867,3348,2024-12-08 08:22,returned,credit_card,,0
103868,1104,2024-12-08 09:14,completed,paypal,HOLIDAY20,0
103869,1255,2024-12-08 12:33,completed,paypal,,0
103870,1454,2024-12-08 12:34,canceled,paypal,HOLIDAY20,6.95
103871,1454,2024-12-08 13:27,completed,apple_pay,,0
103872,3356,2024-12-08 13:31,completed,credit_card,HOLIDAY20,0
103873,693,2024-12-08 13:49,completed,credit_card,,6.95
103874,778,2024-12-08 15:15,completed,credit_card,,0
103875,1234,2024-12-08 16:50,completed,paypal,WELCOME10,6.95
103876,1044,2024-12-08 16:57,completed,credit_card,HOLIDAY20,0
103877,3146,2024-12-08 17:24,completed,credit_card,HOLIDAY20,0
103878,2569,2024-12-08 17:44,completed,credit_card,HOLIDAY20,0
103879,966,2024-12-08 19:00,completed,credit_card,,0
103880,2639,2024-12-08 19:04,completed,credit_card,,6.95
103881,3250,2024-12-08 19:14,completed,paypal,HOLIDAY20,0
103882,2300,2024-12-08 20:21,completed,apple_pay,HOLIDAY20,0
103883,3216,2024-12-08 21:42,completed,credit_card,,0
103884,2547,2024-12-08 21:59,completed,paypal,,6.95
103885,2183,2024-12-09 06:20,completed,credit_card,WELCOME10,0
103886,2821,2024-12-09 06:49,completed,credit_card,,6.95
103887,3505,2024-12-09 08:29,completed,credit_card,,0
103888,2343,2024-12-09 08:30,completed,credit_card,HOLIDAY20,0
103889,2086,2024-12-09 08:32,completed,apple_pay,HOLIDAY20,0
103890,1907,2024-12-09 08:48,completed,apple_pay,,0
103891,1752,2024-12-09 13:18,completed,credit_card,WELCOME10,0
103892,3368,2024-12-09 21:52,completed,credit_card,,0
103893,599,2024-12-09 22:31,completed,credit_card,,6.95
103894,2160,2024-12-10 06:10,completed,apple_pay,,0
103895,2693,2024-12-10 08:01,completed,apple_pay,,0
103896,3203,2024-12-10 08:20,completed,apple_pay,HOLIDAY20,6.95
103897,2300,2024-12-10 10:09,completed,credit_card,HOLIDAY20,0
103898,1312,2024-12-10 11:03,completed,credit_card,,0
103899,659,2024-12-10 12:21,completed,paypal,,0
103900,1480,2024-12-10 13:28,completed,credit_card,,0
103901,123,2024-12-10 16:14,returned,apple_pay,,0
103902,135,2024-12-10 18:18,completed,paypal,HOLIDAY20,0
103903,2892,2024-12-10 19:45,completed,credit_card,HOLIDAY20,0
103904,2821,2024-12-10 21:06,completed,apple_pay,HOLIDAY20,0
103905,1104,2024-12-10 21:31,completed,credit_card,,0
103906,1282,2024-12-10 21:41,completed,credit_card,,0
103907,2821,2024-12-11 06:24,completed,gift_card,,0
103908,2950,2024-12-11 06:29,completed,credit_card,HOLIDAY20,0
103909,2004,2024-12-11 07:09,completed,credit_card,HOLIDAY20,0
103910,758,2024-12-11 10:22,canceled,apple_pay,,0
103911,1849,2024-12-11 13:59,completed,paypal,,6.95
103912,2520,2024-12-11 17:29,completed,paypal,HOLIDAY20,0
103913,443,2024-12-11 17:31,completed,credit_card,HOLIDAY20,0
103914,2092,2024-12-11 17:34,completed,credit_card,,0
103915,1728,2024-12-11 17:38,returned,credit_card,HOLIDAY20,0
103916,1104,2024-12-11 17:47,completed,gift_card,HOLIDAY20,0
103917,2371,2024-12-11 17:54,completed,credit_card,HOLIDAY20,0
103918,3570,2024-12-11 19:24,completed,credit_card,,0
103919,1870,2024-12-11 19:58,canceled,credit_card,,0
103920,3262,2024-12-11 20:13,completed,credit_card,,6.95
103921,627,2024-12-11 20:38,completed,credit_card,,0
103922,3432,2024-12-11 21:58,completed,apple_pay,,0
103923,1450,2024-12-11 22:32,completed,credit_card,,0
103924,3526,2024-12-12 06:30,completed,credit_card,,0
103925,1037,2024-12-12 07:03,completed,credit_card,HOLIDAY20,0
103926,951,2024-12-12 07:54,completed,apple_pay,HOLIDAY20,0
103927,2742,2024-12-12 08:14,completed,credit_card,HOLIDAY20,6.95
103928,1073,2024-12-12 09:32,returned,credit_card,,0
103929,2099,2024-12-12 10:18,completed,apple_pay,,0
103930,3069,2024-12-12 10:56,completed,credit_card,,0
103931,186,2024-12-12 13:41,completed,credit_card,,0
103932,3027,2024-12-12 16:52,completed,credit_card,,0
103933,3208,2024-12-12 17:50,completed,credit_card,,0
103934,594,2024-12-12 18:21,completed,credit_card,HOLIDAY20,6.95
103935,2151,2024-12-12 18:24,completed,credit_card,HOLIDAY20,6.95
103936,1107,2024-12-12 18:59,completed,paypal,,0
103937,3356,2024-12-12 19:11,completed,paypal,,0
103938,2283,2024-12-12 19:47,completed,paypal,,0
103939,3419,2024-12-12 20:20,completed,apple_pay,,0
103940,307,2024-12-12 22:21,completed,paypal,,6.95
103941,48,2024-12-12 22:46,completed,credit_card,,6.95
103942,2181,2024-12-12 22:54,completed,credit_card,,0
103943,2579,2024-12-13 06:23,completed,credit_card,,0
103944,2269,2024-12-13 06:26,completed,credit_card,HOLIDAY20,0
103945,2278,2024-12-13 07:53,returned,credit_card,,6.95
103946,3208,2024-12-13 09:27,completed,credit_card,,0
103947,1153,2024-12-13 09:58,completed,apple_pay,,0
103948,3372,2024-12-13 10:04,completed,paypal,,0
103949,2383,2024-12-13 10:22,completed,credit_card,,0
103950,2087,2024-12-13 11:20,completed,credit_card,HOLIDAY20,0
103951,2300,2024-12-13 12:42,completed,apple_pay,,0
103952,2763,2024-12-13 13:30,canceled,paypal,HOLIDAY20,0
103953,1234,2024-12-13 13:34,completed,paypal,,6.95
103954,1192,2024-12-13 14:13,completed,credit_card,HOLIDAY20,0
103955,3419,2024-12-13 14:31,completed,apple_pay,,0
103956,885,2024-12-13 14:51,completed,credit_card,,0
103957,3069,2024-12-13 15:07,completed,gift_card,,0
103958,2951,2024-12-13 15:44,completed,paypal,,0
103959,3270,2024-12-13 16:24,returned,credit_card,HOLIDAY20,0
103960,54,2024-12-13 20:29,completed,credit_card,WELCOME10,0
103961,3532,2024-12-13 23:24,completed,credit_card,,0
103962,484,2024-12-14 06:10,completed,paypal,HOLIDAY20,0
103963,1182,2024-12-14 06:41,completed,paypal,HOLIDAY20,6.95
103964,2962,2024-12-14 07:37,completed,gift_card,,6.95
103965,3348,2024-12-14 08:42,completed,credit_card,,6.95
103966,2277,2024-12-14 08:47,completed,paypal,,0
103967,1552,2024-12-14 09:55,completed,credit_card,,6.95
103968,2738,2024-12-14 12:39,completed,credit_card,,0
103969,2375,2024-12-14 13:13,completed,credit_card,,6.95
103970,3208,2024-12-14 13:59,completed,credit_card,HOLIDAY20,0
103971,930,2024-12-14 16:38,completed,gift_card,,0
103972,1980,2024-12-14 17:12,completed,gift_card,,0
103973,3065,2024-12-14 17:25,completed,credit_card,HOLIDAY20,0
103974,526,2024-12-14 18:44,completed,paypal,HOLIDAY20,0
103975,3466,2024-12-14 19:12,completed,credit_card,,0
103976,443,2024-12-14 21:32,completed,credit_card,HOLIDAY20,0
103977,876,2024-12-14 22:34,completed,credit_card,HOLIDAY20,0
102000,840,2024-07-12 09:50,completed,credit_card,,0
103978,2979,2024-12-14 22:40,completed,credit_card,,0
103979,283,2024-12-14 23:20,completed,gift_card,,0
103980,379,2024-12-14 23:27,completed,credit_card,,6.95
103981,2023,2024-12-15 07:49,completed,credit_card,,0
103982,2341,2024-12-15 08:51,completed,credit_card,,0
103983,2950,2024-12-15 09:54,completed,paypal,,0
103984,2125,2024-12-15 10:29,completed,credit_card,,0
103985,2197,2024-12-15 10:39,canceled,paypal,HOLIDAY20,0
103986,2436,2024-12-15 16:32,completed,paypal,HOLIDAY20,0
103987,2821,2024-12-15 18:38,completed,credit_card,,6.95
103988,1830,2024-12-15 18:42,completed,apple_pay,,0
103989,2995,2024-12-15 19:08,completed,credit_card,,0
103990,1488,2024-12-15 19:58,completed,credit_card,,0
103991,2420,2024-12-15 22:47,completed,credit_card,,0
103992,2292,2024-12-15 23:28,completed,credit_card,,0
103993,441,2024-12-16 07:07,completed,paypal,,6.95
103994,1552,2024-12-16 08:02,completed,credit_card,,0
103995,1104,2024-12-16 09:03,completed,paypal,,0
103996,607,2024-12-16 09:22,completed,credit_card,HOLIDAY20,0
103997,3041,2024-12-16 11:30,completed,paypal,,0
103998,445,2024-12-16 11:59,completed,paypal,HOLIDAY20,0
103999,2407,2024-12-16 12:42,completed,credit_card,,6.95
104000,2274,2024-12-16 15:21,completed,credit_card,,6.95
104001,1221,2024-12-16 16:00,completed,credit_card,HOLIDAY20,0
104002,443,2024-12-16 16:14,completed,credit_card,,0
104003,2958,2024-12-16 16:25,completed,paypal,HOLIDAY20,6.95
104004,3014,2024-12-16 17:12,canceled,credit_card,,0
104005,89,2024-12-16 17:30,completed,paypal,HOLIDAY20,6.95
104006,2238,2024-12-16 17:40,completed,credit_card,,0
104007,1170,2024-12-16 20:33,completed,credit_card,,0
104008,1329,2024-12-16 20:37,returned,paypal,,0
104009,2743,2024-12-16 21:46,completed,credit_card,,0
104010,1783,2024-12-16 22:43,completed,credit_card,,0
104011,772,2024-12-16 22:46,completed,paypal,,6.95
104012,1552,2024-12-17 06:14,completed,paypal,HOLIDAY20,6.95
104013,3069,2024-12-17 06:22,completed,credit_card,,0
104014,3356,2024-12-17 06:34,completed,credit_card,,0
104015,237,2024-12-17 10:07,completed,credit_card,,6.95
104016,424,2024-12-17 11:13,completed,apple_pay,HOLIDAY20,0
104017,3503,2024-12-17 11:51,canceled,gift_card,,0
104018,3014,2024-12-17 13:11,canceled,credit_card,,0
104019,443,2024-12-17 14:17,completed,paypal,,0
104020,2024,2024-12-17 17:12,completed,gift_card,HOLIDAY20,0
104021,2151,2024-12-17 18:52,completed,credit_card,HOLIDAY20,0
104022,2268,2024-12-17 21:33,completed,credit_card,,6.95
104023,3208,2024-12-17 22:44,completed,credit_card,HOLIDAY20,0
104024,3122,2024-12-17 22:51,completed,credit_card,,6.95
104025,712,2024-12-18 09:38,completed,credit_card,,6.95
104026,788,2024-12-18 10:54,completed,credit_card,,0
104027,1375,2024-12-18 11:05,completed,apple_pay,,0
104028,712,2024-12-18 13:06,completed,apple_pay,HOLIDAY20,6.95
104029,271,2024-12-18 13:47,completed,credit_card,HOLIDAY20,6.95
104030,424,2024-12-18 14:07,completed,credit_card,HOLIDAY20,0
104031,2480,2024-12-18 14:10,completed,credit_card,,0
104032,1460,2024-12-18 15:26,completed,credit_card,,6.95
104033,1470,2024-12-18 17:33,completed,paypal,HOLIDAY20,0
104034,2407,2024-12-18 17:51,completed,apple_pay,,0
104035,2764,2024-12-18 19:35,completed,credit_card,,0
104036,3216,2024-12-18 19:45,completed,credit_card,HOLIDAY20,0
104037,199,2024-12-18 19:54,completed,credit_card,HOLIDAY20,0
104038,1197,2024-12-18 22:40,completed,credit_card,,6.95
104039,1001,2024-12-18 22:41,completed,paypal,,0
104040,2004,2024-12-18 23:03,completed,credit_card,,0
104041,1162,2024-12-19 07:22,completed,credit_card,HOLIDAY20,6.95
104042,3124,2024-12-19 07:48,completed,credit_card,HOLIDAY20,6.95
104043,395,2024-12-19 08:47,completed,credit_card,,0
104044,3127,2024-12-19 09:13,completed,credit_card,HOLIDAY20,0
104045,1153,2024-12-19 10:59,completed,credit_card,,0
104046,1329,2024-12-19 14:44,completed,credit_card,HOLIDAY20,6.95
104047,3025,2024-12-19 15:25,completed,credit_card,,6.95
104048,3069,2024-12-19 16:26,completed,paypal,,0
104049,334,2024-12-19 18:12,completed,credit_card,,0
104050,271,2024-12-19 18:21,completed,credit_card,,0
104051,1988,2024-12-19 18:26,completed,apple_pay,,6.95
104052,3375,2024-12-19 18:37,returned,credit_card,,0
104053,2738,2024-12-19 18:41,completed,apple_pay,,0
104054,1552,2024-12-19 18:44,completed,credit_card,HOLIDAY20,0
104055,3361,2024-12-19 19:29,completed,apple_pay,HOLIDAY20,0
104056,1605,2024-12-19 19:55,completed,apple_pay,,0
104057,1428,2024-12-19 20:06,completed,credit_card,,6.95
104058,1454,2024-12-19 20:41,canceled,apple_pay,,0
104059,1273,2024-12-19 21:20,completed,paypal,HOLIDAY20,0
104060,1151,2024-12-19 21:33,returned,credit_card,HOLIDAY20,0
104061,2278,2024-12-20 06:01,canceled,credit_card,,0
104062,1870,2024-12-20 06:57,completed,paypal,,6.95
104063,3324,2024-12-20 07:17,completed,paypal,,6.95
104064,283,2024-12-20 07:19,completed,apple_pay,,0
104065,1104,2024-12-20 07:36,completed,credit_card,HOLIDAY20,0
104066,2919,2024-12-20 08:43,completed,credit_card,,0
104067,727,2024-12-20 14:23,completed,credit_card,,6.95
104068,3014,2024-12-20 14:46,completed,apple_pay,,6.95
104069,2183,2024-12-20 15:00,completed,apple_pay,,0
104070,2361,2024-12-20 15:23,completed,credit_card,,6.95
104071,199,2024-12-20 15:52,completed,apple_pay,HOLIDAY20,0
104072,1058,2024-12-20 16:34,completed,credit_card,HOLIDAY20,0
104073,3324,2024-12-20 16:48,completed,apple_pay,,6.95
104074,1264,2024-12-20 17:55,completed,paypal,,0
104075,727,2024-12-20 18:18,completed,credit_card,HOLIDAY20,0
104076,3450,2024-12-20 18:26,completed,apple_pay,HOLIDAY20,0
104077,2580,2024-12-20 19:38,completed,credit_card,WELCOME10,0
104078,2796,2024-12-20 19:47,completed,credit_card,HOLIDAY20,0
104079,2469,2024-12-20 20:50,completed,paypal,,0
104080,2862,2024-12-20 22:30,completed,apple_pay,HOLIDAY20,6.95
104081,2979,2024-12-20 23:35,completed,credit_card,WELCOME10,0
104082,3368,2024-12-21 06:00,returned,paypal,,0
104083,885,2024-12-21 06:15,completed,credit_card,HOLIDAY20,0
104084,336,2024-12-21 07:06,completed,paypal,,0
104085,885,2024-12-21 07:25,completed,apple_pay,,0
104086,1408,2024-12-21 08:24,completed,credit_card,,0
104087,3432,2024-12-21 09:26,completed,credit_card,,0
104088,2333,2024-12-21 09:37,completed,credit_card,HOLIDAY20,0
104089,508,2024-12-21 09:43,completed,credit_card,HOLIDAY20,6.95
104090,964,2024-12-21 11:13,returned,paypal,,0
104091,2893,2024-12-21 11:49,completed,credit_card,,0
104092,2012,2024-12-21 12:32,completed,credit_card,,0
104093,2745,2024-12-21 14:10,completed,credit_card,,6.95
104094,2579,2024-12-21 14:43,completed,credit_card,,0
104095,803,2024-12-21 15:14,completed,paypal,,0
104096,3525,2024-12-21 16:35,completed,paypal,,0
104097,594,2024-12-21 17:16,completed,apple_pay,,0
104098,1467,2024-12-21 18:36,completed,credit_card,,0
104099,1870,2024-12-21 19:12,completed,credit_card,,6.95
104100,2821,2024-12-21 20:42,completed,apple_pay,,6.95
104101,379,2024-12-21 22:18,completed,apple_pay,,0
104102,3304,2024-12-21 22:27,completed,credit_card,,6.95
104103,2274,2024-12-21 22:45,completed,credit_card,,0
104104,79,2024-12-21 23:04,canceled,apple_pay,,6.95
104105,3531,2024-12-21 23:33,completed,credit_card,,6.95
104106,788,2024-12-22 08:05,returned,credit_card,,0
104107,977,2024-12-22 08:05,returned,paypal,,0
104108,2101,2024-12-22 08:06,completed,credit_card,HOLIDAY20,6.95
104109,11,2024-12-22 11:16,completed,credit_card,,6.95
104110,761,2024-12-22 12:00,completed,apple_pay,,6.95
104111,2901,2024-12-22 13:14,completed,credit_card,,0
104112,500,2024-12-22 13:51,completed,apple_pay,HOLIDAY20,6.95
104113,1073,2024-12-22 15:03,completed,credit_card,HOLIDAY20,0
104114,2480,2024-12-22 16:58,completed,paypal,,6.95
104115,2580,2024-12-22 17:26,completed,paypal,,0
104116,3249,2024-12-22 19:05,completed,credit_card,,6.95
104117,3361,2024-12-22 20:45,completed,apple_pay,,0
104118,803,2024-12-22 21:11,completed,apple_pay,,0
104119,3582,2024-12-22 22:30,completed,gift_card,HOLIDAY20,0
104120,535,2024-12-23 10:20,completed,credit_card,,0
104121,2094,2024-12-23 15:04,completed,credit_card,HOLIDAY20,6.95
104122,560,2024-12-23 15:12,completed,credit_card,HOLIDAY20,0
104123,1091,2024-12-23 16:56,completed,credit_card,,0
104124,264,2024-12-23 17:08,completed,credit_card,HOLIDAY20,0
104125,2261,2024-12-23 19:05,completed,credit_card,HOLIDAY20,6.95
104126,551,2024-12-23 22:06,completed,paypal,,0
104127,3531,2024-12-23 23:33,completed,credit_card,,6.95
104128,1708,2024-12-24 06:59,completed,credit_card,,0
104129,1208,2024-12-24 08:51,completed,paypal,HOLIDAY20,6.95
104130,1990,2024-12-24 10:24,completed,credit_card,HOLIDAY20,0
104131,79,2024-12-24 11:07,canceled,apple_pay,HOLIDAY20,0
104132,831,2024-12-24 11:18,completed,apple_pay,HOLIDAY20,0
104133,1104,2024-12-24 15:58,completed,credit_card,HOLIDAY20,0
104134,1911,2024-12-24 22:18,completed,paypal,HOLIDAY20,6.95
104135,1552,2024-12-24 22:22,completed,credit_card,WELCOME10,6.95
104136,721,2024-12-25 06:30,completed,credit_card,,6.95
104137,3032,2024-12-25 08:50,completed,credit_card,,0
104138,1104,2024-12-25 09:28,completed,credit_card,WELCOME10,0
104139,3582,2024-12-25 10:31,completed,apple_pay,,6.95
104140,758,2024-12-25 12:55,completed,gift_card,,6.95
104141,519,2024-12-25 16:50,completed,credit_card,,6.95
104142,386,2024-12-25 18:47,completed,apple_pay,WELCOME10,0
104143,2821,2024-12-25 20:46,returned,credit_card,,0
104144,1851,2024-12-26 08:25,completed,paypal,HOLIDAY20,0
104145,1073,2024-12-26 15:04,completed,credit_card,HOLIDAY20,6.95
104146,3134,2024-12-26 15:35,completed,apple_pay,,0
104147,1256,2024-12-26 16:16,canceled,gift_card,,0
104148,2778,2024-12-26 17:52,completed,credit_card,,0
104149,1475,2024-12-26 17:57,completed,paypal,HOLIDAY20,6.95
104150,1365,2024-12-26 21:11,completed,credit_card,,0
104151,3161,2024-12-27 06:32,completed,apple_pay,,0
104152,1736,2024-12-27 08:27,completed,paypal,,0
104153,1230,2024-12-27 15:33,completed,credit_card,HOLIDAY20,6.95
104154,3216,2024-12-27 16:28,completed,paypal,,0
104155,2946,2024-12-27 17:26,completed,credit_card,HOLIDAY20,0
104156,1980,2024-12-27 17:28,completed,credit_card,HOLIDAY20,0
104157,2511,2024-12-27 19:50,completed,paypal,HOLIDAY20,0
104158,391,2024-12-27 23:45,completed,paypal,,6.95
104159,2110,2024-12-28 08:32,completed,paypal,HOLIDAY20,0
104160,1527,2024-12-28 09:59,completed,credit_card,,6.95
104161,1033,2024-12-28 11:14,completed,apple_pay,HOLIDAY20,0
104162,368,2024-12-28 11:36,completed,apple_pay,,6.95
104163,138,2024-12-28 12:42,returned,apple_pay,,0
104164,2633,2024-12-28 12:42,completed,paypal,,0
104165,2745,2024-12-28 13:39,completed,credit_card,HOLIDAY20,6.95
104166,913,2024-12-28 14:13,completed,credit_card,,0
104167,549,2024-12-28 14:16,completed,credit_card,WELCOME10,0
104168,734,2024-12-28 16:18,completed,credit_card,,0
104169,122,2024-12-28 18:08,completed,paypal,,0
104170,1876,2024-12-28 20:55,completed,credit_card,,0
104171,1220,2024-12-28 22:00,completed,credit_card,HOLIDAY20,6.95
104172,401,2024-12-28 22:09,completed,paypal,HOLIDAY20,6.95
104173,3526,2024-12-28 22:45,completed,credit_card,,6.95
104174,1623,2024-12-28 23:52,completed,paypal,HOLIDAY20,6.95
104175,463,2024-12-29 10:17,completed,paypal,HOLIDAY20,0
104176,2181,2024-12-29 11:50,completed,credit_card,,0
104177,2054,2024-12-29 12:14,completed,credit_card,,0
104178,1073,2024-12-29 12:49,completed,credit_card,,0
104179,2751,2024-12-29 13:52,completed,credit_card,HOLIDAY20,6.95
104180,1440,2024-12-29 14:09,completed,gift_card,HOLIDAY20,0
104181,1980,2024-12-29 15:16,completed,credit_card,,0
104182,208,2024-12-29 17:46,completed,credit_card,HOLIDAY20,0
104183,2629,2024-12-29 19:43,completed,apple_pay,,0
104184,2541,2024-12-29 22:05,completed,paypal,,0
104185,2439,2024-12-29 22:21,completed,credit_card,,6.95
104186,1763,2024-12-29 23:12,returned,credit_card,HOLIDAY20,0
104187,2484,2024-12-30 08:16,completed,apple_pay,,6.95
104188,1756,2024-12-30 08:18,completed,paypal,,0
104189,1104,2024-12-30 12:25,completed,credit_card,,0
104190,2024,2024-12-30 13:19,completed,credit_card,HOLIDAY20,0
104191,79,2024-12-30 14:08,completed,apple_pay,HOLIDAY20,6.95
104192,2906,2024-12-30 15:55,completed,credit_card,HOLIDAY20,0
104193,2407,2024-12-30 16:07,completed,paypal,,0
104194,2118,2024-12-30 19:21,completed,credit_card,WELCOME10,6.95
104195,2738,2024-12-30 20:20,completed,credit_card,,0
104196,2130,2024-12-30 20:38,completed,credit_card,,0
104197,2925,2024-12-30 21:01,completed,credit_card,,0
109087,3358,2025-12-22 08:35,completed,credit_card,HOLIDAY20,0
104198,2995,2024-12-30 22:33,completed,credit_card,,0
104199,3007,2024-12-30 23:27,completed,paypal,,0
104200,3526,2024-12-30 23:41,returned,credit_card,,6.95
104201,424,2024-12-30 23:44,returned,credit_card,,0
104202,1545,2024-12-31 07:24,completed,apple_pay,,6.95
104203,3526,2024-12-31 08:55,completed,credit_card,,0
104204,3347,2024-12-31 09:19,completed,apple_pay,,0
104205,3249,2024-12-31 11:30,completed,paypal,,0
104206,1454,2024-12-31 11:58,completed,credit_card,HOLIDAY20,0
104207,1044,2024-12-31 12:03,completed,gift_card,HOLIDAY20,6.95
104208,2369,2024-12-31 12:53,completed,gift_card,HOLIDAY20,0
104209,1783,2024-12-31 13:10,completed,credit_card,,0
104210,1786,2024-12-31 16:33,completed,apple_pay,HOLIDAY20,0
104211,2186,2024-12-31 18:19,completed,paypal,HOLIDAY20,0
104212,3394,2024-12-31 21:26,canceled,paypal,HOLIDAY20,0
104213,143,2025-01-01 08:12,canceled,apple_pay,,0
104214,1234,2025-01-01 09:00,completed,paypal,,0
104215,1708,2025-01-01 11:53,completed,credit_card,,6.95
104216,3531,2025-01-01 12:17,completed,credit_card,,6.95
104217,1970,2025-01-01 14:41,completed,apple_pay,,0
104218,307,2025-01-01 16:17,completed,credit_card,,0
104219,2741,2025-01-01 19:17,completed,credit_card,,0
104220,219,2025-01-01 19:41,completed,credit_card,,0
104221,1575,2025-01-01 19:42,completed,credit_card,,0
104222,304,2025-01-01 19:53,completed,credit_card,,0
104223,274,2025-01-01 23:43,completed,credit_card,,0
104224,2267,2025-01-02 08:23,completed,credit_card,WELCOME10,0
104225,576,2025-01-02 09:50,completed,credit_card,,0
104226,727,2025-01-02 09:58,completed,paypal,,0
104227,1153,2025-01-02 10:21,completed,gift_card,,0
104228,2132,2025-01-02 11:35,completed,paypal,,6.95
104229,1085,2025-01-02 12:37,completed,credit_card,,6.95
104230,85,2025-01-02 13:21,returned,apple_pay,,0
104231,1256,2025-01-02 13:22,completed,credit_card,,0
104232,967,2025-01-02 15:02,completed,credit_card,,0
104233,1414,2025-01-02 16:42,completed,credit_card,,6.95
104234,3249,2025-01-02 18:28,completed,paypal,,0
104235,330,2025-01-02 22:12,completed,credit_card,,0
104236,885,2025-01-03 10:31,completed,gift_card,,0
104237,1203,2025-01-03 14:15,completed,credit_card,,0
104238,2363,2025-01-03 15:28,completed,credit_card,,0
104239,2580,2025-01-03 17:03,completed,credit_card,,0
104240,1104,2025-01-03 18:07,completed,paypal,,0
104241,3582,2025-01-03 18:40,completed,paypal,,6.95
104242,1891,2025-01-03 21:11,completed,paypal,,6.95
104243,3531,2025-01-03 22:10,completed,paypal,,0
104244,1192,2025-01-04 07:49,completed,credit_card,,6.95
104245,560,2025-01-04 08:50,completed,apple_pay,,0
104246,3459,2025-01-04 10:22,completed,paypal,,0
104247,1221,2025-01-04 12:41,completed,credit_card,,0
104248,1104,2025-01-04 14:45,completed,credit_card,,0
104249,2950,2025-01-04 15:26,completed,credit_card,,0
104250,1064,2025-01-04 15:32,completed,credit_card,,0
104251,1537,2025-01-04 19:55,completed,credit_card,WELCOME10,0
104252,199,2025-01-04 22:33,completed,credit_card,,0
104253,1450,2025-01-04 23:25,completed,credit_card,,6.95
104254,2110,2025-01-05 06:32,completed,paypal,,0
104255,2110,2025-01-05 08:10,completed,paypal,,0
104256,788,2025-01-05 08:24,completed,credit_card,,0
104257,1375,2025-01-05 08:43,returned,paypal,WELCOME10,6.95
104258,3526,2025-01-05 08:57,completed,paypal,,0
104259,1725,2025-01-05 09:59,completed,credit_card,WELCOME10,0
104260,2906,2025-01-05 10:45,completed,credit_card,,0
104261,2523,2025-01-05 12:19,completed,credit_card,,0
104262,2743,2025-01-05 13:54,completed,gift_card,,0
104263,208,2025-01-05 14:31,completed,paypal,,0
104264,336,2025-01-05 14:48,completed,credit_card,,0
104265,2796,2025-01-05 16:39,completed,paypal,,0
104266,371,2025-01-05 18:21,completed,credit_card,,0
104267,1980,2025-01-05 19:56,completed,credit_card,,0
104268,2960,2025-01-05 20:05,completed,credit_card,,0
104269,206,2025-01-06 08:00,completed,apple_pay,,0
104270,1293,2025-01-06 08:01,completed,credit_card,,0
104271,1717,2025-01-06 11:55,completed,paypal,,0
104272,2300,2025-01-06 13:04,completed,credit_card,,0
104273,3273,2025-01-06 14:55,completed,credit_card,WELCOME10,0
104274,725,2025-01-06 16:15,completed,credit_card,,0
104275,11,2025-01-06 17:53,completed,credit_card,,0
104276,1073,2025-01-06 19:48,completed,apple_pay,WELCOME10,0
104277,2500,2025-01-06 21:42,completed,credit_card,,0
104278,1104,2025-01-06 23:23,completed,credit_card,,0
104279,1220,2025-01-07 06:24,completed,paypal,,0
104280,1478,2025-01-07 07:44,completed,apple_pay,,0
104281,912,2025-01-07 16:47,completed,credit_card,WELCOME10,0
104282,3262,2025-01-07 18:17,returned,apple_pay,,0
104283,3069,2025-01-07 18:27,completed,paypal,,0
104284,745,2025-01-07 19:05,completed,gift_card,,0
104285,505,2025-01-07 22:24,completed,credit_card,,0
104286,3401,2025-01-07 22:57,completed,apple_pay,,0
104287,2160,2025-01-08 06:25,completed,credit_card,,0
104288,2407,2025-01-08 09:23,completed,credit_card,,0
104289,830,2025-01-08 09:24,completed,credit_card,,6.95
104290,1708,2025-01-08 11:29,completed,credit_card,,0
104291,1552,2025-01-08 15:15,completed,credit_card,,0
104292,1234,2025-01-08 16:30,completed,credit_card,,0
104293,2460,2025-01-08 16:53,completed,credit_card,,0
104294,3032,2025-01-08 19:35,completed,gift_card,,0
104295,747,2025-01-08 21:48,completed,credit_card,,0
104296,2394,2025-01-09 06:11,completed,credit_card,,0
104297,235,2025-01-09 09:44,completed,credit_card,,0
104298,1418,2025-01-09 14:08,completed,credit_card,,0
104299,382,2025-01-09 17:57,completed,paypal,,0
104300,2962,2025-01-09 18:50,completed,paypal,,6.95
104301,3105,2025-01-09 19:30,completed,paypal,,0
104302,1469,2025-01-09 21:10,completed,credit_card,,0
104303,399,2025-01-09 21:24,completed,paypal,,0
104304,256,2025-01-09 21:57,completed,paypal,,0
104305,3487,2025-01-10 07:14,completed,gift_card,,0
104306,1583,2025-01-10 12:00,completed,credit_card,,0
104307,2995,2025-01-10 14:32,returned,credit_card,,0
104308,2693,2025-01-10 16:03,completed,paypal,,0
104309,2574,2025-01-10 17:53,completed,paypal,,0
104310,2426,2025-01-10 18:20,completed,apple_pay,,0
104311,502,2025-01-10 18:34,completed,credit_card,,0
104312,840,2025-01-10 21:27,completed,credit_card,,0
104313,3127,2025-01-11 09:01,canceled,credit_card,,6.95
104314,3147,2025-01-11 13:01,returned,credit_card,,6.95
104315,2856,2025-01-11 15:46,completed,credit_card,,0
104316,473,2025-01-11 16:11,completed,gift_card,,0
104317,967,2025-01-11 16:14,completed,credit_card,,0
104318,590,2025-01-11 16:22,completed,credit_card,,0
104319,1240,2025-01-11 17:01,completed,paypal,,0
104320,1813,2025-01-11 17:50,completed,credit_card,,0
104321,1153,2025-01-11 18:21,completed,credit_card,,0
104322,1607,2025-01-11 18:38,completed,credit_card,,0
104323,3208,2025-01-11 18:52,completed,credit_card,,0
104324,1104,2025-01-11 19:49,completed,paypal,,0
104325,186,2025-01-11 22:16,returned,credit_card,,0
104326,840,2025-01-11 22:53,completed,paypal,,0
104327,838,2025-01-11 23:07,completed,apple_pay,,0
104328,2796,2025-01-11 23:53,completed,credit_card,,6.95
104329,2711,2025-01-12 08:54,completed,credit_card,,0
104330,2449,2025-01-12 09:07,completed,gift_card,,0
104331,2278,2025-01-12 10:13,canceled,paypal,WELCOME10,6.95
104332,3035,2025-01-12 12:04,completed,credit_card,,0
104333,175,2025-01-12 13:44,completed,apple_pay,,6.95
104334,2520,2025-01-12 17:39,returned,gift_card,,0
104335,1382,2025-01-12 21:31,completed,credit_card,,0
104336,379,2025-01-12 22:01,completed,credit_card,,6.95
104337,3127,2025-01-13 06:17,completed,credit_card,,6.95
104338,3127,2025-01-13 07:46,completed,credit_card,WELCOME10,0
104339,1137,2025-01-13 09:25,completed,paypal,,0
104340,2197,2025-01-13 13:42,completed,credit_card,,6.95
104341,2181,2025-01-13 14:31,canceled,credit_card,,6.95
104342,1170,2025-01-13 14:37,returned,gift_card,,0
104343,107,2025-01-13 20:46,completed,credit_card,,6.95
104344,2110,2025-01-13 20:51,returned,credit_card,,0
104345,2151,2025-01-14 08:03,returned,credit_card,,0
104346,2743,2025-01-14 09:01,completed,apple_pay,,0
104347,3127,2025-01-14 09:25,completed,credit_card,,0
104348,3032,2025-01-14 09:46,completed,paypal,,0
104349,2160,2025-01-14 11:45,completed,apple_pay,,6.95
104350,3015,2025-01-14 13:03,completed,credit_card,,0
104351,1891,2025-01-14 14:17,completed,credit_card,,0
104352,115,2025-01-14 20:12,completed,credit_card,,6.95
104353,384,2025-01-14 20:18,completed,credit_card,,0
104354,1257,2025-01-14 20:53,completed,credit_card,,0
104355,1618,2025-01-14 21:22,completed,credit_card,,0
104356,1435,2025-01-14 23:04,completed,paypal,,0
104357,519,2025-01-15 07:16,completed,apple_pay,,6.95
104358,3345,2025-01-15 07:47,completed,credit_card,,6.95
104359,3208,2025-01-15 07:52,completed,credit_card,,0
104360,3014,2025-01-15 09:40,completed,credit_card,WELCOME10,6.95
104361,966,2025-01-15 13:05,completed,credit_card,,0
104362,3488,2025-01-15 15:40,completed,credit_card,,6.95
104363,2893,2025-01-15 18:34,completed,credit_card,,0
104364,2361,2025-01-15 19:44,completed,credit_card,,0
104365,3035,2025-01-15 23:36,completed,apple_pay,,0
104366,138,2025-01-16 06:22,completed,credit_card,WELCOME10,0
104367,2942,2025-01-16 13:39,completed,credit_card,,6.95
104368,1954,2025-01-16 14:12,completed,credit_card,,0
104369,2664,2025-01-16 14:28,completed,credit_card,,0
104370,1336,2025-01-16 15:25,completed,paypal,,0
104371,2460,2025-01-16 18:11,completed,gift_card,,6.95
104372,100,2025-01-16 18:19,completed,credit_card,,0
104373,1064,2025-01-16 18:36,completed,credit_card,,0
104374,1217,2025-01-16 19:00,completed,credit_card,,6.95
104375,1220,2025-01-16 19:29,returned,credit_card,,0
104376,2355,2025-01-16 21:18,completed,apple_pay,,0
104377,1271,2025-01-16 22:48,completed,credit_card,,0
104378,3600,2025-01-16 22:53,completed,apple_pay,,6.95
104379,2450,2025-01-17 07:44,completed,credit_card,,0
104380,2743,2025-01-17 10:33,completed,credit_card,,0
104381,915,2025-01-17 10:43,completed,paypal,,0
104382,962,2025-01-17 11:38,completed,paypal,,0
104383,3110,2025-01-17 12:14,completed,credit_card,,0
104384,551,2025-01-17 12:38,completed,apple_pay,,0
104385,384,2025-01-17 12:59,completed,credit_card,,0
104386,2353,2025-01-17 14:19,completed,apple_pay,WELCOME10,0
104387,519,2025-01-17 15:08,canceled,credit_card,,6.95
104388,3337,2025-01-17 16:54,completed,credit_card,,6.95
104389,268,2025-01-17 21:54,completed,credit_card,,6.95
104390,3466,2025-01-17 22:10,completed,paypal,,0
104391,3466,2025-01-17 23:18,completed,credit_card,,0
104392,48,2025-01-18 06:20,returned,credit_card,,0
104393,3356,2025-01-18 08:50,completed,paypal,,6.95
104394,1658,2025-01-18 09:57,completed,paypal,,6.95
104395,2412,2025-01-18 10:05,completed,credit_card,,6.95
104396,482,2025-01-18 12:12,completed,paypal,,0
104397,1552,2025-01-18 12:26,canceled,credit_card,,0
104398,1566,2025-01-18 12:36,completed,credit_card,,0
104399,2164,2025-01-18 14:28,completed,credit_card,,0
104400,923,2025-01-18 16:41,completed,credit_card,,0
104401,1586,2025-01-18 19:18,completed,gift_card,,0
104402,3600,2025-01-18 20:08,completed,paypal,,6.95
104403,2480,2025-01-18 20:12,completed,gift_card,,0
104404,600,2025-01-19 06:35,completed,credit_card,,0
104405,3329,2025-01-19 07:09,completed,credit_card,,6.95
104406,133,2025-01-19 10:12,completed,credit_card,,0
104407,1454,2025-01-19 10:21,completed,apple_pay,,0
104408,1813,2025-01-19 13:04,completed,paypal,,0
104409,2925,2025-01-19 13:40,completed,credit_card,,6.95
104410,3356,2025-01-19 13:54,completed,credit_card,,0
104411,502,2025-01-19 14:27,completed,credit_card,WELCOME10,0
104412,2441,2025-01-19 14:34,completed,credit_card,,0
104413,2160,2025-01-19 15:25,completed,paypal,,6.95
104414,336,2025-01-19 16:04,completed,apple_pay,,0
104415,727,2025-01-19 16:35,completed,paypal,,6.95
104416,2355,2025-01-19 17:23,completed,credit_card,,0
104417,3505,2025-01-19 18:26,completed,credit_card,WELCOME10,6.95
105094,2278,2025-03-18 20:01,completed,credit_card,,0
104418,3032,2025-01-19 18:33,canceled,apple_pay,,6.95
104419,2278,2025-01-19 18:49,completed,credit_card,,0
104420,1293,2025-01-20 11:37,completed,gift_card,,0
104421,1618,2025-01-20 11:38,completed,gift_card,,0
104422,3069,2025-01-20 12:34,completed,credit_card,,0
104423,1137,2025-01-20 14:35,completed,apple_pay,WELCOME10,6.95
104424,1107,2025-01-20 18:27,completed,credit_card,,0
104425,3543,2025-01-20 20:35,completed,credit_card,,6.95
104426,2960,2025-01-20 22:17,completed,credit_card,,0
104427,1552,2025-01-21 06:49,completed,gift_card,,0
104428,405,2025-01-21 08:28,completed,credit_card,,6.95
104429,235,2025-01-21 10:14,completed,apple_pay,,0
104430,1980,2025-01-21 11:48,completed,credit_card,,0
104431,3543,2025-01-21 12:28,completed,paypal,,0
104432,59,2025-01-21 18:10,completed,apple_pay,WELCOME10,0
104433,2241,2025-01-21 21:37,completed,credit_card,,0
104434,2101,2025-01-22 11:07,completed,credit_card,,0
104435,2360,2025-01-22 11:17,completed,credit_card,WELCOME10,0
104436,1230,2025-01-22 11:37,completed,credit_card,,0
104437,686,2025-01-22 12:10,completed,credit_card,,0
104438,494,2025-01-22 13:51,completed,credit_card,,0
104439,336,2025-01-22 15:36,completed,credit_card,,6.95
104440,2846,2025-01-22 16:16,completed,apple_pay,,0
104441,1330,2025-01-22 17:34,completed,paypal,,6.95
104442,2593,2025-01-22 19:24,completed,apple_pay,,0
104443,949,2025-01-22 20:53,completed,credit_card,,6.95
104444,2087,2025-01-22 21:47,completed,credit_card,,0
104445,2778,2025-01-22 22:00,completed,gift_card,,0
104446,2711,2025-01-23 06:20,completed,paypal,,0
104447,519,2025-01-23 07:34,completed,paypal,,0
104448,441,2025-01-23 10:55,completed,credit_card,,0
104449,3270,2025-01-23 11:34,completed,gift_card,,0
104450,3564,2025-01-23 13:02,completed,credit_card,,6.95
104451,2162,2025-01-23 15:01,returned,credit_card,,0
104452,2577,2025-01-23 16:50,completed,credit_card,,0
104453,3564,2025-01-23 20:04,completed,credit_card,,6.95
104454,2577,2025-01-24 08:06,completed,credit_card,,0
104455,3069,2025-01-24 08:19,completed,credit_card,,0
104456,1980,2025-01-24 09:49,completed,credit_card,,0
104457,1270,2025-01-24 10:11,completed,credit_card,,0
104458,1918,2025-01-24 10:57,completed,credit_card,,6.95
104459,115,2025-01-24 11:54,completed,credit_card,,6.95
104460,2160,2025-01-24 16:22,completed,paypal,,6.95
104461,1071,2025-01-24 16:26,completed,paypal,,0
104462,1470,2025-01-24 16:35,completed,gift_card,,0
104463,443,2025-01-24 17:11,completed,credit_card,,0
104464,2480,2025-01-24 17:47,completed,credit_card,,0
104465,135,2025-01-24 18:19,completed,apple_pay,,0
104466,1360,2025-01-24 20:10,completed,credit_card,,0
104467,2745,2025-01-25 07:11,completed,credit_card,,0
104468,964,2025-01-25 08:19,completed,credit_card,,6.95
104469,401,2025-01-25 10:26,returned,credit_card,,0
104470,2436,2025-01-25 10:51,canceled,credit_card,,6.95
104471,203,2025-01-25 12:25,completed,credit_card,,0
104472,1933,2025-01-25 15:29,completed,credit_card,,0
104473,2799,2025-01-25 17:06,completed,paypal,,0
104474,1375,2025-01-25 17:13,completed,credit_card,,0
104475,3262,2025-01-25 18:20,completed,paypal,,6.95
104476,481,2025-01-25 19:17,completed,apple_pay,,6.95
104477,3466,2025-01-25 20:49,canceled,credit_card,,0
104478,343,2025-01-25 22:04,completed,paypal,,0
104479,1152,2025-01-25 22:05,canceled,credit_card,,0
104480,1876,2025-01-25 22:10,completed,credit_card,WELCOME10,0
104481,294,2025-01-25 23:19,completed,credit_card,,0
104482,2619,2025-01-26 06:41,completed,apple_pay,,6.95
104483,54,2025-01-26 06:48,completed,credit_card,,0
104484,2559,2025-01-26 07:26,completed,credit_card,,0
104485,2464,2025-01-26 07:38,completed,credit_card,,0
104486,1752,2025-01-26 10:26,completed,credit_card,,6.95
104487,1725,2025-01-26 16:52,completed,paypal,,0
104488,3372,2025-01-26 20:13,completed,paypal,,0
104489,1124,2025-01-26 21:48,completed,credit_card,WELCOME10,0
104490,3014,2025-01-26 22:01,completed,credit_card,WELCOME10,0
104491,2902,2025-01-26 23:22,completed,credit_card,WELCOME10,0
104492,222,2025-01-26 23:48,completed,credit_card,,0
104493,1418,2025-01-27 07:29,completed,credit_card,,0
104494,2450,2025-01-27 08:21,completed,credit_card,WELCOME10,6.95
104495,1708,2025-01-27 10:02,completed,paypal,,0
104496,1004,2025-01-27 10:13,completed,credit_card,,0
104497,1104,2025-01-27 14:06,completed,credit_card,,0
104498,1903,2025-01-27 14:14,completed,paypal,,0
104499,1901,2025-01-27 16:55,completed,credit_card,,0
104500,3208,2025-01-27 18:10,completed,apple_pay,,0
104501,2743,2025-01-27 18:41,completed,credit_card,,0
104502,48,2025-01-27 21:30,completed,apple_pay,,6.95
104503,2950,2025-01-28 07:47,completed,credit_card,,0
104504,2901,2025-01-28 08:09,completed,paypal,,0
104505,3486,2025-01-28 09:12,completed,credit_card,,0
104506,758,2025-01-28 09:44,completed,gift_card,,6.95
104507,3035,2025-01-28 13:18,completed,paypal,,0
104508,1480,2025-01-28 16:56,completed,credit_card,,0
104509,2577,2025-01-28 17:45,canceled,credit_card,,0
104510,549,2025-01-28 17:56,completed,credit_card,,0
104511,2832,2025-01-28 22:05,completed,credit_card,,0
104512,1318,2025-01-28 22:07,completed,credit_card,,0
104513,3561,2025-01-28 22:31,completed,paypal,,6.95
104514,89,2025-01-28 23:35,completed,paypal,,0
104515,1104,2025-01-29 06:59,completed,apple_pay,,0
104516,1891,2025-01-29 12:10,completed,paypal,,0
104517,3273,2025-01-29 14:52,completed,credit_card,,6.95
104518,327,2025-01-29 16:43,completed,credit_card,,0
104519,697,2025-01-29 20:45,returned,gift_card,,0
104520,2986,2025-01-29 21:42,completed,credit_card,,0
104521,379,2025-01-29 22:40,completed,paypal,,0
104522,2049,2025-01-29 23:21,completed,apple_pay,,0
104523,2132,2025-01-30 06:10,completed,credit_card,,0
104524,1137,2025-01-30 06:12,completed,paypal,,6.95
104525,443,2025-01-30 08:07,completed,credit_card,,0
104526,2821,2025-01-30 10:22,completed,paypal,,0
104527,1618,2025-01-30 10:59,completed,credit_card,,6.95
104528,524,2025-01-30 11:22,completed,credit_card,,0
104529,2436,2025-01-30 12:05,completed,credit_card,,0
104530,2111,2025-01-30 13:55,completed,paypal,,0
104531,1104,2025-01-30 14:22,completed,credit_card,,0
104532,2426,2025-01-30 14:59,completed,credit_card,,0
104533,977,2025-01-30 18:51,completed,credit_card,,0
104534,3122,2025-01-30 19:41,completed,credit_card,,0
104535,1891,2025-01-30 20:30,completed,paypal,,0
104536,2113,2025-01-30 22:03,returned,paypal,,6.95
104537,1552,2025-01-31 06:36,completed,credit_card,,0
104538,780,2025-01-31 11:38,completed,paypal,,0
104539,18,2025-01-31 13:08,completed,apple_pay,,0
104540,2724,2025-01-31 16:41,completed,credit_card,,6.95
104541,1425,2025-01-31 16:48,completed,credit_card,,0
104542,2950,2025-01-31 18:17,completed,apple_pay,,0
104543,1783,2025-02-01 07:25,completed,paypal,,6.95
104544,3250,2025-02-01 08:24,completed,credit_card,,0
104545,1064,2025-02-01 09:19,completed,credit_card,,0
104546,605,2025-02-01 14:31,completed,credit_card,,6.95
104547,2451,2025-02-01 16:24,completed,credit_card,,0
104548,1552,2025-02-01 17:36,returned,credit_card,,0
104549,2511,2025-02-01 17:51,completed,credit_card,,0
104550,1903,2025-02-01 23:20,completed,gift_card,,0
104551,138,2025-02-01 23:23,completed,credit_card,,6.95
104552,2639,2025-02-01 23:42,completed,paypal,,0
104553,1980,2025-02-02 07:24,completed,paypal,,0
104554,3432,2025-02-02 09:02,completed,credit_card,,6.95
104555,1460,2025-02-02 09:48,completed,credit_card,,0
104556,1359,2025-02-02 10:12,completed,credit_card,,0
104557,2502,2025-02-02 11:25,completed,credit_card,,0
104558,2778,2025-02-02 19:15,completed,apple_pay,,0
104559,2394,2025-02-02 20:31,completed,paypal,,6.95
104560,2569,2025-02-03 10:10,completed,credit_card,,0
104561,19,2025-02-03 10:20,completed,credit_card,,0
104562,320,2025-02-03 11:15,completed,paypal,,6.95
104563,2580,2025-02-03 13:28,completed,apple_pay,,0
104564,2361,2025-02-03 13:46,completed,credit_card,,0
104565,135,2025-02-03 14:23,completed,credit_card,,0
104566,1001,2025-02-03 14:24,completed,credit_card,,0
104567,2190,2025-02-03 22:44,completed,credit_card,,6.95
104568,48,2025-02-04 07:34,completed,credit_card,,6.95
104569,3069,2025-02-04 07:41,completed,credit_card,,0
104570,2778,2025-02-04 08:25,completed,credit_card,,6.95
102064,507,2024-07-18 14:12,completed,paypal,,0
104571,2796,2025-02-04 09:50,completed,credit_card,,0
104572,1618,2025-02-04 12:05,completed,credit_card,,0
104573,2602,2025-02-04 15:38,completed,apple_pay,WELCOME10,6.95
104574,3531,2025-02-04 16:12,completed,paypal,,0
104575,1021,2025-02-04 17:07,completed,paypal,,6.95
104576,3018,2025-02-04 23:14,completed,gift_card,,6.95
104577,2151,2025-02-04 23:25,completed,credit_card,,0
104578,1104,2025-02-04 23:52,completed,credit_card,WELCOME10,6.95
104579,976,2025-02-05 06:19,completed,credit_card,,0
104580,2821,2025-02-05 09:08,completed,paypal,,0
104581,3032,2025-02-05 09:13,completed,gift_card,,0
104582,2867,2025-02-05 09:39,completed,credit_card,,0
104583,3439,2025-02-05 10:22,completed,credit_card,,0
104584,1671,2025-02-05 10:41,completed,credit_card,,0
104585,2012,2025-02-05 10:57,completed,paypal,,6.95
104586,776,2025-02-05 11:08,completed,gift_card,,0
104587,2515,2025-02-05 20:05,completed,paypal,,0
104588,9,2025-02-05 20:39,completed,credit_card,,0
104589,2887,2025-02-05 22:15,completed,credit_card,,0
104590,2238,2025-02-05 22:17,completed,credit_card,WELCOME10,0
104591,1244,2025-02-05 22:23,completed,credit_card,,0
104592,2383,2025-02-05 23:48,completed,credit_card,,0
104593,2460,2025-02-05 23:50,completed,credit_card,,0
104594,2821,2025-02-06 06:08,completed,paypal,,6.95
104595,519,2025-02-06 07:58,completed,paypal,,0
104596,135,2025-02-06 08:51,completed,paypal,,0
104597,371,2025-02-06 10:02,completed,credit_card,,0
104598,2360,2025-02-06 10:35,completed,credit_card,,0
104599,3329,2025-02-06 11:59,completed,apple_pay,,0
104600,2086,2025-02-06 13:06,completed,credit_card,,0
104601,2436,2025-02-06 14:51,completed,paypal,,0
104602,1654,2025-02-06 16:49,completed,credit_card,,0
104603,1496,2025-02-06 18:16,completed,paypal,,0
104604,3311,2025-02-06 21:00,completed,credit_card,WELCOME10,0
104605,3452,2025-02-07 09:02,completed,gift_card,,0
104606,526,2025-02-07 10:32,completed,credit_card,,0
104607,2950,2025-02-07 13:30,completed,credit_card,,0
104608,384,2025-02-07 19:21,completed,credit_card,,0
104609,3110,2025-02-07 19:41,completed,credit_card,,0
104610,2033,2025-02-07 20:20,completed,paypal,,0
104611,2086,2025-02-07 20:33,completed,credit_card,,0
104612,2581,2025-02-07 21:23,completed,credit_card,,0
104613,2577,2025-02-07 21:44,completed,paypal,,0
104614,2500,2025-02-07 22:37,completed,paypal,,0
104615,776,2025-02-07 23:02,completed,credit_card,WELCOME10,0
104616,1979,2025-02-07 23:45,completed,credit_card,,6.95
104617,384,2025-02-08 06:07,completed,credit_card,,0
104618,2529,2025-02-08 07:02,completed,credit_card,,0
104619,803,2025-02-08 07:55,completed,gift_card,,6.95
104620,1654,2025-02-08 08:07,completed,credit_card,,0
104621,1943,2025-02-08 09:19,completed,credit_card,,0
104622,597,2025-02-08 16:04,completed,credit_card,,0
104623,2174,2025-02-08 16:41,completed,paypal,,0
104624,1450,2025-02-08 17:59,completed,credit_card,,6.95
104625,2618,2025-02-08 18:54,completed,apple_pay,WELCOME10,0
104626,1217,2025-02-08 19:53,canceled,apple_pay,,0
104627,3483,2025-02-08 20:04,completed,credit_card,,0
104628,137,2025-02-08 21:02,completed,apple_pay,,6.95
104629,1717,2025-02-08 21:03,completed,apple_pay,,0
104630,1209,2025-02-09 07:43,completed,credit_card,,6.95
104631,1318,2025-02-09 09:07,completed,credit_card,,0
104632,115,2025-02-09 13:32,completed,apple_pay,,6.95
104633,838,2025-02-09 14:05,completed,credit_card,,0
104634,1270,2025-02-09 14:24,returned,paypal,,0
104635,3249,2025-02-09 14:57,completed,apple_pay,,0
104636,1238,2025-02-09 15:48,completed,credit_card,,6.95
104637,1630,2025-02-09 16:13,completed,paypal,,0
104638,560,2025-02-09 17:49,completed,credit_card,,0
104639,1208,2025-02-09 20:54,completed,credit_card,,0
104640,1545,2025-02-09 21:04,completed,gift_card,WELCOME10,6.95
104641,3483,2025-02-09 21:41,completed,paypal,,0
104642,3443,2025-02-09 22:33,completed,credit_card,,0
104643,336,2025-02-10 08:38,completed,apple_pay,,0
104644,2995,2025-02-10 08:46,completed,credit_card,,6.95
104645,3249,2025-02-10 11:47,completed,credit_card,,0
104646,2821,2025-02-10 12:32,completed,paypal,,0
104647,1182,2025-02-10 15:34,completed,paypal,,0
104648,115,2025-02-10 16:29,completed,paypal,,0
104649,2743,2025-02-10 16:46,completed,paypal,,0
104650,1192,2025-02-10 17:03,completed,credit_card,,0
104651,2436,2025-02-10 19:26,completed,paypal,,0
104652,1857,2025-02-10 20:05,completed,apple_pay,,0
104653,2821,2025-02-10 22:10,completed,credit_card,,0
104654,1375,2025-02-10 22:26,completed,credit_card,,0
104655,2278,2025-02-10 22:50,completed,credit_card,,0
104656,2724,2025-02-11 06:25,completed,paypal,,0
104657,1104,2025-02-11 07:55,completed,credit_card,,0
104658,3110,2025-02-11 09:48,completed,credit_card,,6.95
104659,1552,2025-02-11 12:30,completed,paypal,,6.95
104660,734,2025-02-11 13:09,completed,credit_card,,0
104661,942,2025-02-11 13:23,completed,credit_card,,0
104662,399,2025-02-11 14:10,completed,apple_pay,,0
104663,2343,2025-02-11 16:57,completed,paypal,,6.95
104664,1252,2025-02-11 17:03,completed,apple_pay,,6.95
104665,1955,2025-02-11 18:37,completed,gift_card,,0
104666,274,2025-02-11 19:24,canceled,paypal,,0
104667,3125,2025-02-11 19:29,completed,credit_card,,0
104668,846,2025-02-11 19:35,completed,paypal,,6.95
104669,89,2025-02-11 21:39,completed,credit_card,,0
104670,1786,2025-02-11 21:51,completed,credit_card,WELCOME10,0
104671,307,2025-02-11 21:55,completed,paypal,,0
104672,2361,2025-02-11 22:13,completed,credit_card,,0
104673,302,2025-02-12 09:12,returned,paypal,,0
104674,2620,2025-02-12 10:30,returned,credit_card,,0
104675,2160,2025-02-12 10:33,completed,credit_card,,6.95
104676,2963,2025-02-12 11:11,completed,credit_card,,0
104677,1428,2025-02-12 11:19,canceled,paypal,,0
104678,776,2025-02-12 13:35,completed,paypal,,0
104679,3217,2025-02-12 14:03,completed,credit_card,,0
104680,1763,2025-02-12 14:20,completed,credit_card,,0
104681,1246,2025-02-12 15:18,completed,credit_card,,6.95
104682,1768,2025-02-12 15:57,completed,paypal,,6.95
104683,1021,2025-02-12 18:23,completed,credit_card,,0
104684,2787,2025-02-12 19:44,completed,apple_pay,,0
104685,445,2025-02-12 20:40,completed,credit_card,WELCOME10,6.95
104686,2186,2025-02-12 22:55,completed,apple_pay,,0
104687,1545,2025-02-13 07:35,completed,credit_card,,0
104688,1664,2025-02-13 08:38,completed,credit_card,,0
104689,2842,2025-02-13 10:59,completed,paypal,,0
104690,473,2025-02-13 13:57,completed,paypal,,0
104691,531,2025-02-13 18:41,completed,paypal,,0
104692,577,2025-02-13 20:12,completed,credit_card,,0
104693,439,2025-02-14 06:28,completed,paypal,,0
104694,1221,2025-02-14 08:12,completed,credit_card,,0
104695,443,2025-02-14 11:56,completed,credit_card,,0
104696,804,2025-02-14 13:07,completed,paypal,,0
104697,29,2025-02-14 15:16,completed,apple_pay,,0
104698,171,2025-02-14 15:19,completed,credit_card,WELCOME10,0
104699,59,2025-02-14 16:10,completed,paypal,,0
104700,2984,2025-02-14 19:37,completed,credit_card,,0
104701,2981,2025-02-14 19:55,completed,paypal,,6.95
104702,3122,2025-02-14 20:43,completed,apple_pay,,0
104703,1091,2025-02-14 21:52,completed,credit_card,,6.95
104704,2460,2025-02-14 22:48,completed,paypal,,6.95
104705,3452,2025-02-15 07:45,completed,credit_card,,0
104706,2492,2025-02-15 08:39,completed,apple_pay,,0
104707,237,2025-02-15 09:38,completed,paypal,,0
104708,3589,2025-02-15 10:00,completed,apple_pay,,6.95
104709,594,2025-02-15 10:16,returned,credit_card,,0
104710,2798,2025-02-15 10:17,completed,credit_card,,0
104711,2752,2025-02-15 11:28,completed,credit_card,,0
104712,3564,2025-02-15 12:54,completed,credit_card,,6.95
104713,721,2025-02-15 13:14,canceled,apple_pay,,0
104714,1480,2025-02-15 17:04,completed,paypal,,0
104715,2821,2025-02-15 17:10,completed,credit_card,,0
104716,2743,2025-02-15 20:03,completed,apple_pay,,0
104717,1928,2025-02-15 21:11,completed,credit_card,,0
104718,597,2025-02-15 21:14,completed,paypal,,0
104719,1104,2025-02-15 21:16,completed,credit_card,,0
104720,207,2025-02-15 21:29,completed,credit_card,WELCOME10,6.95
104721,264,2025-02-15 21:33,completed,credit_card,,0
104722,2343,2025-02-15 21:41,completed,apple_pay,,0
104723,2391,2025-02-16 08:46,completed,credit_card,,6.95
104724,2755,2025-02-16 09:57,completed,credit_card,,0
104725,2110,2025-02-16 10:21,completed,credit_card,,0
104726,339,2025-02-16 11:51,canceled,credit_card,WELCOME10,0
104727,2477,2025-02-16 12:07,completed,credit_card,,0
104728,494,2025-02-16 12:27,completed,credit_card,,0
104729,382,2025-02-16 12:45,canceled,apple_pay,,0
104730,1220,2025-02-16 14:18,completed,apple_pay,,0
104731,942,2025-02-16 16:26,completed,credit_card,,0
104732,778,2025-02-16 17:32,completed,paypal,,0
104733,966,2025-02-16 18:27,completed,credit_card,,0
104734,3172,2025-02-16 19:04,returned,apple_pay,,0
104735,307,2025-02-16 19:05,completed,credit_card,,0
104736,343,2025-02-17 07:12,completed,credit_card,,0
104737,2867,2025-02-17 08:16,completed,credit_card,,0
104738,3428,2025-02-17 12:05,completed,gift_card,,0
104739,1080,2025-02-17 13:00,completed,credit_card,,0
104740,2577,2025-02-17 13:07,completed,credit_card,,0
104741,3486,2025-02-17 13:20,completed,credit_card,,0
104742,1480,2025-02-17 14:28,completed,credit_card,,0
104743,1552,2025-02-18 06:57,completed,apple_pay,,0
104744,1960,2025-02-18 08:48,completed,apple_pay,,0
104745,3471,2025-02-18 09:45,completed,apple_pay,,6.95
104746,3279,2025-02-18 09:56,canceled,apple_pay,WELCOME10,0
104747,3041,2025-02-18 11:00,completed,paypal,,0
104748,1011,2025-02-18 11:44,completed,paypal,,0
104749,380,2025-02-18 12:26,completed,credit_card,,6.95
104750,1229,2025-02-18 14:04,completed,credit_card,,0
104751,144,2025-02-18 18:14,completed,paypal,,0
104752,248,2025-02-18 23:33,completed,gift_card,,0
104753,551,2025-02-19 06:23,completed,apple_pay,,0
104754,490,2025-02-19 06:34,completed,paypal,,0
104755,1813,2025-02-19 08:42,completed,credit_card,,0
104756,339,2025-02-19 09:32,completed,credit_card,,0
104757,1104,2025-02-19 09:37,completed,apple_pay,,0
104758,2743,2025-02-19 10:51,completed,credit_card,,6.95
104759,2739,2025-02-19 13:21,completed,apple_pay,WELCOME10,0
104760,2241,2025-02-19 14:08,completed,credit_card,,0
104761,2460,2025-02-19 14:45,completed,credit_card,,0
104762,3388,2025-02-19 16:30,completed,credit_card,,6.95
104763,2339,2025-02-19 16:48,completed,credit_card,,0
104764,54,2025-02-19 17:16,completed,credit_card,,0
104765,1552,2025-02-19 22:11,completed,credit_card,,0
104766,2033,2025-02-19 23:17,completed,credit_card,,0
104767,3110,2025-02-20 06:41,completed,credit_card,,0
104768,3217,2025-02-20 06:54,completed,paypal,,0
104769,2297,2025-02-20 08:42,completed,paypal,,0
104770,1058,2025-02-20 08:49,completed,credit_card,,0
104771,3171,2025-02-20 11:56,completed,credit_card,,0
104772,1153,2025-02-20 13:45,completed,paypal,,0
104773,334,2025-02-20 13:50,completed,credit_card,,0
104774,1630,2025-02-20 14:09,completed,credit_card,,0
104775,384,2025-02-20 16:26,completed,paypal,,0
104776,285,2025-02-20 16:33,completed,credit_card,,0
104777,2118,2025-02-20 16:56,completed,apple_pay,,0
104778,607,2025-02-20 17:43,canceled,paypal,,0
104779,3591,2025-02-20 18:44,completed,paypal,,0
104780,1155,2025-02-20 19:06,completed,credit_card,,0
104781,2569,2025-02-20 20:33,returned,credit_card,,0
104782,2752,2025-02-20 20:45,completed,credit_card,,0
104783,803,2025-02-20 20:58,completed,credit_card,,0
104784,591,2025-02-21 07:41,completed,credit_card,,0
104785,1061,2025-02-21 07:57,completed,credit_card,,0
104786,48,2025-02-21 11:38,completed,credit_card,,0
104787,350,2025-02-21 11:49,completed,credit_card,,0
104788,1831,2025-02-21 12:31,completed,paypal,,0
104789,502,2025-02-21 12:31,completed,apple_pay,,0
104790,3570,2025-02-21 13:14,completed,paypal,,0
104791,2743,2025-02-21 13:17,completed,apple_pay,,6.95
104792,3279,2025-02-21 15:07,completed,apple_pay,,0
104793,1660,2025-02-21 16:59,completed,credit_card,,6.95
104794,2111,2025-02-21 17:05,completed,apple_pay,,0
104795,2113,2025-02-21 17:47,completed,credit_card,,0
104796,2174,2025-02-21 20:55,completed,apple_pay,,0
104797,682,2025-02-22 08:24,completed,credit_card,,0
104798,3530,2025-02-22 11:34,canceled,gift_card,,6.95
104799,1933,2025-02-22 13:26,completed,credit_card,,0
104800,3452,2025-02-22 15:53,completed,credit_card,,0
104801,2602,2025-02-22 16:52,completed,credit_card,,0
104802,2745,2025-02-22 19:53,completed,credit_card,,0
104803,2541,2025-02-22 20:30,completed,credit_card,,0
104804,3394,2025-02-22 23:03,completed,credit_card,WELCOME10,0
104805,2919,2025-02-23 06:40,completed,apple_pay,,6.95
104806,711,2025-02-23 08:16,completed,gift_card,,0
104807,1244,2025-02-23 08:59,completed,credit_card,,0
104808,1080,2025-02-23 09:14,completed,credit_card,,0
104809,1552,2025-02-23 09:54,returned,credit_card,,0
104810,1473,2025-02-23 11:07,returned,apple_pay,,0
104811,3388,2025-02-23 11:41,completed,paypal,,0
104812,2264,2025-02-23 12:28,completed,apple_pay,,6.95
104813,57,2025-02-23 13:43,completed,credit_card,,6.95
104814,3035,2025-02-23 13:52,completed,credit_card,,0
104815,1767,2025-02-23 14:13,completed,credit_card,,0
104816,2361,2025-02-23 14:51,canceled,credit_card,,6.95
104817,435,2025-02-23 18:47,completed,paypal,,0
104818,3069,2025-02-23 18:56,completed,credit_card,,6.95
104819,343,2025-02-23 18:58,completed,credit_card,,6.95
104820,440,2025-02-23 19:49,completed,credit_card,,0
104821,624,2025-02-24 06:31,completed,credit_card,,6.95
104822,1391,2025-02-24 09:38,completed,apple_pay,,0
104823,2181,2025-02-24 09:44,completed,credit_card,,0
104824,3227,2025-02-24 15:52,completed,apple_pay,,0
104825,207,2025-02-24 16:43,completed,credit_card,,0
104826,3348,2025-02-24 18:42,completed,credit_card,,0
104827,2339,2025-02-24 20:07,completed,gift_card,,0
104828,2783,2025-02-24 20:09,returned,credit_card,,0
104829,1996,2025-02-24 20:15,completed,credit_card,,6.95
104830,3250,2025-02-25 06:06,completed,credit_card,,0
104831,1153,2025-02-25 06:24,completed,paypal,,0
104832,2187,2025-02-25 09:35,completed,credit_card,,0
104833,2950,2025-02-25 10:22,completed,paypal,,6.95
104834,78,2025-02-25 12:09,completed,credit_card,,0
104835,988,2025-02-25 14:19,completed,paypal,,0
104836,3110,2025-02-25 16:00,completed,credit_card,,0
104837,1593,2025-02-25 16:09,completed,paypal,,6.95
104838,2951,2025-02-25 17:35,completed,apple_pay,,0
104839,2539,2025-02-25 19:52,completed,credit_card,,0
104840,2569,2025-02-25 21:26,completed,gift_card,,0
104841,384,2025-02-25 22:14,completed,credit_card,,0
104842,2579,2025-02-25 22:53,completed,credit_card,,0
104843,3014,2025-02-26 07:28,completed,credit_card,,0
104844,2363,2025-02-26 08:21,completed,paypal,,0
104845,1295,2025-02-26 08:36,completed,credit_card,,0
104846,2743,2025-02-26 08:46,completed,credit_card,,0
104847,1903,2025-02-26 11:04,completed,paypal,,0
104848,2760,2025-02-26 11:09,completed,apple_pay,,0
104849,803,2025-02-26 13:52,completed,paypal,,0
104850,840,2025-02-26 14:42,returned,paypal,,0
104851,3122,2025-02-26 18:39,completed,apple_pay,,6.95
104852,801,2025-02-26 19:02,completed,paypal,,0
104853,1073,2025-02-26 22:39,completed,credit_card,,0
104854,3124,2025-02-27 07:55,completed,credit_card,,0
104855,1806,2025-02-27 11:35,completed,apple_pay,,0
104856,3032,2025-02-27 16:24,completed,credit_card,,6.95
104857,2893,2025-02-27 17:30,completed,credit_card,,0
104858,3589,2025-02-27 17:39,completed,credit_card,,0
104859,115,2025-02-27 18:37,completed,paypal,,0
104860,3182,2025-02-28 06:04,completed,credit_card,,0
104861,3561,2025-02-28 08:46,completed,apple_pay,,0
104862,2617,2025-02-28 11:27,completed,apple_pay,,0
104863,1443,2025-02-28 12:23,completed,credit_card,,0
104864,1375,2025-02-28 14:18,returned,credit_card,,0
104865,339,2025-02-28 15:05,completed,apple_pay,,0
104866,3032,2025-02-28 15:26,completed,credit_card,,0
104867,1183,2025-02-28 22:25,completed,paypal,,0
104868,1014,2025-02-28 22:44,completed,paypal,,0
104869,1375,2025-02-28 22:57,completed,credit_card,,6.95
104870,554,2025-03-01 06:34,returned,credit_card,SPRING15,0
104871,391,2025-03-01 07:02,completed,credit_card,,0
104872,1725,2025-03-01 07:03,completed,credit_card,,0
104873,3419,2025-03-01 11:22,completed,gift_card,,6.95
104874,1552,2025-03-01 11:26,completed,credit_card,SPRING15,6.95
104875,3062,2025-03-01 14:59,completed,credit_card,,0
104876,2984,2025-03-01 16:11,completed,paypal,,0
104877,1193,2025-03-01 16:40,canceled,credit_card,,0
104878,2431,2025-03-01 17:38,completed,paypal,,0
104879,1329,2025-03-01 17:40,completed,apple_pay,,0
104880,1777,2025-03-01 18:24,completed,apple_pay,SPRING15,6.95
104881,2089,2025-03-01 18:59,completed,credit_card,,0
104882,1533,2025-03-01 21:05,completed,credit_card,,0
104883,3503,2025-03-01 21:26,completed,paypal,,0
104884,1643,2025-03-01 21:35,completed,gift_card,,0
104885,1220,2025-03-01 23:53,completed,credit_card,SPRING15,0
104886,858,2025-03-02 08:05,completed,credit_card,,0
104887,2300,2025-03-02 09:31,completed,apple_pay,,0
104888,186,2025-03-02 12:45,completed,gift_card,,0
104889,2086,2025-03-02 15:06,completed,credit_card,,6.95
104890,1982,2025-03-02 15:24,completed,apple_pay,,0
104891,1220,2025-03-02 16:32,completed,paypal,SPRING15,0
104892,3347,2025-03-02 19:45,completed,paypal,,0
104893,1674,2025-03-02 20:20,completed,credit_card,,0
104894,1165,2025-03-02 21:01,completed,credit_card,,0
104895,1919,2025-03-03 07:41,completed,credit_card,,0
104896,79,2025-03-03 08:06,completed,paypal,,6.95
104897,1759,2025-03-03 08:55,completed,credit_card,SPRING15,0
104898,371,2025-03-03 09:21,completed,credit_card,,6.95
104899,54,2025-03-03 12:36,completed,paypal,,0
104900,1737,2025-03-03 14:15,completed,credit_card,,0
104901,856,2025-03-03 15:20,completed,credit_card,,0
104902,1104,2025-03-03 18:25,returned,credit_card,,0
104903,2776,2025-03-03 19:03,completed,paypal,,0
104904,2644,2025-03-03 23:19,completed,paypal,,0
104905,2846,2025-03-04 06:02,completed,gift_card,,0
104906,1313,2025-03-04 07:13,completed,paypal,SPRING15,0
104907,3270,2025-03-04 11:03,completed,credit_card,,0
104908,2182,2025-03-04 12:16,completed,credit_card,,0
104909,2822,2025-03-04 12:45,completed,credit_card,SPRING15,6.95
104910,1160,2025-03-04 13:43,completed,credit_card,,0
104911,3471,2025-03-04 13:54,completed,paypal,,0
104912,1295,2025-03-04 15:24,completed,credit_card,SPRING15,0
104913,962,2025-03-04 16:30,completed,credit_card,,0
104914,594,2025-03-04 16:33,completed,apple_pay,SPRING15,0
104915,2368,2025-03-04 21:02,completed,credit_card,SPRING15,6.95
104916,2741,2025-03-04 22:38,completed,paypal,,0
104917,594,2025-03-05 07:42,completed,credit_card,,0
104918,2200,2025-03-05 08:10,completed,credit_card,,0
104919,18,2025-03-05 09:36,completed,credit_card,,0
104920,1831,2025-03-05 12:02,completed,apple_pay,,0
104921,967,2025-03-05 12:50,completed,credit_card,,6.95
104922,549,2025-03-05 13:07,completed,apple_pay,SPRING15,0
104923,2460,2025-03-05 14:01,completed,paypal,,0
104924,1379,2025-03-05 16:16,completed,paypal,,0
104925,3439,2025-03-05 17:11,completed,credit_card,,0
104926,1210,2025-03-05 18:06,canceled,credit_card,,0
104927,1391,2025-03-05 18:25,completed,credit_card,,0
104928,3564,2025-03-05 19:39,completed,paypal,,6.95
104929,2445,2025-03-05 20:28,completed,credit_card,,6.95
104930,78,2025-03-05 21:20,completed,paypal,,6.95
104931,3505,2025-03-05 22:24,completed,credit_card,,0
104932,2449,2025-03-06 06:30,completed,credit_card,,0
104933,2821,2025-03-06 07:01,completed,credit_card,,0
104934,2724,2025-03-06 07:09,completed,credit_card,SPRING15,6.95
104935,2174,2025-03-06 08:22,completed,paypal,,0
104936,3600,2025-03-06 12:46,completed,apple_pay,,0
104937,498,2025-03-06 15:30,completed,paypal,,0
104938,494,2025-03-06 16:06,completed,credit_card,,6.95
104939,803,2025-03-06 19:25,completed,credit_card,,0
104940,2383,2025-03-06 19:51,completed,credit_card,,0
104941,1060,2025-03-06 20:13,completed,apple_pay,WELCOME10,0
104942,3076,2025-03-06 22:04,canceled,paypal,WELCOME10,6.95
104943,3147,2025-03-07 08:35,completed,apple_pay,,0
104944,686,2025-03-07 10:45,canceled,credit_card,,0
104945,1044,2025-03-07 11:35,completed,credit_card,,6.95
104946,3227,2025-03-07 15:52,completed,apple_pay,,6.95
104947,2451,2025-03-07 15:55,canceled,paypal,,0
104948,307,2025-03-07 18:32,completed,apple_pay,,0
104949,2197,2025-03-07 18:39,completed,credit_card,,0
104950,1996,2025-03-07 19:26,completed,credit_card,,6.95
104951,3592,2025-03-07 20:59,completed,paypal,WELCOME10,0
104952,1700,2025-03-07 21:17,completed,credit_card,,0
104953,951,2025-03-07 23:35,returned,credit_card,SPRING15,6.95
104954,3416,2025-03-08 07:52,canceled,credit_card,,0
104955,2446,2025-03-08 08:25,completed,credit_card,,0
104956,3555,2025-03-08 08:57,completed,paypal,,0
104957,1767,2025-03-08 09:04,completed,credit_card,,6.95
104958,2745,2025-03-08 11:39,completed,credit_card,SPRING15,0
104959,519,2025-03-08 12:07,completed,credit_card,SPRING15,0
104960,115,2025-03-08 14:31,completed,credit_card,,0
104961,144,2025-03-08 14:48,completed,gift_card,,0
104962,1469,2025-03-08 16:09,returned,gift_card,,0
104963,2813,2025-03-08 17:07,completed,credit_card,,0
104964,2838,2025-03-08 18:51,completed,credit_card,SPRING15,0
104965,507,2025-03-08 20:38,completed,credit_card,,0
104966,307,2025-03-09 06:04,completed,apple_pay,SPRING15,0
104967,2887,2025-03-09 06:44,completed,gift_card,,0
104968,1664,2025-03-09 08:57,completed,credit_card,,0
104969,1654,2025-03-09 09:43,completed,credit_card,,0
104970,1706,2025-03-09 10:51,completed,credit_card,,0
104971,115,2025-03-09 14:10,returned,credit_card,SPRING15,0
104972,1014,2025-03-09 14:28,completed,credit_card,,0
104973,2299,2025-03-09 14:43,returned,credit_card,,0
104974,235,2025-03-09 17:50,completed,credit_card,,0
104975,1255,2025-03-09 18:52,completed,paypal,,0
104976,2511,2025-03-09 19:15,completed,credit_card,,0
104977,1183,2025-03-09 20:00,completed,credit_card,,0
104978,3570,2025-03-09 22:42,completed,credit_card,,0
104979,3400,2025-03-10 06:09,completed,apple_pay,,0
104980,135,2025-03-10 06:29,returned,credit_card,,0
104981,535,2025-03-10 07:22,canceled,credit_card,,0
105481,2995,2025-04-19 22:04,completed,credit_card,,0
104982,2867,2025-03-10 08:46,completed,credit_card,,6.95
104983,3275,2025-03-10 10:40,completed,credit_card,SPRING15,0
104984,2734,2025-03-10 11:55,completed,credit_card,,0
104985,320,2025-03-10 12:39,completed,credit_card,SPRING15,6.95
104986,805,2025-03-10 13:21,completed,credit_card,,0
104987,11,2025-03-10 17:46,completed,credit_card,,0
104988,347,2025-03-10 18:34,completed,credit_card,SPRING15,0
104989,2914,2025-03-10 20:32,completed,credit_card,,0
104990,1488,2025-03-10 21:39,completed,apple_pay,,0
104991,2339,2025-03-10 22:07,completed,paypal,SPRING15,0
104992,1658,2025-03-11 06:11,completed,gift_card,,0
104993,1335,2025-03-11 07:59,completed,credit_card,,0
104994,1292,2025-03-11 09:23,completed,credit_card,WELCOME10,0
104995,2307,2025-03-11 11:29,completed,credit_card,,6.95
104996,2361,2025-03-11 11:34,completed,credit_card,,6.95
104997,3069,2025-03-11 12:04,completed,credit_card,,6.95
104998,3171,2025-03-11 12:30,completed,credit_card,,0
104999,1552,2025-03-11 13:25,completed,paypal,,0
105000,1004,2025-03-11 14:34,completed,apple_pay,,0
105001,1245,2025-03-11 15:10,completed,apple_pay,,6.95
105002,2302,2025-03-11 16:56,completed,credit_card,,0
105003,367,2025-03-11 19:27,completed,credit_card,,0
105004,2021,2025-03-11 20:13,completed,credit_card,,0
105005,483,2025-03-11 21:56,completed,credit_card,,0
105006,384,2025-03-11 22:13,completed,credit_card,,0
105007,2743,2025-03-11 22:29,completed,credit_card,,0
105008,1552,2025-03-11 22:58,completed,gift_card,,0
105009,1752,2025-03-11 23:21,completed,paypal,SPRING15,6.95
105010,3146,2025-03-12 09:42,completed,credit_card,SPRING15,0
105011,923,2025-03-12 10:11,completed,credit_card,,0
105012,2838,2025-03-12 10:53,completed,credit_card,,0
105013,1466,2025-03-12 11:13,completed,credit_card,,0
105014,2164,2025-03-12 12:27,completed,gift_card,,0
105015,3419,2025-03-12 12:37,completed,apple_pay,,0
105016,3587,2025-03-12 13:22,returned,credit_card,,6.95
105017,3432,2025-03-12 15:10,completed,credit_card,SPRING15,0
105018,1104,2025-03-12 15:49,completed,apple_pay,,0
105019,3079,2025-03-12 15:52,completed,apple_pay,,0
105020,2579,2025-03-12 20:31,completed,apple_pay,,6.95
105021,391,2025-03-12 21:48,completed,apple_pay,,0
105022,1418,2025-03-12 23:44,completed,credit_card,,6.95
105023,3450,2025-03-12 23:50,completed,credit_card,,6.95
105024,1832,2025-03-13 08:00,completed,paypal,,0
105025,1466,2025-03-13 10:33,completed,gift_card,,0
105026,1996,2025-03-13 11:27,completed,paypal,,0
105027,3032,2025-03-13 13:12,completed,credit_card,,0
105028,1182,2025-03-13 13:38,completed,apple_pay,,0
105029,2821,2025-03-13 14:35,completed,paypal,,0
105030,2734,2025-03-13 15:30,completed,paypal,,0
105031,208,2025-03-13 16:20,completed,apple_pay,,0
105032,2033,2025-03-13 16:43,completed,paypal,,0
105033,1230,2025-03-13 17:18,returned,credit_card,,0
105034,669,2025-03-13 17:45,completed,paypal,,6.95
105035,1667,2025-03-13 18:17,canceled,credit_card,,0
105036,2562,2025-03-13 21:36,completed,paypal,,0
105037,2946,2025-03-13 23:23,completed,paypal,,0
105038,1660,2025-03-14 06:24,completed,credit_card,,0
105039,1630,2025-03-14 07:02,completed,credit_card,,0
105040,1244,2025-03-14 07:46,completed,apple_pay,,0
105041,1295,2025-03-14 08:27,completed,credit_card,,0
105042,269,2025-03-14 09:35,completed,paypal,,0
105043,2492,2025-03-14 09:48,completed,credit_card,,0
105044,3466,2025-03-14 16:41,completed,credit_card,,0
105045,3532,2025-03-14 17:59,completed,credit_card,,0
105046,482,2025-03-14 19:04,completed,paypal,,0
105047,737,2025-03-14 23:19,returned,credit_card,,0
105048,456,2025-03-14 23:39,completed,credit_card,,0
105049,3019,2025-03-15 09:10,completed,apple_pay,,6.95
105050,1884,2025-03-15 14:27,completed,credit_card,,0
105051,289,2025-03-15 15:39,completed,paypal,,0
105052,778,2025-03-15 18:48,completed,credit_card,,0
105053,2884,2025-03-15 19:53,completed,credit_card,,0
105054,2743,2025-03-15 20:13,completed,apple_pay,,0
105055,3032,2025-03-15 21:31,completed,credit_card,,0
105056,294,2025-03-15 22:28,completed,credit_card,,6.95
105057,1552,2025-03-15 23:14,completed,credit_card,,0
105058,2371,2025-03-15 23:19,completed,credit_card,WELCOME10,0
105059,605,2025-03-16 08:02,completed,credit_card,,0
105060,1552,2025-03-16 09:59,completed,credit_card,,0
105061,1314,2025-03-16 11:10,completed,paypal,,0
105062,334,2025-03-16 16:00,completed,credit_card,,0
105063,1549,2025-03-16 18:46,completed,credit_card,,0
105064,636,2025-03-16 18:47,completed,credit_card,,0
105065,2252,2025-03-16 19:55,completed,gift_card,,0
105066,486,2025-03-16 20:51,completed,gift_card,,0
105067,249,2025-03-16 22:08,completed,credit_card,SPRING15,0
105068,405,2025-03-16 22:36,completed,credit_card,,0
105069,1011,2025-03-16 23:29,completed,credit_card,,0
105070,269,2025-03-17 06:28,completed,credit_card,,0
105071,1341,2025-03-17 06:38,completed,credit_card,,0
105072,1058,2025-03-17 08:46,completed,apple_pay,,0
105073,2905,2025-03-17 09:14,completed,credit_card,,0
105074,54,2025-03-17 10:29,completed,credit_card,,0
105075,721,2025-03-17 12:11,completed,credit_card,,0
105076,2798,2025-03-17 14:58,completed,credit_card,,0
105077,3372,2025-03-17 15:00,completed,credit_card,SPRING15,6.95
105078,2252,2025-03-17 16:56,completed,credit_card,,6.95
105079,1245,2025-03-17 17:18,completed,credit_card,,0
105080,2387,2025-03-17 17:48,completed,credit_card,WELCOME10,0
105081,3102,2025-03-17 17:59,completed,paypal,,0
105082,594,2025-03-17 20:34,completed,credit_card,,0
105083,2039,2025-03-18 06:44,completed,credit_card,,0
105084,1375,2025-03-18 08:56,completed,paypal,SPRING15,6.95
105085,1329,2025-03-18 09:26,completed,apple_pay,,0
105086,1044,2025-03-18 11:49,completed,credit_card,,6.95
105087,1044,2025-03-18 12:02,completed,credit_card,,0
105088,1682,2025-03-18 15:36,completed,paypal,,0
105089,279,2025-03-18 15:39,completed,apple_pay,,0
105090,1104,2025-03-18 17:28,completed,credit_card,,0
105091,2446,2025-03-18 19:14,completed,apple_pay,,0
105092,3279,2025-03-18 19:20,completed,credit_card,WELCOME10,0
105093,2492,2025-03-18 20:00,completed,credit_card,,6.95
105094,2278,2025-03-18 20:01,completed,credit_card,,0
105095,721,2025-03-18 21:10,completed,paypal,,0
105096,443,2025-03-19 06:21,completed,credit_card,,0
105097,1474,2025-03-19 08:20,completed,credit_card,SPRING15,0
105098,384,2025-03-19 09:09,completed,paypal,,0
105099,3035,2025-03-19 09:55,canceled,credit_card,,6.95
105100,3278,2025-03-19 13:02,completed,paypal,SPRING15,0
105101,1572,2025-03-19 14:43,completed,paypal,,6.95
105102,2181,2025-03-19 20:28,completed,apple_pay,,0
105103,2709,2025-03-19 22:52,completed,paypal,,0
105104,2383,2025-03-20 06:01,completed,paypal,,0
105105,803,2025-03-20 08:13,completed,apple_pay,,6.95
105106,967,2025-03-20 08:19,completed,apple_pay,,6.95
105107,1841,2025-03-20 10:05,completed,credit_card,,0
105108,2241,2025-03-20 10:31,completed,credit_card,,0
105109,3505,2025-03-20 11:20,completed,credit_card,,0
105110,2151,2025-03-20 13:16,completed,credit_card,,0
105111,1830,2025-03-20 13:22,completed,credit_card,,0
105112,294,2025-03-20 14:51,completed,paypal,SPRING15,0
105113,2838,2025-03-20 15:08,completed,apple_pay,,0
105114,706,2025-03-20 18:53,completed,credit_card,SPRING15,0
105115,2484,2025-03-20 21:56,completed,credit_card,,0
105116,2923,2025-03-20 22:47,completed,credit_card,,0
105117,3452,2025-03-21 09:30,completed,credit_card,,0
105118,2511,2025-03-21 09:52,canceled,credit_card,,0
105119,3147,2025-03-21 10:25,completed,credit_card,,0
105120,2741,2025-03-21 15:47,completed,credit_card,SPRING15,6.95
105121,3015,2025-03-21 17:18,completed,gift_card,,0
105122,1329,2025-03-21 17:51,completed,credit_card,,6.95
106254,3503,2025-06-14 18:33,canceled,apple_pay,,6.95
105123,269,2025-03-21 21:10,completed,credit_card,,6.95
105124,826,2025-03-21 22:34,completed,paypal,,0
105125,2487,2025-03-22 06:22,completed,credit_card,WELCOME10,6.95
105126,2958,2025-03-22 06:24,completed,paypal,SPRING15,0
105127,2711,2025-03-22 09:34,completed,credit_card,,0
105128,1153,2025-03-22 10:38,completed,credit_card,,0
105129,1443,2025-03-22 12:53,completed,paypal,,0
105130,657,2025-03-22 13:17,completed,gift_card,,0
105131,2776,2025-03-22 15:29,completed,credit_card,,0
105132,1752,2025-03-22 18:11,completed,apple_pay,,6.95
105133,3419,2025-03-22 18:46,completed,apple_pay,,0
105134,840,2025-03-22 19:50,completed,credit_card,,0
105135,1153,2025-03-22 22:04,completed,paypal,,6.95
105136,3117,2025-03-23 13:20,completed,credit_card,SPRING15,0
105137,2020,2025-03-23 16:22,completed,credit_card,,0
105138,2589,2025-03-23 17:49,canceled,credit_card,,0
105139,2893,2025-03-23 22:01,completed,gift_card,,0
105140,881,2025-03-23 22:31,completed,paypal,,0
105141,138,2025-03-24 06:05,completed,paypal,,0
105142,48,2025-03-24 06:26,returned,credit_card,,0
105143,3452,2025-03-24 06:26,returned,credit_card,,0
105144,175,2025-03-24 07:22,returned,gift_card,WELCOME10,0
105145,1688,2025-03-24 08:40,completed,credit_card,,0
105146,3069,2025-03-24 08:49,completed,credit_card,,6.95
105147,3483,2025-03-24 09:33,completed,apple_pay,,0
105148,2701,2025-03-24 09:48,completed,paypal,WELCOME10,0
105149,2110,2025-03-24 10:21,completed,credit_card,,0
105150,2086,2025-03-24 13:25,completed,credit_card,,0
105151,443,2025-03-24 14:01,completed,paypal,SPRING15,6.95
105152,2233,2025-03-24 14:07,completed,credit_card,,6.95
105153,1375,2025-03-24 14:28,completed,credit_card,SPRING15,0
105154,1832,2025-03-24 17:33,completed,credit_card,WELCOME10,0
105155,1618,2025-03-24 17:44,completed,credit_card,,0
105156,382,2025-03-24 19:43,completed,paypal,,0
105157,1104,2025-03-24 20:44,completed,credit_card,,6.95
105158,2577,2025-03-24 22:11,canceled,paypal,,0
105159,336,2025-03-25 06:09,completed,apple_pay,,0
105160,1295,2025-03-25 06:15,completed,paypal,,0
105161,1870,2025-03-25 08:05,completed,credit_card,,0
105162,712,2025-03-25 10:45,completed,paypal,,6.95
105163,274,2025-03-25 11:16,completed,paypal,,0
105164,3526,2025-03-25 12:30,canceled,credit_card,,0
105165,1636,2025-03-25 12:44,completed,paypal,,0
105166,3032,2025-03-25 12:52,completed,credit_card,,0
105167,48,2025-03-25 13:14,completed,credit_card,,6.95
105168,826,2025-03-25 14:45,completed,credit_card,,6.95
105169,2759,2025-03-25 14:46,completed,credit_card,,0
105170,2391,2025-03-25 16:55,returned,paypal,WELCOME10,0
105171,405,2025-03-25 19:00,returned,paypal,,6.95
105172,2278,2025-03-25 19:15,completed,apple_pay,,0
105173,2004,2025-03-25 20:54,completed,credit_card,,0
105174,1480,2025-03-25 21:09,completed,credit_card,,0
105175,85,2025-03-25 22:04,completed,credit_card,,0
105176,3007,2025-03-25 22:59,completed,credit_card,,0
105177,3062,2025-03-25 23:31,completed,apple_pay,,0
105178,1928,2025-03-26 08:22,completed,paypal,,0
105179,1643,2025-03-26 10:09,completed,paypal,,0
105180,2439,2025-03-26 10:19,returned,paypal,,0
105181,780,2025-03-26 11:09,completed,paypal,,6.95
105182,930,2025-03-26 11:20,completed,credit_card,,0
105183,3147,2025-03-26 11:39,completed,apple_pay,,6.95
105184,1126,2025-03-26 11:55,completed,credit_card,,0
105185,2822,2025-03-26 12:24,completed,credit_card,,0
105186,2086,2025-03-26 16:05,completed,apple_pay,,0
105187,2887,2025-03-26 21:52,completed,credit_card,,6.95
105188,2371,2025-03-26 23:28,canceled,credit_card,,0
105189,525,2025-03-27 07:52,completed,paypal,,0
105190,2394,2025-03-27 08:01,completed,paypal,,0
105191,2842,2025-03-27 08:22,completed,gift_card,,0
105192,747,2025-03-27 09:27,completed,credit_card,,0
105193,607,2025-03-27 09:45,completed,credit_card,,0
105194,2770,2025-03-27 12:13,completed,paypal,,6.95
105195,1682,2025-03-27 12:57,returned,gift_card,,0
105196,1700,2025-03-27 13:38,completed,apple_pay,SPRING15,0
105197,1671,2025-03-27 14:11,completed,credit_card,,0
105198,405,2025-03-27 14:40,completed,credit_card,,0
105199,262,2025-03-27 16:57,completed,paypal,,0
105200,526,2025-03-27 19:55,completed,credit_card,,0
105201,2528,2025-03-27 20:14,completed,gift_card,SPRING15,6.95
105202,135,2025-03-27 23:30,completed,credit_card,WELCOME10,6.95
105203,628,2025-03-28 06:14,completed,credit_card,,0
105204,2743,2025-03-28 08:22,completed,paypal,,0
105205,2569,2025-03-28 08:59,completed,apple_pay,,0
105206,2620,2025-03-28 09:05,completed,apple_pay,,0
105207,2562,2025-03-28 09:32,completed,credit_card,,0
105208,302,2025-03-28 11:10,completed,credit_card,,6.95
105209,1549,2025-03-28 11:18,completed,credit_card,,0
105210,2425,2025-03-28 11:53,completed,gift_card,,0
105211,2821,2025-03-28 13:51,completed,credit_card,,0
105212,1229,2025-03-28 15:24,returned,credit_card,,0
105213,1569,2025-03-28 17:00,completed,paypal,,6.95
105214,1421,2025-03-28 18:20,completed,paypal,SPRING15,0
105215,294,2025-03-28 18:55,completed,credit_card,WELCOME10,0
105216,1014,2025-03-28 20:11,completed,paypal,,6.95
105217,2528,2025-03-28 20:53,completed,apple_pay,,6.95
105218,3562,2025-03-28 22:01,completed,credit_card,,0
105219,2962,2025-03-28 22:05,completed,credit_card,,0
105220,2113,2025-03-28 22:28,returned,credit_card,,0
105221,171,2025-03-28 23:48,completed,apple_pay,,0
105222,2825,2025-03-29 07:48,completed,credit_card,WELCOME10,6.95
105223,2460,2025-03-29 11:02,completed,apple_pay,,0
105224,195,2025-03-29 11:50,completed,credit_card,,0
105225,48,2025-03-29 13:04,completed,credit_card,,0
105226,231,2025-03-29 13:16,completed,credit_card,,0
105227,3506,2025-03-29 15:31,completed,credit_card,,0
105228,519,2025-03-29 17:04,completed,paypal,,0
105229,1126,2025-03-29 18:53,completed,paypal,,0
105230,3505,2025-03-29 21:33,completed,credit_card,SPRING15,0
105231,1664,2025-03-29 22:47,completed,credit_card,,0
105232,236,2025-03-29 23:51,completed,apple_pay,,0
105233,236,2025-03-30 07:09,completed,credit_card,,0
105234,2151,2025-03-30 12:20,completed,credit_card,,0
105235,2303,2025-03-30 18:00,completed,credit_card,,6.95
105236,2946,2025-03-30 18:27,completed,credit_card,SPRING15,0
105237,856,2025-03-30 20:52,completed,credit_card,,0
105238,3600,2025-03-30 22:45,completed,credit_card,,0
105239,549,2025-03-31 06:44,completed,gift_card,SPRING15,0
105240,1918,2025-03-31 07:02,completed,apple_pay,,0
105241,3262,2025-03-31 07:15,completed,paypal,,0
105242,2658,2025-03-31 07:29,completed,paypal,,0
105243,2371,2025-03-31 07:40,completed,credit_card,,0
105244,3069,2025-03-31 08:51,completed,gift_card,SPRING15,0
105245,2786,2025-03-31 08:55,completed,credit_card,,0
105246,3506,2025-03-31 11:12,completed,apple_pay,SPRING15,6.95
105247,2278,2025-03-31 13:24,completed,paypal,,0
105248,115,2025-03-31 15:23,completed,credit_card,,0
105249,1768,2025-03-31 18:08,completed,credit_card,,0
105250,2033,2025-03-31 19:24,completed,apple_pay,,0
105251,499,2025-03-31 19:33,completed,paypal,,6.95
105252,2986,2025-03-31 22:16,completed,credit_card,SPRING15,0
105253,3582,2025-03-31 22:33,completed,credit_card,WELCOME10,6.95
105254,2787,2025-03-31 23:47,completed,apple_pay,,0
105255,2156,2025-04-01 09:10,completed,paypal,,0
105256,1708,2025-04-01 09:45,completed,paypal,,0
105257,1729,2025-04-01 10:06,completed,credit_card,SPRING15,0
105258,1091,2025-04-01 12:11,canceled,paypal,,0
105259,3416,2025-04-01 12:46,completed,credit_card,WELCOME10,0
105260,1946,2025-04-01 13:10,completed,paypal,,0
105261,710,2025-04-01 13:23,completed,credit_card,,6.95
105262,3207,2025-04-01 14:42,completed,apple_pay,,0
105263,3411,2025-04-01 16:04,returned,credit_card,,0
105264,2915,2025-04-01 17:35,completed,apple_pay,,6.95
105265,3147,2025-04-01 18:08,completed,credit_card,,0
105266,3425,2025-04-01 22:53,completed,gift_card,,0
105267,323,2025-04-02 07:19,completed,paypal,,6.95
105268,1466,2025-04-02 08:00,completed,credit_card,SPRING15,0
105269,856,2025-04-02 08:39,returned,credit_card,,0
105270,1104,2025-04-02 08:41,completed,credit_card,WELCOME10,0
105271,3526,2025-04-02 10:30,completed,paypal,,6.95
105272,1552,2025-04-02 10:34,completed,credit_card,,0
105273,2741,2025-04-02 11:46,completed,apple_pay,,0
105274,803,2025-04-02 12:10,completed,credit_card,WELCOME10,0
105275,336,2025-04-02 12:11,completed,credit_card,,0
105276,302,2025-04-02 13:49,completed,apple_pay,,0
105277,1946,2025-04-02 15:01,completed,credit_card,,0
105278,2602,2025-04-02 16:26,completed,paypal,,0
105279,3450,2025-04-02 17:05,completed,paypal,,0
105280,942,2025-04-02 18:41,completed,credit_card,,0
105281,2492,2025-04-02 20:03,completed,credit_card,,0
105282,2515,2025-04-03 06:13,completed,credit_card,,0
105283,3249,2025-04-03 10:56,completed,paypal,,6.95
105284,2755,2025-04-03 16:41,completed,credit_card,,0
105285,1389,2025-04-03 17:22,completed,paypal,,6.95
105286,3564,2025-04-03 18:22,canceled,credit_card,,0
105287,486,2025-04-04 07:32,completed,paypal,,0
105288,1312,2025-04-04 08:04,completed,credit_card,SPRING15,0
105289,1474,2025-04-04 08:06,completed,credit_card,,0
105290,2745,2025-04-04 08:23,completed,credit_card,,0
105291,9,2025-04-04 12:12,completed,paypal,,6.95
105292,3483,2025-04-04 13:07,completed,credit_card,,0
105293,1708,2025-04-04 13:15,completed,paypal,,0
105294,1329,2025-04-04 15:08,completed,credit_card,,0
105295,379,2025-04-04 15:12,completed,paypal,,0
105296,302,2025-04-04 16:22,completed,credit_card,,0
105297,3323,2025-04-04 17:15,completed,credit_card,SPRING15,6.95
105298,269,2025-04-04 19:00,canceled,paypal,,6.95
105299,1137,2025-04-04 22:33,completed,apple_pay,,0
105300,2947,2025-04-05 07:07,completed,credit_card,,0
105301,1391,2025-04-05 07:20,completed,credit_card,,0
105302,1722,2025-04-05 09:29,completed,credit_card,,0
105303,2743,2025-04-05 09:48,completed,credit_card,,6.95
105304,2302,2025-04-06 07:31,completed,credit_card,,0
105305,1230,2025-04-06 08:38,completed,apple_pay,SPRING15,6.95
105306,1073,2025-04-06 09:23,completed,credit_card,,0
105307,1881,2025-04-06 10:22,completed,credit_card,,0
105308,1921,2025-04-06 10:30,completed,apple_pay,,0
105309,145,2025-04-06 11:12,completed,paypal,,6.95
105310,1244,2025-04-06 13:34,returned,apple_pay,,0
105311,1110,2025-04-06 13:50,completed,paypal,,0
105312,1153,2025-04-06 16:49,completed,apple_pay,,0
105313,2821,2025-04-06 17:48,completed,credit_card,,6.95
105314,1786,2025-04-06 20:29,completed,credit_card,SPRING15,0
105315,2162,2025-04-06 20:30,completed,credit_card,SPRING15,0
105316,1776,2025-04-07 08:23,completed,credit_card,,0
105317,2932,2025-04-07 09:13,returned,credit_card,,0
105318,1127,2025-04-07 10:20,completed,credit_card,,0
105319,2787,2025-04-07 11:37,completed,credit_card,,0
105320,1928,2025-04-07 12:25,completed,credit_card,,6.95
105321,237,2025-04-07 13:07,completed,credit_card,,0
105322,384,2025-04-07 15:37,completed,credit_card,,6.95
105323,2644,2025-04-07 16:42,completed,paypal,,0
105324,2027,2025-04-07 17:51,completed,credit_card,SPRING15,0
105325,838,2025-04-07 18:21,completed,credit_card,,6.95
105326,3234,2025-04-07 19:39,completed,credit_card,,0
105327,1634,2025-04-07 20:20,completed,apple_pay,,0
105328,2375,2025-04-07 21:02,returned,credit_card,,0
105329,1454,2025-04-07 23:25,completed,credit_card,,0
105330,2110,2025-04-08 07:56,completed,credit_card,,0
105331,1851,2025-04-08 08:32,completed,credit_card,,0
105332,2449,2025-04-08 08:47,completed,paypal,,0
105333,1712,2025-04-08 10:38,completed,credit_card,,0
105334,48,2025-04-08 10:54,completed,apple_pay,,0
105335,2445,2025-04-08 13:04,completed,credit_card,,0
105336,135,2025-04-08 13:19,completed,credit_card,,0
105337,3015,2025-04-08 14:20,completed,paypal,,0
105338,551,2025-04-08 15:49,completed,credit_card,,0
105339,2752,2025-04-08 16:07,completed,credit_card,,0
105340,2460,2025-04-08 16:23,completed,paypal,,0
105341,3320,2025-04-08 16:32,completed,credit_card,,0
105342,3249,2025-04-08 16:47,completed,credit_card,,6.95
105343,2248,2025-04-08 18:10,completed,credit_card,,0
105344,732,2025-04-08 20:20,completed,credit_card,,0
105345,2436,2025-04-08 21:53,completed,paypal,,0
105346,803,2025-04-09 06:39,returned,paypal,SPRING15,0
105347,2867,2025-04-09 07:50,completed,credit_card,,0
105348,3249,2025-04-09 08:27,completed,credit_card,,0
103807,3041,2024-12-04 23:34,completed,gift_card,,0
105349,2913,2025-04-09 10:43,completed,credit_card,,6.95
105350,89,2025-04-09 14:13,completed,credit_card,,0
105351,2383,2025-04-09 15:00,completed,apple_pay,,0
105352,1806,2025-04-09 15:42,completed,credit_card,,6.95
105353,2497,2025-04-09 16:05,completed,credit_card,,0
105354,1759,2025-04-09 16:53,completed,paypal,,0
105355,3312,2025-04-09 17:07,completed,credit_card,WELCOME10,0
105356,2673,2025-04-09 17:45,completed,credit_card,,0
105357,11,2025-04-09 18:09,completed,credit_card,,0
105358,411,2025-04-09 18:30,completed,credit_card,,0
105359,2832,2025-04-09 18:33,canceled,apple_pay,,6.95
105360,3567,2025-04-09 20:33,completed,credit_card,,0
105361,2197,2025-04-09 21:12,completed,credit_card,WELCOME10,0
105362,48,2025-04-09 21:36,completed,credit_card,,0
105363,942,2025-04-09 22:31,completed,credit_card,,0
105364,1044,2025-04-09 23:21,completed,credit_card,SPRING15,6.95
105365,1104,2025-04-10 08:24,completed,credit_card,,0
105366,3110,2025-04-10 09:52,completed,paypal,,0
105367,2252,2025-04-10 10:09,completed,credit_card,SPRING15,0
105368,2813,2025-04-10 11:29,completed,credit_card,,0
105369,405,2025-04-10 18:44,completed,apple_pay,,0
105370,3249,2025-04-10 19:54,completed,credit_card,,0
105371,1590,2025-04-10 21:12,completed,credit_card,WELCOME10,0
105372,1391,2025-04-11 06:33,completed,credit_card,,0
105373,2722,2025-04-11 08:53,completed,credit_card,,0
105374,2786,2025-04-11 09:52,completed,paypal,,0
105375,713,2025-04-11 09:55,completed,credit_card,SPRING15,0
105376,3291,2025-04-11 10:43,completed,credit_card,,0
105377,3250,2025-04-11 12:26,completed,paypal,,0
105378,605,2025-04-11 15:26,completed,credit_card,,0
105379,435,2025-04-11 20:01,completed,credit_card,SPRING15,0
105380,1393,2025-04-11 20:13,completed,apple_pay,,0
105381,1712,2025-04-11 20:59,completed,paypal,,0
105382,2541,2025-04-11 23:38,completed,credit_card,SPRING15,6.95
105383,376,2025-04-12 06:57,completed,credit_card,,0
105384,2577,2025-04-12 09:37,completed,paypal,,6.95
105385,3471,2025-04-12 14:18,completed,paypal,,6.95
105386,371,2025-04-12 14:51,completed,paypal,,0
105387,1986,2025-04-12 15:29,completed,paypal,,0
105388,3564,2025-04-12 18:26,returned,credit_card,,0
105389,3411,2025-04-12 20:21,completed,credit_card,,6.95
105390,2026,2025-04-12 20:42,completed,credit_card,,6.95
105391,1700,2025-04-12 20:57,completed,credit_card,,0
105392,1216,2025-04-12 21:20,completed,credit_card,,0
105393,249,2025-04-12 23:05,completed,credit_card,,0
105394,294,2025-04-13 07:21,completed,credit_card,,0
105395,2283,2025-04-13 08:27,completed,paypal,,0
105396,384,2025-04-13 09:32,completed,credit_card,WELCOME10,0
105397,907,2025-04-13 09:57,completed,credit_card,WELCOME10,0
105398,2629,2025-04-13 10:16,completed,credit_card,,6.95
105399,837,2025-04-13 11:58,completed,credit_card,,0
105400,2745,2025-04-13 12:18,canceled,paypal,,6.95
105401,2162,2025-04-13 13:07,completed,credit_card,,0
105402,1628,2025-04-13 15:33,completed,credit_card,,6.95
105403,1062,2025-04-13 18:47,completed,credit_card,,0
105404,1397,2025-04-13 19:39,completed,gift_card,,6.95
105405,3159,2025-04-13 20:28,completed,credit_card,,0
105406,2460,2025-04-13 20:48,completed,paypal,,0
105407,3270,2025-04-13 21:08,completed,credit_card,,6.95
105408,399,2025-04-13 21:22,completed,credit_card,,0
105409,1012,2025-04-13 21:55,completed,credit_card,WELCOME10,0
105410,721,2025-04-13 22:58,completed,gift_card,,0
105411,1825,2025-04-13 23:36,completed,gift_card,WELCOME10,0
105412,115,2025-04-13 23:46,completed,apple_pay,,6.95
105413,2822,2025-04-14 06:03,completed,gift_card,,0
105414,618,2025-04-14 12:41,completed,credit_card,SPRING15,0
105415,1921,2025-04-14 13:08,completed,credit_card,,0
105416,3069,2025-04-14 14:52,completed,credit_card,,6.95
105417,3007,2025-04-14 15:19,completed,credit_card,,0
105418,2741,2025-04-14 18:46,completed,paypal,,0
105419,2506,2025-04-14 20:03,completed,credit_card,,6.95
105420,232,2025-04-14 20:16,completed,credit_card,,0
105421,2770,2025-04-14 20:19,completed,credit_card,WELCOME10,0
105422,1959,2025-04-15 06:16,completed,paypal,,0
105423,99,2025-04-15 06:35,completed,credit_card,,6.95
105424,3062,2025-04-15 06:49,completed,paypal,,0
105425,2361,2025-04-15 08:52,completed,credit_card,,0
105426,1182,2025-04-15 12:55,completed,apple_pay,,6.95
105427,1200,2025-04-15 14:44,completed,credit_card,,6.95
105428,1142,2025-04-15 16:02,completed,credit_card,,0
105429,2734,2025-04-15 17:01,completed,paypal,,0
105430,1813,2025-04-15 17:12,completed,credit_card,SPRING15,6.95
105431,2821,2025-04-15 21:36,completed,apple_pay,,0
105432,2399,2025-04-15 21:42,completed,paypal,,0
105433,1628,2025-04-15 23:37,completed,credit_card,,0
105434,1851,2025-04-16 06:46,completed,credit_card,,0
105435,2658,2025-04-16 07:07,completed,credit_card,,0
105436,644,2025-04-16 11:52,completed,credit_card,,6.95
105437,307,2025-04-16 13:14,returned,credit_card,,0
105438,1480,2025-04-16 13:58,completed,credit_card,,0
105439,1752,2025-04-16 14:34,completed,credit_card,,0
105440,115,2025-04-16 15:37,canceled,credit_card,,0
105441,1108,2025-04-16 17:43,canceled,gift_card,,0
105442,2948,2025-04-16 20:50,returned,apple_pay,,0
105443,539,2025-04-16 22:30,completed,credit_card,,0
105444,1644,2025-04-16 23:41,completed,credit_card,SPRING15,6.95
105445,94,2025-04-17 09:04,completed,gift_card,,6.95
105446,3159,2025-04-17 11:27,completed,gift_card,,0
105447,3569,2025-04-17 12:02,returned,credit_card,,0
105448,382,2025-04-17 13:01,completed,credit_card,,0
105449,1428,2025-04-17 13:41,completed,credit_card,,0
105450,1184,2025-04-17 14:22,completed,credit_card,SPRING15,0
105451,2451,2025-04-17 15:21,completed,credit_card,,0
105452,3032,2025-04-17 16:15,completed,apple_pay,,0
105453,3014,2025-04-17 16:25,completed,credit_card,,0
105454,2164,2025-04-17 20:14,completed,credit_card,,0
105455,1064,2025-04-17 21:20,completed,credit_card,,0
105456,942,2025-04-18 06:02,completed,credit_card,,0
105457,1397,2025-04-18 07:36,completed,credit_card,WELCOME10,0
105458,2188,2025-04-18 08:08,completed,credit_card,,0
105459,1375,2025-04-18 10:16,completed,credit_card,,0
105460,3227,2025-04-18 12:03,completed,apple_pay,,0
105461,3032,2025-04-18 13:49,completed,credit_card,,0
105462,3019,2025-04-18 14:45,completed,apple_pay,,0
105463,2821,2025-04-18 18:54,completed,apple_pay,,0
105464,1635,2025-04-18 19:02,completed,paypal,,6.95
105465,2812,2025-04-19 07:20,completed,credit_card,,0
105466,3358,2025-04-19 07:38,completed,credit_card,,0
100710,526,2024-03-13 13:39,completed,credit_card,,0
105467,2528,2025-04-19 07:58,canceled,gift_card,,0
105468,3271,2025-04-19 09:33,completed,credit_card,,0
105469,306,2025-04-19 09:58,completed,credit_card,,0
105470,2821,2025-04-19 10:37,completed,credit_card,,0
105471,1104,2025-04-19 10:37,completed,credit_card,,0
105472,2222,2025-04-19 12:10,returned,paypal,,0
105473,711,2025-04-19 13:19,completed,credit_card,,0
105474,3462,2025-04-19 13:20,completed,credit_card,,0
105475,2298,2025-04-19 15:27,completed,gift_card,,0
105476,441,2025-04-19 16:21,completed,credit_card,SPRING15,0
105477,1391,2025-04-19 16:36,completed,credit_card,SPRING15,0
105478,1104,2025-04-19 19:36,completed,apple_pay,SPRING15,0
105479,3401,2025-04-19 19:53,completed,paypal,,0
105480,2086,2025-04-19 21:18,completed,credit_card,,0
105481,2995,2025-04-19 22:04,completed,credit_card,,0
105482,2738,2025-04-20 06:03,completed,credit_card,,0
105483,1671,2025-04-20 07:13,completed,credit_card,,0
105484,1366,2025-04-20 09:06,completed,credit_card,,0
105485,1450,2025-04-20 09:52,completed,apple_pay,,0
105486,2884,2025-04-20 09:57,completed,credit_card,,6.95
105487,3207,2025-04-20 10:32,completed,apple_pay,,0
105488,2060,2025-04-20 12:08,completed,gift_card,,0
105489,1911,2025-04-20 12:19,completed,credit_card,,0
105490,3147,2025-04-20 13:31,completed,gift_card,,0
105491,1149,2025-04-20 14:33,canceled,credit_card,,0
105492,1264,2025-04-20 16:49,completed,credit_card,,6.95
105493,2901,2025-04-20 16:50,returned,credit_card,,0
105494,2151,2025-04-20 18:08,completed,credit_card,SPRING15,0
105495,3014,2025-04-20 22:29,completed,credit_card,,0
105496,48,2025-04-21 06:49,completed,paypal,,0
105497,237,2025-04-21 14:11,completed,credit_card,,0
105498,1722,2025-04-21 16:12,completed,credit_card,,0
105499,405,2025-04-21 16:24,completed,credit_card,,0
105500,2962,2025-04-21 19:53,completed,credit_card,,0
105501,949,2025-04-21 20:04,completed,apple_pay,SPRING15,6.95
105502,2741,2025-04-21 21:24,completed,apple_pay,,0
105503,1104,2025-04-22 06:49,completed,apple_pay,SPRING15,0
105504,3584,2025-04-22 08:01,completed,credit_card,SPRING15,0
105505,2278,2025-04-22 08:47,completed,credit_card,,6.95
105506,236,2025-04-22 08:58,completed,credit_card,,0
105507,2004,2025-04-22 09:22,completed,credit_card,WELCOME10,6.95
105508,3249,2025-04-22 10:15,completed,apple_pay,SPRING15,0
105509,2905,2025-04-22 10:30,canceled,paypal,,6.95
105510,3249,2025-04-22 12:34,completed,credit_card,,0
105511,2197,2025-04-22 12:52,completed,credit_card,,0
105512,3344,2025-04-22 12:54,completed,credit_card,,0
105513,115,2025-04-22 13:09,completed,credit_card,,0
105514,3592,2025-04-22 16:28,completed,credit_card,,0
105515,803,2025-04-22 16:33,completed,credit_card,,0
105516,1446,2025-04-22 16:55,completed,apple_pay,,6.95
105517,1125,2025-04-22 17:48,completed,credit_card,,6.95
105518,1786,2025-04-22 17:54,completed,credit_card,,0
105519,499,2025-04-22 20:16,completed,credit_card,SPRING15,6.95
105520,519,2025-04-22 21:18,completed,paypal,WELCOME10,0
105521,3219,2025-04-22 21:55,completed,paypal,SPRING15,6.95
105522,3425,2025-04-23 07:24,completed,paypal,SPRING15,0
105523,3032,2025-04-23 07:29,completed,apple_pay,,0
105524,2581,2025-04-23 08:25,completed,credit_card,,6.95
105525,1143,2025-04-23 09:06,completed,apple_pay,SPRING15,6.95
105526,2693,2025-04-23 13:36,completed,credit_card,WELCOME10,0
105527,2441,2025-04-23 15:30,completed,gift_card,,0
105528,838,2025-04-23 15:34,completed,credit_card,,0
105529,284,2025-04-23 16:46,completed,paypal,,0
105530,1184,2025-04-23 17:44,completed,gift_card,SPRING15,0
105531,11,2025-04-23 17:44,completed,gift_card,,0
105532,405,2025-04-23 18:10,completed,apple_pay,,0
105533,3589,2025-04-23 18:27,completed,credit_card,WELCOME10,6.95
105534,399,2025-04-23 22:40,completed,credit_card,,6.95
105535,1914,2025-04-23 23:22,completed,credit_card,,0
105536,2834,2025-04-23 23:28,completed,credit_card,SPRING15,6.95
105537,1149,2025-04-24 07:11,canceled,gift_card,,0
105538,1391,2025-04-24 07:44,completed,paypal,SPRING15,0
105539,3558,2025-04-24 14:26,completed,credit_card,,0
105540,2739,2025-04-24 15:05,completed,credit_card,,0
105541,1514,2025-04-24 15:46,returned,credit_card,,0
105542,1104,2025-04-24 16:48,completed,credit_card,SPRING15,6.95
105543,1593,2025-04-24 17:48,returned,paypal,,0
105544,2319,2025-04-24 19:03,completed,paypal,SPRING15,0
105545,1073,2025-04-24 19:19,completed,gift_card,,0
105546,2162,2025-04-24 19:20,completed,paypal,,0
105547,2332,2025-04-24 20:15,completed,credit_card,,6.95
105548,1763,2025-04-24 21:41,completed,paypal,SPRING15,6.95
105549,1073,2025-04-24 23:31,completed,credit_card,,0
105550,2821,2025-04-25 08:07,completed,apple_pay,,6.95
105551,405,2025-04-25 08:47,completed,apple_pay,,0
105552,2918,2025-04-25 11:00,completed,credit_card,,6.95
105553,2162,2025-04-25 11:20,completed,credit_card,,0
105554,2085,2025-04-25 11:25,completed,gift_card,,6.95
105555,1469,2025-04-25 11:34,completed,credit_card,,6.95
105556,3079,2025-04-25 12:21,completed,paypal,,0
105557,2351,2025-04-25 13:48,completed,paypal,,0
105558,237,2025-04-25 14:10,completed,credit_card,WELCOME10,0
105559,53,2025-04-25 15:52,completed,credit_card,,6.95
105560,2460,2025-04-25 16:36,completed,credit_card,SPRING15,0
105561,2906,2025-04-25 16:41,completed,credit_card,,0
105562,2434,2025-04-25 17:07,completed,credit_card,,0
105563,2505,2025-04-25 20:47,completed,paypal,,0
105564,371,2025-04-25 21:22,completed,credit_card,,0
105565,3348,2025-04-26 06:04,completed,paypal,SPRING15,0
105566,3270,2025-04-26 06:15,completed,credit_card,,0
105567,1295,2025-04-26 06:39,completed,credit_card,,0
105568,1759,2025-04-26 08:46,completed,gift_card,,0
105569,443,2025-04-26 09:41,completed,credit_card,,0
105570,3069,2025-04-26 09:41,completed,credit_card,,0
105571,2743,2025-04-26 09:58,completed,credit_card,,6.95
105572,578,2025-04-26 10:06,completed,apple_pay,SPRING15,0
105573,1708,2025-04-26 11:20,completed,paypal,,0
105574,1104,2025-04-26 12:20,completed,credit_card,,0
105575,2888,2025-04-26 12:33,completed,credit_card,,6.95
105576,2506,2025-04-26 15:28,completed,apple_pay,,0
105577,263,2025-04-26 16:48,completed,credit_card,,0
105578,2480,2025-04-26 18:54,completed,credit_card,,0
105579,1628,2025-04-26 19:03,completed,credit_card,,6.95
105580,2844,2025-04-26 19:39,completed,gift_card,,6.95
105581,2233,2025-04-26 21:02,completed,credit_card,,0
105582,1825,2025-04-26 21:20,completed,credit_card,,0
105583,1708,2025-04-26 22:12,completed,apple_pay,SPRING15,6.95
105584,3372,2025-04-26 22:20,completed,gift_card,,0
105585,379,2025-04-26 22:38,completed,paypal,,0
105586,256,2025-04-26 23:35,completed,credit_card,SPRING15,0
105587,2513,2025-04-27 07:12,completed,paypal,,0
105588,3416,2025-04-27 09:12,completed,credit_card,,0
105589,3007,2025-04-27 10:55,completed,paypal,SPRING15,6.95
105590,1466,2025-04-27 11:44,completed,credit_card,,0
105591,618,2025-04-27 13:02,completed,credit_card,,6.95
105592,3466,2025-04-27 13:33,completed,credit_card,,0
105593,2383,2025-04-27 14:08,completed,apple_pay,,0
105594,2608,2025-04-27 14:32,completed,apple_pay,,0
105595,1629,2025-04-27 15:24,completed,credit_card,,0
105596,1884,2025-04-27 15:56,completed,credit_card,WELCOME10,0
105597,256,2025-04-27 16:13,completed,paypal,,0
105598,70,2025-04-27 16:30,completed,paypal,,0
105599,350,2025-04-27 16:49,completed,credit_card,,0
105600,858,2025-04-27 17:42,completed,credit_card,,0
105601,2821,2025-04-27 18:35,completed,credit_card,,0
105602,686,2025-04-27 20:46,completed,credit_card,WELCOME10,0
105603,2252,2025-04-27 22:02,completed,paypal,,6.95
105604,930,2025-04-27 22:35,completed,credit_card,,0
105605,135,2025-04-28 07:11,completed,credit_card,SPRING15,0
105606,2361,2025-04-28 09:43,completed,apple_pay,SPRING15,6.95
105607,41,2025-04-28 10:07,completed,credit_card,,0
105608,507,2025-04-28 10:21,completed,credit_card,,0
105609,2258,2025-04-28 11:29,completed,apple_pay,,0
105610,90,2025-04-28 12:47,completed,credit_card,SPRING15,0
105611,107,2025-04-28 13:00,completed,gift_card,SPRING15,0
105612,2651,2025-04-28 13:35,completed,credit_card,,6.95
105613,942,2025-04-28 15:59,completed,credit_card,,6.95
105614,3380,2025-04-28 17:33,completed,apple_pay,,0
105615,885,2025-04-28 17:35,completed,paypal,,0
105616,1096,2025-04-28 18:01,completed,credit_card,SPRING15,0
105617,3526,2025-04-28 18:34,completed,apple_pay,,0
105618,780,2025-04-28 19:10,completed,credit_card,,0
105619,3032,2025-04-28 21:36,completed,apple_pay,,6.95
105620,170,2025-04-28 21:38,completed,apple_pay,,0
105621,3015,2025-04-28 22:52,completed,credit_card,,0
105622,334,2025-04-28 23:40,completed,credit_card,,0
105623,3029,2025-04-28 23:44,completed,credit_card,,6.95
105624,1155,2025-04-29 06:20,completed,credit_card,,6.95
105625,285,2025-04-29 06:22,completed,credit_card,,6.95
105626,856,2025-04-29 06:54,completed,apple_pay,,0
105627,2539,2025-04-29 07:20,completed,credit_card,,0
105628,1220,2025-04-29 07:53,completed,paypal,,0
105629,1763,2025-04-29 09:05,completed,credit_card,WELCOME10,0
105630,2743,2025-04-29 10:06,completed,paypal,,0
105631,1759,2025-04-29 12:28,completed,credit_card,,0
105632,399,2025-04-29 12:35,completed,credit_card,SPRING15,0
105633,1775,2025-04-29 13:44,completed,credit_card,,0
105634,831,2025-04-29 14:13,completed,credit_card,,0
105635,3207,2025-04-29 14:15,completed,apple_pay,,0
105636,2914,2025-04-29 14:54,completed,apple_pay,,6.95
105637,3098,2025-04-29 15:33,completed,paypal,,0
105638,1330,2025-04-29 17:23,completed,paypal,,0
105639,526,2025-04-29 19:35,canceled,paypal,,0
105640,858,2025-04-29 19:49,completed,paypal,,0
105641,48,2025-04-29 19:53,completed,credit_card,,0
105642,1104,2025-04-29 20:39,completed,paypal,SPRING15,0
105643,2451,2025-04-29 21:03,completed,credit_card,,0
105644,954,2025-04-30 06:26,completed,apple_pay,,0
105645,2560,2025-04-30 08:13,completed,paypal,,0
105646,1480,2025-04-30 13:48,completed,paypal,,0
105647,1729,2025-04-30 14:26,completed,paypal,,0
105648,3311,2025-04-30 15:31,completed,paypal,,0
105649,1257,2025-04-30 19:59,completed,apple_pay,,6.95
105650,189,2025-04-30 21:14,completed,credit_card,,6.95
105651,803,2025-04-30 21:19,completed,credit_card,SPRING15,0
105652,1768,2025-04-30 23:28,completed,credit_card,,0
105653,1522,2025-05-01 07:07,completed,credit_card,,6.95
105654,1039,2025-05-01 09:02,completed,credit_card,SPRING15,6.95
105655,3134,2025-05-01 09:38,completed,credit_card,,0
105656,382,2025-05-01 10:38,completed,credit_card,,0
105657,85,2025-05-01 14:15,completed,credit_card,,6.95
105658,2990,2025-05-01 15:21,completed,credit_card,,0
105659,1142,2025-05-01 16:20,completed,credit_card,SPRING15,6.95
105660,1229,2025-05-01 19:05,completed,credit_card,,0
105661,1188,2025-05-01 19:57,completed,credit_card,,6.95
105662,3249,2025-05-01 20:41,completed,credit_card,,6.95
105663,443,2025-05-01 22:11,completed,credit_card,SPRING15,0
105664,682,2025-05-02 08:39,completed,credit_card,,0
105665,1489,2025-05-02 09:14,completed,paypal,,0
105666,994,2025-05-02 09:17,completed,apple_pay,,0
105667,2258,2025-05-02 13:13,completed,credit_card,,6.95
105668,3564,2025-05-02 15:33,completed,apple_pay,,0
105669,2887,2025-05-02 17:03,completed,credit_card,,0
105670,3533,2025-05-02 17:48,completed,paypal,,0
105671,1061,2025-05-02 18:38,completed,apple_pay,,0
105672,48,2025-05-02 19:07,completed,credit_card,,0
105673,307,2025-05-02 19:59,completed,credit_card,,0
105674,2743,2025-05-02 20:14,completed,credit_card,,0
105675,3507,2025-05-02 22:29,returned,credit_card,,0
105676,2156,2025-05-02 23:13,completed,credit_card,,0
105677,3308,2025-05-02 23:21,completed,credit_card,,0
105678,1085,2025-05-02 23:35,completed,credit_card,WELCOME10,0
105679,2749,2025-05-03 06:07,completed,credit_card,,0
105680,3372,2025-05-03 06:25,completed,paypal,,6.95
105681,133,2025-05-03 11:44,completed,apple_pay,,0
105682,1891,2025-05-03 13:11,completed,credit_card,,6.95
105683,3272,2025-05-03 13:31,completed,credit_card,,0
105684,2821,2025-05-03 14:31,completed,gift_card,,6.95
105685,1583,2025-05-03 15:24,completed,credit_card,WELCOME10,0
105686,2821,2025-05-03 15:36,completed,apple_pay,,0
105687,2297,2025-05-03 16:08,completed,credit_card,SPRING15,0
105688,2932,2025-05-03 19:21,completed,credit_card,SPRING15,6.95
105689,2995,2025-05-03 20:42,completed,paypal,,0
105690,2104,2025-05-03 21:52,completed,credit_card,,0
105691,2033,2025-05-04 06:02,completed,paypal,,0
105692,1012,2025-05-04 06:34,returned,apple_pay,,6.95
105693,2011,2025-05-04 07:53,completed,paypal,,0
105694,3249,2025-05-04 08:04,completed,credit_card,,0
105695,2011,2025-05-04 08:52,completed,apple_pay,,0
105696,3466,2025-05-04 10:28,completed,apple_pay,,6.95
105697,1764,2025-05-04 12:11,completed,apple_pay,,0
105698,1722,2025-05-04 13:09,completed,credit_card,,6.95
105699,3564,2025-05-04 16:54,completed,paypal,,0
105700,443,2025-05-04 17:58,completed,credit_card,,0
105701,3107,2025-05-04 18:10,completed,credit_card,,0
105702,133,2025-05-04 23:18,completed,credit_card,,0
105703,954,2025-05-05 08:11,returned,credit_card,,0
105704,2505,2025-05-05 10:26,canceled,credit_card,,6.95
105705,2004,2025-05-05 12:18,completed,credit_card,,6.95
105706,1552,2025-05-05 13:12,completed,credit_card,,0
105707,159,2025-05-05 15:11,completed,credit_card,,0
105708,2821,2025-05-05 16:56,completed,credit_card,,0
105709,1443,2025-05-05 17:12,completed,credit_card,,0
105710,3497,2025-05-05 17:14,completed,credit_card,,6.95
105711,1955,2025-05-05 20:16,completed,credit_card,,0
105712,48,2025-05-05 22:25,completed,credit_card,SPRING15,6.95
105713,1664,2025-05-05 23:02,completed,credit_card,,6.95
105714,300,2025-05-06 06:44,completed,credit_card,,0
105715,1184,2025-05-06 08:29,completed,credit_card,,0
105716,244,2025-05-06 09:33,completed,gift_card,,0
105717,3552,2025-05-06 11:17,completed,apple_pay,,0
105718,2821,2025-05-06 12:00,completed,credit_card,,0
105719,3219,2025-05-06 15:06,completed,paypal,,0
105720,2500,2025-05-06 19:11,completed,credit_card,,0
105721,838,2025-05-06 19:15,completed,credit_card,,0
105722,1763,2025-05-06 21:55,completed,paypal,,0
105723,3397,2025-05-06 21:56,completed,paypal,,0
105724,2136,2025-05-06 23:08,completed,paypal,,0
105725,228,2025-05-07 08:50,completed,credit_card,,6.95
105726,3213,2025-05-07 11:17,completed,credit_card,SPRING15,0
105727,725,2025-05-07 11:21,completed,apple_pay,,6.95
105728,1171,2025-05-07 11:46,canceled,credit_card,,6.95
105729,1768,2025-05-07 13:32,completed,paypal,,0
105730,2906,2025-05-07 13:35,completed,paypal,,0
105731,1292,2025-05-07 14:23,completed,credit_card,,0
105732,1873,2025-05-07 14:27,returned,credit_card,,0
105733,780,2025-05-07 15:21,completed,paypal,,6.95
105734,384,2025-05-07 15:47,completed,credit_card,,0
105735,1264,2025-05-07 16:28,completed,apple_pay,,0
105736,1454,2025-05-07 16:29,completed,credit_card,,0
105737,1480,2025-05-07 17:05,completed,credit_card,,6.95
105738,231,2025-05-07 21:39,completed,paypal,,0
105739,2884,2025-05-07 22:30,completed,credit_card,,6.95
105740,501,2025-05-08 06:37,completed,credit_card,,6.95
105741,214,2025-05-08 09:44,completed,apple_pay,,0
105742,1157,2025-05-08 09:45,completed,credit_card,,0
105743,2515,2025-05-08 11:57,completed,paypal,,0
105744,1489,2025-05-08 17:08,completed,credit_card,,0
105745,2867,2025-05-08 17:50,completed,credit_card,,0
105746,5,2025-05-08 18:38,completed,credit_card,,0
105747,1946,2025-05-08 20:08,canceled,apple_pay,,6.95
105748,2551,2025-05-08 20:17,completed,paypal,,6.95
105749,1108,2025-05-08 22:23,completed,apple_pay,,0
105750,295,2025-05-08 22:50,completed,paypal,SPRING15,6.95
105751,3582,2025-05-09 06:24,completed,credit_card,,0
105752,1708,2025-05-09 08:40,completed,credit_card,,0
105753,3208,2025-05-09 08:49,canceled,credit_card,,6.95
105754,1104,2025-05-09 09:40,completed,credit_card,,0
105755,678,2025-05-09 10:24,completed,apple_pay,,0
105756,271,2025-05-09 11:28,completed,credit_card,,0
105757,1304,2025-05-09 16:57,completed,gift_card,,0
105758,334,2025-05-09 20:25,completed,paypal,WELCOME10,0
105759,3459,2025-05-09 21:33,completed,paypal,,0
105760,3222,2025-05-09 23:10,completed,credit_card,,0
105761,3032,2025-05-10 06:19,completed,paypal,,0
105762,3298,2025-05-10 07:39,canceled,credit_card,,6.95
105763,817,2025-05-10 07:53,completed,credit_card,,0
105764,1712,2025-05-10 13:13,completed,apple_pay,WELCOME10,0
105765,2278,2025-05-10 18:41,completed,credit_card,SPRING15,0
105766,2671,2025-05-10 19:15,completed,credit_card,,0
105767,2708,2025-05-10 19:37,completed,credit_card,SPRING15,0
105768,1552,2025-05-10 21:08,completed,apple_pay,,0
105769,1489,2025-05-10 21:40,completed,apple_pay,,6.95
105770,2222,2025-05-10 21:59,returned,apple_pay,,0
105771,1073,2025-05-10 22:05,completed,credit_card,SPRING15,6.95
105772,1851,2025-05-10 23:22,completed,credit_card,SPRING15,0
105773,1332,2025-05-11 06:05,canceled,credit_card,SPRING15,6.95
105774,2958,2025-05-11 08:52,completed,credit_card,,0
105775,3380,2025-05-11 09:56,completed,apple_pay,SPRING15,0
105776,1593,2025-05-11 10:42,completed,credit_card,,6.95
105777,311,2025-05-11 11:30,completed,apple_pay,,6.95
105778,384,2025-05-11 12:24,completed,apple_pay,,0
105779,1133,2025-05-11 14:49,completed,paypal,,0
105780,807,2025-05-11 14:53,completed,apple_pay,,0
105781,1545,2025-05-11 16:43,completed,credit_card,,0
105782,659,2025-05-11 17:56,completed,credit_card,,0
105783,473,2025-05-11 23:05,completed,apple_pay,,0
105784,2577,2025-05-12 07:53,canceled,paypal,,0
105785,2263,2025-05-12 10:11,completed,apple_pay,,0
105786,106,2025-05-12 16:39,completed,apple_pay,SPRING15,0
105787,307,2025-05-12 16:41,completed,credit_card,,0
105788,838,2025-05-12 17:00,completed,apple_pay,,6.95
105789,2579,2025-05-12 19:32,returned,credit_card,,0
105790,2391,2025-05-12 22:14,completed,credit_card,,0
105791,3526,2025-05-13 06:46,completed,credit_card,,0
105792,2004,2025-05-13 07:17,completed,paypal,,0
105793,2515,2025-05-13 08:16,completed,credit_card,,6.95
105794,604,2025-05-13 12:11,completed,credit_card,,0
105795,2110,2025-05-13 12:18,completed,credit_card,,0
105796,3146,2025-05-13 14:41,completed,credit_card,SPRING15,0
105797,1200,2025-05-13 16:45,completed,apple_pay,,0
105798,1786,2025-05-13 17:39,completed,credit_card,,0
105799,54,2025-05-13 18:44,completed,credit_card,,0
105800,1314,2025-05-13 19:27,completed,credit_card,,0
105801,1489,2025-05-14 07:51,completed,paypal,,0
105802,2893,2025-05-14 08:12,completed,credit_card,,0
105803,3250,2025-05-14 09:10,completed,credit_card,,0
105804,2919,2025-05-14 10:43,completed,paypal,,0
105805,1813,2025-05-14 12:53,completed,paypal,,0
105806,962,2025-05-14 14:05,canceled,credit_card,,0
105807,1282,2025-05-14 14:13,completed,credit_card,,0
105808,1264,2025-05-14 18:20,completed,paypal,,6.95
105809,481,2025-05-14 19:50,completed,paypal,WELCOME10,0
105810,945,2025-05-15 09:15,completed,credit_card,,0
105811,1916,2025-05-15 11:38,canceled,credit_card,,0
105812,3014,2025-05-15 12:20,canceled,apple_pay,,6.95
105813,3271,2025-05-15 12:26,completed,credit_card,,0
105814,1473,2025-05-15 13:29,completed,credit_card,,0
105815,520,2025-05-15 13:33,completed,paypal,,0
105816,3320,2025-05-15 14:12,completed,credit_card,,0
105817,245,2025-05-15 16:46,completed,credit_card,,0
105818,1391,2025-05-15 17:52,completed,credit_card,,0
105819,878,2025-05-15 21:17,completed,credit_card,,0
105820,78,2025-05-15 23:07,completed,credit_card,,0
105821,383,2025-05-15 23:28,completed,credit_card,,0
105822,1209,2025-05-16 07:37,completed,paypal,,0
105823,135,2025-05-16 07:55,canceled,credit_card,,6.95
105824,2492,2025-05-16 10:41,completed,credit_card,,6.95
105825,564,2025-05-16 12:38,completed,credit_card,,0
105826,2164,2025-05-16 14:46,completed,paypal,,6.95
105827,3030,2025-05-16 15:24,canceled,paypal,,0
105828,608,2025-05-16 18:34,completed,paypal,,6.95
105829,1654,2025-05-17 06:57,canceled,credit_card,,6.95
105830,1984,2025-05-17 08:14,completed,credit_card,,0
105831,1892,2025-05-17 11:29,completed,paypal,,0
105832,443,2025-05-17 14:50,completed,apple_pay,,6.95
105833,202,2025-05-17 14:55,completed,credit_card,,0
105834,3087,2025-05-17 16:19,completed,paypal,,0
105835,3250,2025-05-17 17:46,completed,paypal,SPRING15,6.95
105836,1871,2025-05-17 19:20,completed,apple_pay,,0
105837,1884,2025-05-17 19:21,completed,credit_card,SPRING15,0
105838,2013,2025-05-17 21:51,completed,credit_card,,0
105839,1596,2025-05-17 23:05,completed,credit_card,SPRING15,0
105840,235,2025-05-17 23:31,completed,gift_card,WELCOME10,0
105841,3548,2025-05-17 23:40,completed,paypal,,6.95
105842,2673,2025-05-18 07:07,completed,credit_card,,0
105843,171,2025-05-18 07:20,completed,paypal,WELCOME10,6.95
105844,41,2025-05-18 08:11,completed,credit_card,,0
105845,1011,2025-05-18 08:26,completed,credit_card,,0
105846,535,2025-05-18 09:08,completed,gift_card,,0
105847,3556,2025-05-18 11:57,completed,paypal,SPRING15,0
105848,2197,2025-05-18 12:29,completed,credit_card,,0
105849,3032,2025-05-18 12:47,completed,credit_card,,0
105850,443,2025-05-18 13:52,completed,credit_card,,6.95
105851,9,2025-05-18 15:44,completed,credit_card,,0
105852,594,2025-05-18 16:57,completed,credit_card,,0
105853,750,2025-05-18 18:21,completed,paypal,,0
105854,1454,2025-05-18 19:12,completed,paypal,,0
105855,381,2025-05-18 19:47,canceled,credit_card,,0
105856,452,2025-05-18 20:07,returned,credit_card,,0
105857,2995,2025-05-18 20:48,completed,credit_card,,0
105858,528,2025-05-19 07:39,completed,credit_card,WELCOME10,0
105859,2264,2025-05-19 08:05,completed,credit_card,,0
105860,667,2025-05-19 10:08,completed,gift_card,SPRING15,0
105861,838,2025-05-19 10:12,completed,credit_card,,0
105862,2712,2025-05-19 10:50,completed,credit_card,,6.95
105863,890,2025-05-19 11:13,completed,credit_card,,0
105864,2635,2025-05-19 11:36,completed,credit_card,,0
105865,37,2025-05-19 12:16,completed,credit_card,,6.95
105866,1919,2025-05-19 15:12,completed,paypal,,6.95
105867,382,2025-05-19 15:28,completed,credit_card,,0
105868,795,2025-05-19 15:51,completed,credit_card,,0
105869,780,2025-05-19 18:37,canceled,paypal,,0
105870,269,2025-05-19 20:57,completed,apple_pay,,0
105871,3337,2025-05-19 22:31,completed,apple_pay,,0
105872,2025,2025-05-19 22:36,completed,credit_card,,0
105873,1514,2025-05-19 23:51,completed,credit_card,,0
105874,2391,2025-05-20 08:24,completed,paypal,,0
105875,9,2025-05-20 09:08,completed,apple_pay,,0
105876,3582,2025-05-20 11:43,completed,credit_card,,0
105877,1262,2025-05-20 11:45,completed,credit_card,,0
105878,2834,2025-05-20 12:34,completed,apple_pay,,0
105879,2954,2025-05-20 17:04,completed,apple_pay,,0
105880,2233,2025-05-20 18:17,completed,paypal,,0
105881,577,2025-05-20 21:44,completed,credit_card,,0
105882,302,2025-05-20 23:03,completed,credit_card,,6.95
105883,2460,2025-05-20 23:06,completed,gift_card,,0
105884,2770,2025-05-21 07:59,completed,apple_pay,,0
105885,311,2025-05-21 09:35,completed,paypal,,0
105886,2105,2025-05-21 15:01,completed,apple_pay,,0
105887,1662,2025-05-21 15:13,completed,paypal,,0
105888,1104,2025-05-21 15:37,completed,credit_card,SPRING15,0
105889,2967,2025-05-21 15:56,completed,apple_pay,,0
105890,3435,2025-05-21 16:05,completed,credit_card,,0
105891,1104,2025-05-21 16:41,completed,credit_card,,0
105892,1173,2025-05-21 18:40,completed,paypal,,6.95
105893,2039,2025-05-21 19:05,completed,credit_card,,0
105894,3207,2025-05-21 19:27,completed,gift_card,,0
105895,1391,2025-05-21 20:42,completed,apple_pay,SPRING15,6.95
105896,594,2025-05-21 21:30,completed,credit_card,,0
105897,1198,2025-05-21 22:27,completed,paypal,,6.95
105898,37,2025-05-21 22:32,completed,paypal,SPRING15,0
105899,2821,2025-05-21 22:37,completed,apple_pay,,6.95
105900,2460,2025-05-22 06:15,completed,paypal,,0
105901,1391,2025-05-22 08:27,returned,paypal,SPRING15,6.95
105902,2812,2025-05-22 08:39,completed,credit_card,,0
105903,1104,2025-05-22 09:14,completed,credit_card,,6.95
105904,216,2025-05-22 12:04,completed,credit_card,,0
105905,115,2025-05-22 13:18,completed,paypal,,0
105906,3227,2025-05-22 14:47,completed,apple_pay,,6.95
105907,780,2025-05-22 15:25,canceled,credit_card,,0
105908,1295,2025-05-22 16:11,canceled,paypal,WELCOME10,6.95
105909,1209,2025-05-22 16:50,completed,credit_card,,0
105910,382,2025-05-22 18:02,completed,credit_card,,0
105911,3069,2025-05-22 18:26,completed,paypal,,0
105912,3483,2025-05-22 18:31,completed,apple_pay,,6.95
105913,3159,2025-05-22 19:51,completed,apple_pay,SPRING15,6.95
105914,48,2025-05-22 21:44,completed,paypal,,6.95
105915,11,2025-05-22 21:50,completed,paypal,,0
105916,2745,2025-05-22 23:07,completed,credit_card,,6.95
105917,1628,2025-05-23 09:03,completed,apple_pay,,0
105918,1736,2025-05-23 10:14,completed,credit_card,,6.95
105919,1488,2025-05-23 11:18,completed,apple_pay,SPRING15,6.95
105920,3409,2025-05-23 13:55,completed,credit_card,,0
105921,847,2025-05-23 17:01,completed,credit_card,,0
105922,1408,2025-05-23 17:13,completed,paypal,,0
105923,3014,2025-05-23 18:32,completed,paypal,,6.95
105924,1437,2025-05-23 19:11,completed,credit_card,,6.95
105925,3250,2025-05-23 20:50,completed,credit_card,,0
105926,1320,2025-05-23 21:27,completed,paypal,,6.95
105927,2901,2025-05-23 21:34,canceled,credit_card,,0
105928,1002,2025-05-23 22:21,completed,credit_card,,0
105929,549,2025-05-23 23:16,completed,credit_card,SPRING15,0
105930,2227,2025-05-23 23:18,completed,credit_card,,0
105931,1366,2025-05-23 23:23,completed,apple_pay,WELCOME10,6.95
105932,235,2025-05-24 09:12,completed,credit_card,,0
105933,2492,2025-05-24 12:58,completed,paypal,,0
105934,1735,2025-05-24 13:34,completed,credit_card,,0
105935,307,2025-05-24 15:06,canceled,paypal,,0
105936,2460,2025-05-24 18:12,completed,gift_card,,0
105937,3416,2025-05-24 19:36,completed,paypal,,0
105938,2639,2025-05-24 19:59,completed,paypal,,6.95
105939,3445,2025-05-24 21:26,completed,paypal,,0
105940,1295,2025-05-24 21:55,completed,credit_card,WELCOME10,0
105941,2822,2025-05-24 22:01,completed,credit_card,,0
105942,2838,2025-05-24 23:43,completed,gift_card,,0
105943,2258,2025-05-25 06:00,completed,credit_card,SPRING15,0
105944,3307,2025-05-25 07:38,completed,credit_card,,6.95
105945,885,2025-05-25 08:21,completed,apple_pay,,6.95
105946,1335,2025-05-25 08:30,completed,paypal,,6.95
105947,151,2025-05-25 08:58,completed,credit_card,,0
105948,3543,2025-05-25 09:17,completed,credit_card,,6.95
105949,1012,2025-05-25 11:11,completed,credit_card,,0
105950,3582,2025-05-25 13:38,completed,paypal,,0
105951,3385,2025-05-25 14:14,completed,credit_card,,0
105952,376,2025-05-25 15:03,completed,paypal,,0
105953,24,2025-05-25 16:14,completed,apple_pay,,0
105954,3014,2025-05-25 16:20,completed,credit_card,WELCOME10,0
105955,2743,2025-05-25 16:33,completed,credit_card,,6.95
105956,30,2025-05-25 17:32,completed,credit_card,,0
105957,1529,2025-05-25 18:21,completed,credit_card,,6.95
105958,2703,2025-05-25 20:10,completed,apple_pay,,0
105959,1851,2025-05-25 20:54,completed,credit_card,,0
105960,1012,2025-05-25 21:10,completed,credit_card,WELCOME10,0
105961,2620,2025-05-25 21:14,returned,credit_card,WELCOME10,0
105962,3595,2025-05-25 21:15,completed,paypal,WELCOME10,0
105963,2834,2025-05-25 21:53,completed,paypal,,0
105964,590,2025-05-26 07:54,completed,credit_card,,0
105965,1064,2025-05-26 18:45,completed,credit_card,,0
105966,2838,2025-05-26 18:57,completed,credit_card,,0
105967,1480,2025-05-26 19:00,completed,credit_card,,0
105968,2867,2025-05-26 19:20,completed,credit_card,,0
105969,384,2025-05-26 19:28,completed,credit_card,,6.95
105970,1454,2025-05-26 19:44,completed,credit_card,,0
105971,1418,2025-05-26 20:44,completed,credit_card,SPRING15,0
105972,2160,2025-05-26 21:56,completed,paypal,SPRING15,0
105973,3249,2025-05-26 22:10,completed,credit_card,,6.95
105974,3344,2025-05-26 22:45,completed,paypal,,0
105975,2897,2025-05-26 23:24,completed,credit_card,,0
105976,1913,2025-05-26 23:36,completed,paypal,SPRING15,0
105977,2133,2025-05-27 10:51,completed,paypal,,6.95
105978,1126,2025-05-27 11:06,completed,apple_pay,,0
105979,1257,2025-05-27 11:31,completed,gift_card,,0
105980,337,2025-05-27 12:46,completed,credit_card,WELCOME10,6.95
105981,923,2025-05-27 15:21,completed,apple_pay,,0
105982,1682,2025-05-27 15:58,completed,paypal,,0
105983,3361,2025-05-27 15:59,completed,apple_pay,,0
105984,1635,2025-05-27 17:06,completed,credit_card,,6.95
105985,2850,2025-05-27 20:04,completed,credit_card,,0
105986,3007,2025-05-27 21:38,completed,paypal,SPRING15,0
105987,1153,2025-05-27 22:46,completed,apple_pay,,0
105988,1857,2025-05-28 06:28,completed,credit_card,,0
105989,1925,2025-05-28 07:25,completed,paypal,SPRING15,0
105990,693,2025-05-28 07:32,completed,credit_card,,0
105991,2113,2025-05-28 07:40,completed,credit_card,,0
105992,216,2025-05-28 07:48,completed,credit_card,,0
105993,3035,2025-05-28 09:43,returned,paypal,,0
105994,2724,2025-05-28 10:13,completed,apple_pay,SPRING15,0
105995,231,2025-05-28 11:24,completed,credit_card,,0
105996,289,2025-05-28 12:04,completed,credit_card,,0
105997,1786,2025-05-28 13:13,completed,credit_card,,0
105998,616,2025-05-28 14:18,completed,paypal,,0
105999,1340,2025-05-28 16:29,completed,credit_card,,6.95
106000,942,2025-05-28 16:50,completed,credit_card,SPRING15,0
106001,901,2025-05-28 16:59,completed,gift_card,,0
106002,2441,2025-05-28 17:30,completed,credit_card,,6.95
106003,1838,2025-05-28 17:39,completed,credit_card,,0
106004,713,2025-05-28 19:36,completed,credit_card,,0
106005,382,2025-05-28 21:34,completed,paypal,,0
106006,162,2025-05-28 22:11,completed,credit_card,,0
106007,2954,2025-05-28 22:16,completed,paypal,,0
106008,391,2025-05-28 23:38,returned,credit_card,,0
106009,1648,2025-05-29 07:13,completed,credit_card,,0
106010,133,2025-05-29 08:27,completed,credit_card,,6.95
106011,2850,2025-05-29 09:14,completed,credit_card,,0
106012,2173,2025-05-29 10:13,completed,credit_card,,0
106013,1340,2025-05-29 10:46,completed,apple_pay,,0
106014,525,2025-05-29 12:05,completed,credit_card,,0
106015,307,2025-05-29 12:14,completed,credit_card,,0
106016,3069,2025-05-29 12:41,completed,apple_pay,,0
106017,245,2025-05-29 12:42,completed,credit_card,,0
106018,2451,2025-05-29 12:50,completed,credit_card,,0
106019,2297,2025-05-29 13:57,completed,gift_card,,0
107164,389,2025-08-24 19:20,canceled,credit_card,,0
106020,456,2025-05-29 15:39,completed,credit_card,,6.95
106021,2640,2025-05-29 15:50,completed,apple_pay,,6.95
106022,3406,2025-05-29 15:56,completed,credit_card,,0
106023,1313,2025-05-29 16:18,completed,credit_card,,0
106024,2850,2025-05-29 16:42,completed,credit_card,,0
106025,3015,2025-05-29 17:04,completed,credit_card,,0
106026,2739,2025-05-29 17:21,completed,credit_card,,6.95
106027,3298,2025-05-29 18:12,returned,credit_card,,0
106028,3014,2025-05-29 18:43,completed,credit_card,,6.95
106029,2867,2025-05-29 19:45,completed,credit_card,,0
106030,2577,2025-05-29 20:20,completed,credit_card,,0
106031,1188,2025-05-29 20:20,canceled,credit_card,,0
106032,3122,2025-05-30 07:40,returned,credit_card,,0
106033,1488,2025-05-30 10:55,completed,paypal,,0
106034,3348,2025-05-30 11:12,completed,paypal,SPRING15,0
106035,1460,2025-05-30 11:49,completed,credit_card,,0
106036,3018,2025-05-30 13:38,completed,paypal,,0
106037,235,2025-05-30 15:00,completed,apple_pay,,0
106038,692,2025-05-30 15:25,completed,apple_pay,,0
106039,2131,2025-05-30 17:12,returned,gift_card,,0
106040,494,2025-05-30 19:02,completed,apple_pay,,0
106041,2044,2025-05-30 22:03,completed,paypal,,0
106042,2755,2025-05-31 06:58,completed,apple_pay,,0
106043,3208,2025-05-31 08:19,completed,credit_card,,0
106044,732,2025-05-31 09:48,completed,apple_pay,,6.95
106045,1466,2025-05-31 10:44,canceled,paypal,,6.95
106046,3222,2025-05-31 12:11,canceled,apple_pay,,0
106047,2277,2025-05-31 14:43,completed,apple_pay,,0
106048,2844,2025-05-31 17:47,returned,credit_card,,0
106049,519,2025-05-31 18:01,completed,apple_pay,,0
106050,1011,2025-05-31 18:31,completed,apple_pay,SPRING15,6.95
106051,443,2025-05-31 18:51,completed,credit_card,,0
106052,3543,2025-05-31 19:24,returned,credit_card,,0
106053,2832,2025-05-31 19:42,completed,credit_card,SPRING15,6.95
106054,1044,2025-05-31 20:18,completed,credit_card,,0
106055,1729,2025-05-31 20:28,completed,paypal,SPRING15,6.95
106056,481,2025-05-31 21:53,completed,credit_card,,6.95
106057,2838,2025-05-31 23:36,completed,credit_card,WELCOME10,0
106058,1664,2025-06-01 06:54,completed,credit_card,,0
106059,3545,2025-06-01 07:11,completed,paypal,,0
106060,11,2025-06-01 09:27,completed,credit_card,,0
106061,1313,2025-06-01 10:49,completed,paypal,,0
106062,401,2025-06-01 11:00,completed,paypal,,6.95
106063,1598,2025-06-01 12:57,canceled,credit_card,,0
106064,435,2025-06-01 13:00,completed,paypal,,0
106065,2285,2025-06-01 13:03,completed,credit_card,WELCOME10,0
106066,954,2025-06-01 13:55,completed,credit_card,,0
106067,1520,2025-06-01 14:48,completed,credit_card,,0
106068,2516,2025-06-01 16:05,completed,paypal,,0
106069,384,2025-06-01 16:09,completed,paypal,,0
106070,3483,2025-06-01 16:19,canceled,credit_card,,6.95
106071,2033,2025-06-01 18:57,completed,credit_card,,0
106072,2086,2025-06-01 19:21,completed,apple_pay,,0
106073,1712,2025-06-01 21:14,canceled,credit_card,,0
106074,250,2025-06-01 21:36,completed,apple_pay,,6.95
106075,659,2025-06-01 22:06,completed,credit_card,,0
106076,456,2025-06-01 22:33,completed,credit_card,,0
106077,2252,2025-06-01 23:50,completed,gift_card,,0
106078,2815,2025-06-01 23:52,completed,paypal,,0
106079,1733,2025-06-02 07:32,completed,credit_card,,0
106080,2426,2025-06-02 09:15,completed,credit_card,,6.95
106081,1221,2025-06-02 11:36,completed,gift_card,,6.95
106082,2497,2025-06-02 11:55,completed,paypal,,0
106083,1922,2025-06-02 12:11,completed,credit_card,,0
106084,3271,2025-06-02 12:35,completed,paypal,,0
106085,344,2025-06-02 13:21,completed,credit_card,,0
106086,2859,2025-06-02 16:32,completed,credit_card,,0
106087,757,2025-06-02 16:43,completed,credit_card,,0
106088,3363,2025-06-02 17:13,completed,credit_card,,0
106089,856,2025-06-02 20:02,completed,credit_card,,0
106090,3335,2025-06-02 20:30,completed,apple_pay,,0
106091,3562,2025-06-02 21:17,completed,gift_card,,0
106092,2073,2025-06-02 23:50,completed,apple_pay,,0
106093,539,2025-06-03 07:59,completed,apple_pay,,6.95
106094,3278,2025-06-03 09:29,completed,apple_pay,,0
106095,1925,2025-06-03 09:47,completed,credit_card,,0
106096,29,2025-06-03 11:40,completed,credit_card,,6.95
106097,1264,2025-06-03 11:52,completed,credit_card,,0
106098,462,2025-06-03 12:24,completed,apple_pay,,0
106099,890,2025-06-03 15:41,completed,paypal,,0
106100,1261,2025-06-03 16:36,completed,credit_card,,0
106101,1230,2025-06-03 18:10,completed,gift_card,,0
106102,804,2025-06-03 18:42,completed,paypal,,0
106103,1383,2025-06-03 19:09,completed,credit_card,,0
106104,2033,2025-06-03 19:35,completed,credit_card,,6.95
106105,1029,2025-06-03 20:02,completed,paypal,,0
106106,107,2025-06-03 22:00,completed,credit_card,,0
106107,3372,2025-06-03 22:03,completed,gift_card,,0
106108,1868,2025-06-03 23:38,completed,credit_card,,0
106109,2187,2025-06-03 23:52,canceled,credit_card,,0
106110,1658,2025-06-04 06:13,completed,gift_card,,6.95
106111,2867,2025-06-04 08:28,completed,credit_card,,0
106112,3524,2025-06-04 13:45,completed,credit_card,,0
106113,2893,2025-06-04 13:56,completed,apple_pay,,0
106114,525,2025-06-04 15:05,completed,credit_card,,0
106115,3555,2025-06-04 16:34,completed,gift_card,,0
106116,1898,2025-06-04 17:10,completed,credit_card,,0
106117,2360,2025-06-04 17:18,completed,credit_card,,0
106118,1552,2025-06-04 21:27,returned,credit_card,,0
106119,3069,2025-06-04 21:40,completed,credit_card,,0
106120,1184,2025-06-04 21:44,completed,apple_pay,,0
106121,2528,2025-06-04 22:38,completed,apple_pay,,0
106122,1552,2025-06-04 23:00,completed,credit_card,,0
106123,3434,2025-06-04 23:14,completed,credit_card,,0
106124,747,2025-06-04 23:39,completed,apple_pay,,6.95
106125,377,2025-06-05 06:46,completed,credit_card,,0
106126,2391,2025-06-05 07:23,completed,paypal,,0
106127,407,2025-06-05 08:14,completed,gift_card,,0
106128,1682,2025-06-05 08:53,completed,credit_card,,0
106129,1514,2025-06-05 09:10,completed,apple_pay,,0
106130,1159,2025-06-05 09:35,completed,credit_card,,0
106131,794,2025-06-05 14:09,completed,credit_card,,0
106132,3528,2025-06-05 14:14,completed,paypal,,0
106133,817,2025-06-05 15:44,canceled,credit_card,,6.95
106134,3216,2025-06-05 16:19,completed,credit_card,,6.95
106135,1425,2025-06-05 16:20,completed,credit_card,,0
106136,838,2025-06-05 16:34,completed,credit_card,,0
106137,2786,2025-06-05 17:07,completed,credit_card,,0
106138,2973,2025-06-05 17:09,completed,credit_card,,6.95
106139,97,2025-06-05 18:21,completed,apple_pay,,6.95
106140,3069,2025-06-05 18:36,returned,credit_card,,0
106141,497,2025-06-05 19:42,completed,credit_card,WELCOME10,0
106142,1898,2025-06-06 09:36,completed,credit_card,,0
106143,195,2025-06-06 09:48,completed,paypal,,0
106144,1807,2025-06-06 10:11,returned,credit_card,,0
106145,407,2025-06-06 11:44,completed,credit_card,,0
106146,2679,2025-06-06 12:10,completed,credit_card,,6.95
106147,2591,2025-06-06 14:07,completed,credit_card,,0
106148,3372,2025-06-06 14:31,completed,gift_card,,0
106149,1634,2025-06-06 18:03,completed,credit_card,,0
106150,3250,2025-06-06 18:09,completed,credit_card,,6.95
106151,885,2025-06-06 18:38,completed,credit_card,,0
106152,1708,2025-06-06 19:17,completed,credit_card,,0
106153,2528,2025-06-06 19:18,completed,paypal,,0
106154,1192,2025-06-06 19:37,completed,credit_card,,0
106155,3445,2025-06-06 20:42,completed,credit_card,,0
106156,968,2025-06-06 21:48,completed,credit_card,,0
106157,2104,2025-06-07 10:21,returned,paypal,,6.95
106158,2770,2025-06-07 10:34,completed,credit_card,,0
106159,135,2025-06-07 13:02,completed,credit_card,,0
106160,3277,2025-06-07 14:38,completed,paypal,,0
106161,1062,2025-06-07 15:54,completed,paypal,,6.95
106162,1162,2025-06-07 16:02,completed,credit_card,,0
106163,1858,2025-06-07 17:57,completed,credit_card,,0
106164,1002,2025-06-07 18:38,completed,credit_card,,0
106165,2902,2025-06-07 20:24,completed,paypal,,0
106166,1691,2025-06-07 20:35,returned,apple_pay,,0
106167,1732,2025-06-07 21:03,completed,credit_card,,6.95
106168,1261,2025-06-07 21:07,completed,credit_card,,6.95
106169,3582,2025-06-07 21:13,completed,credit_card,,0
106170,980,2025-06-07 22:11,completed,credit_card,,6.95
106171,2528,2025-06-07 22:17,completed,gift_card,,0
106172,2901,2025-06-07 23:04,canceled,paypal,,0
106173,53,2025-06-07 23:05,completed,paypal,,6.95
106174,2981,2025-06-07 23:09,completed,paypal,,0
106175,3250,2025-06-07 23:21,completed,apple_pay,,0
106176,1454,2025-06-08 07:59,completed,paypal,,0
106177,3528,2025-06-08 09:36,completed,credit_card,,0
106178,5,2025-06-08 09:59,completed,gift_card,,0
106179,2004,2025-06-08 10:01,completed,credit_card,,0
106180,727,2025-06-08 11:17,completed,credit_card,,0
106181,9,2025-06-08 11:51,completed,credit_card,,0
106182,2679,2025-06-08 15:42,completed,paypal,,0
106183,107,2025-06-08 17:00,completed,credit_card,,0
106184,3324,2025-06-08 18:41,completed,apple_pay,,0
106185,1682,2025-06-08 19:08,completed,credit_card,,0
106186,3411,2025-06-08 22:17,completed,paypal,,0
106187,389,2025-06-09 07:07,completed,credit_card,,0
106188,507,2025-06-09 09:01,completed,paypal,,0
106189,3416,2025-06-09 09:15,canceled,credit_card,,0
106190,3160,2025-06-09 09:45,returned,credit_card,,0
106191,2086,2025-06-09 13:14,completed,credit_card,,0
106192,2515,2025-06-09 13:31,completed,gift_card,,0
106193,2844,2025-06-09 13:39,completed,credit_card,,0
106194,1200,2025-06-09 14:32,completed,credit_card,,0
106195,3559,2025-06-09 15:41,completed,paypal,WELCOME10,0
106196,1173,2025-06-09 20:04,returned,credit_card,,0
106197,3543,2025-06-09 22:38,completed,credit_card,,0
106198,240,2025-06-09 23:12,completed,gift_card,,0
106199,3072,2025-06-09 23:50,completed,credit_card,,6.95
106200,2679,2025-06-10 06:27,completed,credit_card,,0
106201,2067,2025-06-10 07:02,completed,credit_card,,0
106202,2060,2025-06-10 07:59,completed,credit_card,,0
106203,1421,2025-06-10 09:04,completed,credit_card,,0
106204,2745,2025-06-10 09:06,completed,apple_pay,,0
106205,2460,2025-06-10 12:37,completed,apple_pay,,6.95
106206,1848,2025-06-10 14:16,completed,credit_card,,0
106207,2412,2025-06-10 14:40,completed,apple_pay,,6.95
106208,3187,2025-06-10 15:51,completed,credit_card,,6.95
106209,2630,2025-06-10 16:00,completed,paypal,,6.95
106210,2528,2025-06-10 17:48,completed,credit_card,,0
106211,1700,2025-06-10 18:40,completed,gift_card,,6.95
106212,1021,2025-06-10 22:05,completed,paypal,,0
106213,718,2025-06-11 07:06,completed,apple_pay,,0
106214,1011,2025-06-11 07:33,completed,credit_card,,0
106215,2252,2025-06-11 09:28,completed,credit_card,,0
106216,1104,2025-06-11 12:39,completed,gift_card,,0
106217,1029,2025-06-11 14:10,completed,credit_card,,0
106218,1454,2025-06-11 15:36,completed,credit_card,,0
106219,445,2025-06-11 16:58,completed,credit_card,,0
106220,3564,2025-06-11 18:58,completed,credit_card,,0
106221,311,2025-06-11 19:20,completed,credit_card,,0
106222,1843,2025-06-11 22:02,completed,credit_card,,0
106223,1220,2025-06-11 23:35,completed,credit_card,,0
106224,2884,2025-06-12 07:12,completed,paypal,,0
106225,920,2025-06-12 07:44,completed,credit_card,,0
106226,3528,2025-06-12 10:25,completed,credit_card,,6.95
106227,3311,2025-06-12 13:09,completed,paypal,,0
106228,525,2025-06-12 14:40,completed,paypal,,0
106229,2013,2025-06-12 15:23,completed,credit_card,,0
106230,123,2025-06-12 16:06,completed,credit_card,,0
106231,2343,2025-06-12 18:10,completed,apple_pay,,0
106232,2173,2025-06-12 19:28,completed,paypal,,0
106233,3526,2025-06-12 19:46,completed,credit_card,,0
106234,2241,2025-06-12 20:02,completed,credit_card,,0
106235,405,2025-06-12 21:38,completed,credit_card,,0
106236,1510,2025-06-12 21:53,completed,credit_card,,0
106237,85,2025-06-12 21:53,completed,paypal,,0
106238,339,2025-06-12 22:15,completed,credit_card,,0
106239,3545,2025-06-12 23:00,completed,gift_card,,6.95
106240,482,2025-06-12 23:11,canceled,credit_card,,0
106241,828,2025-06-13 06:19,completed,credit_card,,0
106242,1552,2025-06-13 08:33,completed,credit_card,,0
106243,1922,2025-06-13 08:34,completed,credit_card,,0
106244,405,2025-06-13 09:43,completed,credit_card,,0
106245,2111,2025-06-13 13:54,completed,apple_pay,,0
106246,389,2025-06-13 15:15,completed,paypal,,0
106247,3380,2025-06-13 17:50,completed,credit_card,,0
106248,844,2025-06-13 19:51,completed,credit_card,,0
106249,3595,2025-06-13 20:11,completed,credit_card,,0
106250,123,2025-06-14 07:53,completed,credit_card,,0
106251,1658,2025-06-14 09:38,completed,paypal,,0
106252,347,2025-06-14 15:25,completed,credit_card,,6.95
106253,1752,2025-06-14 15:53,canceled,credit_card,,0
106254,3503,2025-06-14 18:33,canceled,apple_pay,,6.95
106255,980,2025-06-14 21:47,completed,credit_card,,0
106256,1864,2025-06-14 21:48,completed,credit_card,,0
106257,3452,2025-06-14 23:13,canceled,paypal,,0
106258,668,2025-06-15 07:16,completed,paypal,,0
106259,3320,2025-06-15 09:14,completed,credit_card,,0
106260,837,2025-06-15 10:42,completed,credit_card,,0
106261,29,2025-06-15 11:47,completed,credit_card,,6.95
106262,1104,2025-06-15 12:05,completed,apple_pay,,6.95
106263,3543,2025-06-15 12:39,completed,credit_card,,6.95
106264,1064,2025-06-15 14:04,completed,credit_card,,0
106265,3564,2025-06-15 15:10,returned,credit_card,,0
106266,3310,2025-06-15 15:17,completed,credit_card,,0
106267,445,2025-06-15 16:55,completed,apple_pay,,0
106268,3267,2025-06-15 17:29,completed,credit_card,,0
106269,924,2025-06-15 17:42,completed,paypal,,6.95
106270,1466,2025-06-15 17:57,returned,credit_card,,0
106271,51,2025-06-15 18:09,completed,apple_pay,,0
106272,2160,2025-06-16 07:10,completed,credit_card,,6.95
106273,1012,2025-06-16 08:21,completed,credit_card,,6.95
106274,2252,2025-06-16 10:20,completed,paypal,,0
106275,2867,2025-06-16 11:09,completed,credit_card,,0
106276,3567,2025-06-16 12:22,completed,paypal,,6.95
106277,558,2025-06-16 14:46,completed,credit_card,,0
106278,3018,2025-06-16 15:40,completed,paypal,,0
106279,2887,2025-06-16 16:35,completed,paypal,,0
106280,11,2025-06-16 21:18,completed,paypal,,0
106281,2085,2025-06-16 23:23,completed,credit_card,,0
106282,3335,2025-06-17 06:03,completed,paypal,,6.95
106283,3538,2025-06-17 06:15,completed,credit_card,,0
106284,3007,2025-06-17 11:02,returned,paypal,,0
106285,594,2025-06-17 13:22,returned,credit_card,,0
106286,1256,2025-06-17 14:43,completed,credit_card,,0
106287,2197,2025-06-17 15:34,completed,paypal,,6.95
106288,2743,2025-06-17 16:12,completed,credit_card,,0
106289,29,2025-06-17 16:26,completed,credit_card,,0
106290,1421,2025-06-17 19:00,completed,credit_card,,0
106291,233,2025-06-17 20:27,completed,apple_pay,,0
106292,245,2025-06-17 20:30,canceled,paypal,,0
106293,1202,2025-06-17 20:49,completed,credit_card,,0
106294,1767,2025-06-17 21:36,completed,credit_card,,0
106295,3582,2025-06-17 21:46,completed,credit_card,,6.95
106296,91,2025-06-17 22:13,completed,credit_card,WELCOME10,0
106297,1323,2025-06-17 22:23,completed,credit_card,,0
106298,112,2025-06-17 23:19,completed,paypal,,0
106299,1813,2025-06-18 11:06,completed,credit_card,,0
106300,1732,2025-06-18 20:36,completed,paypal,,0
106301,1351,2025-06-18 22:13,completed,credit_card,,6.95
106302,1664,2025-06-18 23:20,completed,apple_pay,,0
106303,2787,2025-06-18 23:36,completed,credit_card,,0
106304,519,2025-06-18 23:45,completed,credit_card,,6.95
106305,2067,2025-06-19 07:01,completed,credit_card,,0
106306,245,2025-06-19 08:21,completed,credit_card,,6.95
106307,2082,2025-06-19 08:35,completed,credit_card,,0
106308,2188,2025-06-19 09:20,completed,credit_card,,6.95
106309,2248,2025-06-19 10:43,completed,apple_pay,WELCOME10,0
106310,1635,2025-06-19 16:30,completed,credit_card,,0
106311,1334,2025-06-19 16:40,completed,credit_card,,0
106312,803,2025-06-19 18:52,completed,credit_card,,0
106313,1614,2025-06-19 21:27,completed,paypal,,0
106314,1519,2025-06-19 23:01,completed,paypal,,0
106315,2110,2025-06-19 23:05,returned,paypal,,0
106316,1104,2025-06-20 07:02,completed,paypal,,0
106317,613,2025-06-20 07:40,completed,credit_card,,6.95
106318,1935,2025-06-20 08:38,returned,credit_card,,0
106319,237,2025-06-20 09:55,completed,credit_card,,6.95
106320,687,2025-06-20 10:08,completed,paypal,,6.95
106321,1126,2025-06-20 12:20,completed,credit_card,,0
106322,452,2025-06-20 13:12,completed,credit_card,,6.95
106323,2216,2025-06-20 14:40,completed,credit_card,,6.95
106324,1443,2025-06-20 14:43,completed,credit_card,,0
106325,135,2025-06-20 19:20,completed,apple_pay,,0
106326,278,2025-06-20 19:21,completed,apple_pay,,0
106327,2850,2025-06-20 19:29,completed,credit_card,,0
106328,3065,2025-06-20 20:28,completed,gift_card,,0
106329,1957,2025-06-20 21:36,completed,credit_card,,0
106330,97,2025-06-20 21:41,completed,credit_card,,0
106331,831,2025-06-20 21:51,completed,paypal,,0
106332,3450,2025-06-21 06:23,completed,credit_card,,0
106333,1258,2025-06-21 07:46,returned,paypal,,0
106334,2033,2025-06-21 10:25,completed,paypal,,0
106335,1104,2025-06-21 10:52,completed,paypal,,0
106336,1402,2025-06-21 11:38,completed,gift_card,,0
106337,3380,2025-06-21 11:50,completed,credit_card,,0
106338,2679,2025-06-21 12:02,completed,credit_card,,0
106339,3133,2025-06-21 12:18,completed,paypal,,0
106340,382,2025-06-21 13:15,completed,credit_card,,0
106341,1001,2025-06-21 14:58,completed,apple_pay,,0
106342,384,2025-06-21 17:35,completed,credit_card,,6.95
106343,1891,2025-06-21 19:00,completed,credit_card,,0
106344,605,2025-06-21 19:19,completed,apple_pay,,0
106345,3012,2025-06-21 20:16,completed,paypal,,0
106346,1708,2025-06-21 20:16,completed,paypal,,6.95
106347,3275,2025-06-21 21:50,completed,apple_pay,,0
106348,2319,2025-06-21 21:55,completed,apple_pay,,0
106349,1658,2025-06-21 23:36,completed,credit_card,,0
106350,555,2025-06-22 07:17,completed,gift_card,,0
106351,3411,2025-06-22 07:27,completed,paypal,,0
106352,501,2025-06-22 07:58,completed,credit_card,,6.95
106353,1366,2025-06-22 10:53,completed,apple_pay,,0
106354,1418,2025-06-22 13:26,completed,paypal,,0
106355,2743,2025-06-22 15:17,completed,credit_card,,0
106356,2618,2025-06-22 16:12,completed,paypal,,0
106357,458,2025-06-22 16:22,completed,paypal,,0
106358,3493,2025-06-22 17:02,completed,credit_card,,6.95
106359,339,2025-06-22 23:45,completed,credit_card,,6.95
106360,2112,2025-06-23 09:16,completed,credit_card,,0
106361,3210,2025-06-23 10:25,completed,gift_card,,0
106362,136,2025-06-23 10:50,completed,credit_card,,6.95
106363,3163,2025-06-23 11:23,completed,apple_pay,,0
106364,2962,2025-06-23 13:39,completed,paypal,,0
106365,2459,2025-06-23 14:31,completed,credit_card,,0
106366,371,2025-06-23 15:46,completed,credit_card,,0
106367,2426,2025-06-23 18:05,completed,paypal,,0
106368,1011,2025-06-23 18:30,completed,credit_card,,6.95
106369,307,2025-06-23 18:49,completed,paypal,,6.95
106370,1666,2025-06-23 20:24,completed,credit_card,,6.95
106371,1727,2025-06-23 22:47,completed,paypal,,0
106372,3163,2025-06-23 23:07,completed,paypal,,0
106373,3307,2025-06-24 08:07,completed,gift_card,,0
106374,1202,2025-06-24 09:11,completed,credit_card,,6.95
106375,3363,2025-06-24 09:56,completed,apple_pay,,6.95
106376,2608,2025-06-24 10:01,completed,apple_pay,,0
106377,2901,2025-06-24 11:42,completed,apple_pay,,0
106378,3496,2025-06-24 15:40,completed,apple_pay,,0
106379,1838,2025-06-24 18:22,completed,apple_pay,WELCOME10,0
106380,2555,2025-06-24 20:41,returned,apple_pay,,6.95
106381,2528,2025-06-24 21:11,completed,credit_card,,0
106382,1059,2025-06-24 21:56,completed,apple_pay,,0
106383,1362,2025-06-25 07:40,completed,paypal,,6.95
106384,934,2025-06-25 09:14,returned,credit_card,WELCOME10,6.95
106385,607,2025-06-25 10:23,completed,credit_card,,0
106386,2860,2025-06-25 12:02,completed,credit_card,,0
106387,2514,2025-06-25 13:03,completed,apple_pay,,0
106388,2110,2025-06-25 13:11,canceled,credit_card,,6.95
106389,535,2025-06-25 14:15,completed,apple_pay,,0
106390,1108,2025-06-25 14:26,completed,credit_card,,6.95
106391,591,2025-06-25 14:51,completed,credit_card,WELCOME10,0
106392,2741,2025-06-25 17:16,completed,credit_card,,0
106393,990,2025-06-25 19:39,canceled,gift_card,,0
106394,2082,2025-06-25 19:44,completed,credit_card,,0
106395,2954,2025-06-25 20:14,completed,credit_card,,0
106396,482,2025-06-25 21:41,completed,credit_card,,0
106397,3346,2025-06-25 23:11,completed,credit_card,,0
106398,1966,2025-06-26 08:36,completed,credit_card,,6.95
106399,359,2025-06-26 10:28,completed,gift_card,,0
106400,2343,2025-06-26 10:30,completed,paypal,,0
106401,2477,2025-06-26 13:59,completed,apple_pay,,0
106402,1729,2025-06-26 14:30,completed,credit_card,,0
106403,47,2025-06-26 14:30,completed,gift_card,,6.95
106404,402,2025-06-26 14:31,completed,credit_card,,0
106405,216,2025-06-26 14:47,completed,credit_card,,6.95
106406,2838,2025-06-26 16:23,completed,paypal,,0
106407,3091,2025-06-26 18:39,completed,credit_card,,0
106408,2745,2025-06-26 19:15,completed,paypal,,6.95
106409,836,2025-06-26 20:27,completed,credit_card,,6.95
106410,1925,2025-06-26 20:36,completed,paypal,,0
106411,2658,2025-06-26 21:04,completed,credit_card,,6.95
106412,2446,2025-06-26 21:08,completed,credit_card,,0
106413,489,2025-06-26 21:56,completed,apple_pay,,0
106414,1645,2025-06-27 09:59,completed,paypal,,0
106415,2001,2025-06-27 10:00,completed,credit_card,,0
106416,1396,2025-06-27 10:06,completed,paypal,,6.95
106417,3162,2025-06-27 10:12,completed,apple_pay,,0
106418,994,2025-06-27 10:17,completed,credit_card,,0
106419,1184,2025-06-27 10:22,completed,credit_card,,0
106420,1817,2025-06-27 10:56,completed,credit_card,,6.95
106421,1732,2025-06-27 11:03,completed,apple_pay,,0
106422,1091,2025-06-27 11:35,completed,credit_card,,6.95
106423,930,2025-06-27 14:44,canceled,credit_card,,0
106424,3453,2025-06-27 15:36,completed,credit_card,,0
106425,2838,2025-06-27 15:42,completed,paypal,,0
106426,3388,2025-06-27 16:03,completed,gift_card,,0
106427,2739,2025-06-27 16:45,canceled,paypal,,6.95
106428,1881,2025-06-27 16:47,completed,credit_card,,0
106429,2312,2025-06-27 17:13,completed,credit_card,,0
106430,339,2025-06-27 18:32,completed,apple_pay,,0
106431,3483,2025-06-27 19:51,completed,credit_card,,0
106432,2303,2025-06-27 20:35,completed,gift_card,,6.95
106433,384,2025-06-28 06:58,completed,credit_card,,0
106434,2763,2025-06-28 07:38,canceled,paypal,,0
106435,367,2025-06-28 08:35,completed,credit_card,,0
106436,3014,2025-06-28 10:42,completed,apple_pay,,0
106437,3437,2025-06-28 13:21,completed,gift_card,,0
106438,1596,2025-06-28 13:56,returned,credit_card,,0
106439,1220,2025-06-28 16:21,completed,credit_card,,0
106440,1775,2025-06-28 16:23,completed,credit_card,,0
106441,113,2025-06-28 16:33,completed,apple_pay,,0
106442,3262,2025-06-28 17:05,completed,credit_card,,6.95
106443,3504,2025-06-28 18:54,completed,paypal,,6.95
106444,1264,2025-06-28 20:43,completed,apple_pay,,6.95
106445,2562,2025-06-28 23:49,completed,credit_card,,6.95
106446,2394,2025-06-29 11:55,completed,credit_card,,0
106447,48,2025-06-29 13:03,completed,credit_card,,0
106448,1151,2025-06-29 14:32,completed,credit_card,,6.95
106449,1913,2025-06-29 15:20,completed,credit_card,,6.95
106450,2033,2025-06-29 15:35,completed,credit_card,,0
106451,2562,2025-06-29 16:07,completed,apple_pay,,0
106452,1257,2025-06-29 17:38,completed,apple_pay,,0
106453,461,2025-06-29 18:00,completed,credit_card,,0
106454,2774,2025-06-29 18:17,completed,credit_card,,6.95
106455,3116,2025-06-29 23:38,completed,credit_card,,6.95
106456,3067,2025-06-30 07:02,completed,paypal,,0
106457,203,2025-06-30 10:55,completed,gift_card,,0
107826,1169,2025-10-16 13:25,completed,apple_pay,,0
106458,3314,2025-06-30 13:03,completed,credit_card,,0
106459,1682,2025-06-30 14:22,returned,credit_card,,0
106460,1313,2025-06-30 15:49,completed,paypal,,0
106461,1210,2025-06-30 17:49,completed,credit_card,,0
106462,1922,2025-06-30 17:50,completed,credit_card,,0
106463,74,2025-06-30 18:30,completed,apple_pay,,0
106464,2865,2025-06-30 22:13,completed,paypal,,0
106465,1887,2025-06-30 22:32,completed,credit_card,,0
106466,1887,2025-07-01 06:08,canceled,credit_card,,0
106467,2743,2025-07-01 09:34,completed,credit_card,,0
106468,1153,2025-07-01 10:28,completed,paypal,,0
106469,788,2025-07-01 13:07,completed,credit_card,,0
106470,2371,2025-07-01 15:50,completed,credit_card,,6.95
106471,3014,2025-07-01 16:32,completed,credit_card,,6.95
106472,3159,2025-07-01 16:43,completed,credit_card,,0
106473,1312,2025-07-01 19:49,completed,credit_card,,6.95
106474,1749,2025-07-01 19:54,canceled,paypal,,6.95
106475,2343,2025-07-01 20:03,completed,credit_card,,0
106476,3416,2025-07-01 22:20,completed,credit_card,,0
106477,1928,2025-07-01 23:26,completed,paypal,,0
106478,2743,2025-07-02 06:18,returned,credit_card,,0
106479,122,2025-07-02 06:29,completed,credit_card,,0
106480,3072,2025-07-02 07:33,completed,credit_card,,0
106481,1473,2025-07-02 08:29,completed,credit_card,,0
106482,2784,2025-07-02 08:42,completed,credit_card,,6.95
106483,3014,2025-07-02 11:21,completed,gift_card,,0
106484,1666,2025-07-02 14:10,completed,paypal,,0
106485,977,2025-07-02 14:22,completed,paypal,,0
106486,1907,2025-07-02 14:23,completed,credit_card,,0
106487,1209,2025-07-02 15:12,completed,apple_pay,,0
106488,2151,2025-07-02 15:22,completed,paypal,,0
106489,441,2025-07-02 16:54,completed,apple_pay,,6.95
106490,2629,2025-07-02 18:48,completed,apple_pay,,0
106491,2285,2025-07-02 21:09,completed,credit_card,,0
106492,269,2025-07-02 21:24,returned,paypal,,0
106493,2786,2025-07-02 21:51,completed,paypal,,0
106494,3249,2025-07-03 07:21,completed,paypal,,0
106495,23,2025-07-03 07:34,completed,credit_card,,0
106496,607,2025-07-03 10:55,completed,paypal,WELCOME10,6.95
106497,237,2025-07-03 11:11,returned,gift_card,,0
106498,406,2025-07-03 15:03,completed,credit_card,WELCOME10,0
106499,507,2025-07-03 19:01,completed,credit_card,,6.95
106500,1127,2025-07-03 19:18,completed,credit_card,,0
106501,1848,2025-07-03 19:39,completed,credit_card,,0
106502,626,2025-07-03 21:32,completed,credit_card,,0
106503,3278,2025-07-03 21:41,completed,apple_pay,,0
106504,445,2025-07-04 09:11,completed,apple_pay,,0
106505,1569,2025-07-04 09:27,completed,credit_card,,0
106506,11,2025-07-04 11:23,returned,credit_card,,0
106507,2558,2025-07-04 13:37,completed,apple_pay,,0
106508,2834,2025-07-04 14:14,completed,credit_card,,0
106509,1383,2025-07-04 14:44,completed,paypal,,0
106510,2443,2025-07-04 16:10,completed,gift_card,,0
106511,152,2025-07-04 22:56,canceled,credit_card,,0
106512,2004,2025-07-05 06:49,canceled,credit_card,,0
106513,3133,2025-07-05 07:01,completed,paypal,,0
106514,1614,2025-07-05 08:00,completed,paypal,,0
106515,203,2025-07-05 08:57,canceled,paypal,,0
106516,930,2025-07-05 10:01,completed,paypal,,6.95
106517,1126,2025-07-05 10:10,completed,paypal,,0
106518,616,2025-07-05 12:08,completed,credit_card,,0
106519,1639,2025-07-05 12:09,completed,credit_card,,0
106520,1207,2025-07-05 15:19,completed,credit_card,,0
106521,175,2025-07-05 15:50,completed,credit_card,,0
106522,1062,2025-07-05 16:42,completed,apple_pay,,0
106523,3450,2025-07-05 17:28,completed,credit_card,,6.95
106524,1012,2025-07-05 19:19,completed,credit_card,,0
106525,3122,2025-07-05 20:31,completed,paypal,,0
106526,2414,2025-07-05 22:02,completed,paypal,,0
106527,2160,2025-07-06 06:38,completed,credit_card,,6.95
106528,2745,2025-07-06 07:51,completed,paypal,,0
106529,519,2025-07-06 08:22,completed,credit_card,,0
106530,1708,2025-07-06 08:36,completed,paypal,,6.95
106531,1732,2025-07-06 13:01,completed,credit_card,,6.95
106532,3409,2025-07-06 13:58,completed,credit_card,,0
106533,2497,2025-07-06 15:17,completed,credit_card,,0
106534,2669,2025-07-06 16:23,completed,paypal,,0
106535,1884,2025-07-06 16:28,completed,paypal,,0
106536,2562,2025-07-06 16:38,completed,apple_pay,,6.95
106537,1676,2025-07-06 17:37,completed,apple_pay,,6.95
106538,48,2025-07-06 19:51,completed,credit_card,,6.95
106539,3249,2025-07-06 20:31,completed,credit_card,,0
106540,1202,2025-07-06 20:39,completed,paypal,,0
106541,577,2025-07-07 07:54,completed,credit_card,,0
106542,2968,2025-07-07 09:43,completed,credit_card,,0
106543,2296,2025-07-07 11:01,completed,credit_card,,0
106544,1541,2025-07-07 13:14,completed,gift_card,,0
106545,3372,2025-07-07 14:42,completed,credit_card,,0
106546,203,2025-07-07 15:30,completed,gift_card,,0
106547,235,2025-07-07 16:40,completed,apple_pay,,0
106548,669,2025-07-07 17:22,returned,credit_card,,0
106549,3474,2025-07-07 18:27,completed,credit_card,WELCOME10,6.95
106550,2129,2025-07-07 20:48,completed,gift_card,,0
106551,245,2025-07-07 22:26,completed,credit_card,,6.95
106552,1727,2025-07-07 22:54,completed,paypal,,6.95
106553,1552,2025-07-08 06:28,completed,paypal,,0
106554,2025,2025-07-08 07:39,completed,credit_card,,6.95
106555,2391,2025-07-08 07:56,completed,credit_card,,0
106556,3018,2025-07-08 09:48,completed,gift_card,,0
106557,119,2025-07-08 10:06,completed,credit_card,,0
106558,407,2025-07-08 11:34,completed,credit_card,,0
106559,2464,2025-07-08 11:38,completed,apple_pay,,0
106560,1480,2025-07-08 14:36,completed,credit_card,,0
106561,2844,2025-07-08 17:09,returned,apple_pay,,0
106562,2820,2025-07-08 17:45,completed,credit_card,,0
106563,3069,2025-07-08 20:06,completed,paypal,,0
106564,1843,2025-07-08 20:06,completed,credit_card,,0
106565,3570,2025-07-08 20:23,returned,apple_pay,,0
106566,945,2025-07-08 22:32,completed,credit_card,,0
106567,1202,2025-07-08 23:29,completed,credit_card,,0
106568,2834,2025-07-09 09:44,completed,credit_card,,0
106569,337,2025-07-09 12:37,completed,paypal,,0
106570,11,2025-07-09 13:58,completed,credit_card,,6.95
106571,2638,2025-07-09 21:16,completed,paypal,,0
106572,1903,2025-07-09 21:36,completed,credit_card,,0
106573,1040,2025-07-10 07:06,completed,gift_card,,0
106574,208,2025-07-10 12:54,completed,credit_card,,0
106575,848,2025-07-10 17:34,completed,credit_card,,6.95
106576,5,2025-07-10 17:55,completed,credit_card,,0
106577,260,2025-07-10 19:05,completed,credit_card,WELCOME10,0
106578,3411,2025-07-10 20:15,returned,credit_card,,0
106579,3344,2025-07-10 21:33,completed,paypal,,0
106580,2569,2025-07-10 22:33,completed,credit_card,,6.95
106581,3503,2025-07-11 07:51,completed,credit_card,,0
106582,3402,2025-07-11 10:31,completed,paypal,,0
106583,1921,2025-07-11 10:43,completed,credit_card,,0
106584,1261,2025-07-11 11:29,completed,credit_card,,0
106585,370,2025-07-11 12:08,completed,credit_card,,0
106586,2425,2025-07-11 12:11,completed,paypal,,0
106587,555,2025-07-11 13:02,completed,credit_card,,0
106588,2374,2025-07-11 14:02,completed,paypal,,0
106589,2173,2025-07-11 19:29,completed,paypal,,0
106590,1219,2025-07-11 21:51,completed,credit_card,,0
106591,3344,2025-07-12 06:19,completed,apple_pay,,0
106592,924,2025-07-12 08:39,completed,credit_card,,0
106593,668,2025-07-12 08:42,returned,paypal,,0
106594,2844,2025-07-12 10:22,canceled,credit_card,,0
106595,135,2025-07-12 10:56,completed,credit_card,,6.95
106596,1536,2025-07-12 13:04,completed,credit_card,,0
106597,689,2025-07-12 13:24,completed,credit_card,,0
106598,1694,2025-07-12 13:59,completed,credit_card,,0
106599,1318,2025-07-12 17:13,completed,credit_card,,0
106600,1682,2025-07-12 19:24,completed,credit_card,,0
106601,1453,2025-07-12 20:49,completed,credit_card,,0
106602,1981,2025-07-12 22:18,completed,apple_pay,,0
106603,2151,2025-07-12 22:36,completed,credit_card,WELCOME10,0
106604,2394,2025-07-13 06:17,completed,credit_card,,0
106605,3147,2025-07-13 06:22,completed,credit_card,,0
106606,407,2025-07-13 10:15,completed,credit_card,,6.95
106607,1312,2025-07-13 11:02,completed,credit_card,,6.95
106608,3065,2025-07-13 11:06,completed,gift_card,,0
106609,2776,2025-07-13 11:33,completed,apple_pay,,0
106610,3067,2025-07-13 12:46,completed,paypal,,0
106611,3309,2025-07-13 14:08,completed,credit_card,,0
106612,3207,2025-07-13 15:50,completed,credit_card,,0
106613,1988,2025-07-13 17:38,completed,paypal,,0
106614,2080,2025-07-13 17:39,completed,credit_card,,0
106615,907,2025-07-13 20:31,completed,apple_pay,,0
106616,3147,2025-07-13 22:34,completed,credit_card,,0
106617,3060,2025-07-14 11:19,completed,credit_card,,0
106618,3372,2025-07-14 12:36,canceled,credit_card,,0
106619,1645,2025-07-14 13:13,completed,credit_card,,6.95
106620,2679,2025-07-14 14:28,canceled,credit_card,,0
106621,668,2025-07-14 15:07,completed,credit_card,,0
106622,2977,2025-07-14 16:50,completed,credit_card,,0
106623,1064,2025-07-14 19:30,completed,paypal,,0
106624,2126,2025-07-14 22:15,completed,credit_card,,0
106625,160,2025-07-14 23:47,returned,paypal,WELCOME10,0
106626,2962,2025-07-15 09:03,completed,credit_card,,0
106627,2149,2025-07-15 10:39,completed,credit_card,,0
106628,186,2025-07-15 10:56,completed,credit_card,,6.95
106629,407,2025-07-15 10:56,completed,credit_card,,6.95
106630,113,2025-07-15 12:35,completed,credit_card,,0
106631,1604,2025-07-15 14:42,completed,credit_card,,0
106632,1951,2025-07-15 15:53,completed,apple_pay,,6.95
106633,384,2025-07-15 19:16,completed,gift_card,,0
106634,3046,2025-07-15 19:30,returned,credit_card,,0
106635,657,2025-07-15 20:53,completed,credit_card,,6.95
106636,1420,2025-07-15 22:11,completed,credit_card,,0
106637,2160,2025-07-15 23:20,completed,paypal,,0
106638,2595,2025-07-15 23:25,completed,credit_card,,6.95
106639,1817,2025-07-16 06:40,completed,paypal,,0
106640,2909,2025-07-16 08:29,completed,credit_card,,0
106641,414,2025-07-16 13:26,completed,paypal,,0
106642,1626,2025-07-16 13:58,completed,credit_card,,6.95
106643,1569,2025-07-16 14:53,completed,credit_card,,0
106644,2763,2025-07-16 15:56,completed,credit_card,,0
106645,657,2025-07-16 21:03,completed,credit_card,,0
106646,1732,2025-07-16 21:10,completed,paypal,,6.95
106647,1725,2025-07-17 06:46,completed,credit_card,,0
106648,473,2025-07-17 06:54,completed,credit_card,,0
106649,2554,2025-07-17 08:46,completed,apple_pay,,0
106650,803,2025-07-17 09:27,completed,credit_card,,0
106651,2164,2025-07-17 09:53,completed,credit_card,,0
106652,2134,2025-07-17 11:11,completed,apple_pay,,0
106653,922,2025-07-17 11:45,completed,credit_card,,0
106654,3209,2025-07-17 13:31,completed,apple_pay,,0
106655,856,2025-07-17 17:06,completed,apple_pay,,0
106656,1480,2025-07-17 19:11,completed,credit_card,,0
106657,3026,2025-07-17 22:30,completed,paypal,,6.95
106658,208,2025-07-17 23:24,returned,paypal,,6.95
106659,1336,2025-07-18 06:06,completed,credit_card,,0
106660,3125,2025-07-18 06:07,completed,paypal,,0
106661,3468,2025-07-18 06:28,returned,credit_card,,0
106662,1264,2025-07-18 08:01,completed,credit_card,,0
106663,1200,2025-07-18 08:18,completed,credit_card,,0
106664,384,2025-07-18 09:47,completed,gift_card,WELCOME10,0
106665,294,2025-07-18 10:20,completed,paypal,,0
106666,1776,2025-07-18 13:27,completed,paypal,,6.95
106667,2264,2025-07-18 14:01,completed,paypal,,0
106668,2343,2025-07-18 14:52,completed,paypal,WELCOME10,6.95
106669,2156,2025-07-18 16:30,completed,gift_card,,0
106670,983,2025-07-18 19:19,completed,credit_card,,0
106671,3564,2025-07-18 19:21,completed,paypal,,6.95
106672,3014,2025-07-18 19:25,completed,credit_card,,6.95
106673,3447,2025-07-18 23:43,completed,credit_card,,6.95
106674,1220,2025-07-18 23:44,returned,apple_pay,,0
106675,737,2025-07-18 23:50,completed,gift_card,,0
100779,1209,2024-03-20 11:07,completed,gift_card,,0
106676,890,2025-07-19 06:05,completed,apple_pay,,0
106677,2271,2025-07-19 06:10,completed,credit_card,,0
106678,1184,2025-07-19 07:58,completed,paypal,,0
106679,1002,2025-07-19 07:58,completed,credit_card,,0
106680,1676,2025-07-19 09:18,completed,apple_pay,,0
106681,922,2025-07-19 09:50,completed,credit_card,,0
106682,1396,2025-07-19 10:51,completed,paypal,,0
106683,644,2025-07-19 10:52,completed,credit_card,,6.95
106684,2528,2025-07-19 12:21,completed,credit_card,,0
106685,2986,2025-07-19 14:31,completed,credit_card,,0
106686,2233,2025-07-19 14:50,canceled,gift_card,,0
106687,1948,2025-07-19 15:25,completed,apple_pay,,0
106688,1126,2025-07-19 16:05,completed,paypal,,0
106689,803,2025-07-19 18:43,completed,credit_card,,6.95
106690,1737,2025-07-19 19:45,returned,paypal,,6.95
106691,3187,2025-07-19 20:20,completed,credit_card,,0
106692,2258,2025-07-19 21:38,completed,paypal,,0
106693,3069,2025-07-20 06:11,completed,apple_pay,,0
106694,1209,2025-07-20 06:31,completed,paypal,,0
106695,1391,2025-07-20 08:34,completed,gift_card,,0
106696,3272,2025-07-20 08:36,completed,credit_card,,0
106697,3563,2025-07-20 08:52,completed,credit_card,,0
106698,1392,2025-07-20 08:55,completed,paypal,,0
106699,1100,2025-07-20 12:59,completed,credit_card,,0
106700,411,2025-07-20 13:31,returned,credit_card,,0
106701,1170,2025-07-20 13:38,completed,paypal,,0
106702,1708,2025-07-20 15:23,completed,credit_card,,0
106703,2761,2025-07-20 18:59,completed,credit_card,,6.95
106704,280,2025-07-20 20:43,completed,gift_card,,0
106705,2197,2025-07-21 06:32,completed,paypal,,0
106706,307,2025-07-21 07:07,completed,paypal,,6.95
106707,1563,2025-07-21 09:36,completed,apple_pay,,0
106708,3240,2025-07-21 13:27,completed,credit_card,,0
106709,2110,2025-07-21 16:26,completed,apple_pay,,0
106710,3371,2025-07-21 16:40,completed,gift_card,,0
106711,1085,2025-07-21 17:18,completed,credit_card,,0
106712,1096,2025-07-21 19:14,returned,apple_pay,,0
106713,890,2025-07-21 21:42,completed,credit_card,,0
106714,1752,2025-07-21 22:56,completed,credit_card,,0
106715,2560,2025-07-22 06:06,completed,paypal,,6.95
106716,1931,2025-07-22 07:46,completed,apple_pay,,0
106717,264,2025-07-22 12:20,completed,apple_pay,,0
106718,3035,2025-07-22 12:51,completed,apple_pay,,6.95
106719,2538,2025-07-22 13:19,completed,credit_card,,6.95
106720,443,2025-07-22 13:52,completed,gift_card,,0
106721,1488,2025-07-22 13:58,completed,credit_card,,0
106722,384,2025-07-22 15:06,completed,credit_card,,0
106723,1294,2025-07-22 15:17,completed,apple_pay,,0
106724,3159,2025-07-22 15:21,completed,paypal,,0
106725,2434,2025-07-22 20:19,completed,apple_pay,,6.95
106726,1334,2025-07-22 21:57,completed,credit_card,,0
106727,1313,2025-07-22 22:54,completed,gift_card,,0
106728,1552,2025-07-22 23:15,completed,apple_pay,,0
106729,1021,2025-07-23 06:07,canceled,credit_card,,0
106730,1628,2025-07-23 06:57,completed,gift_card,,0
106731,2021,2025-07-23 08:41,completed,apple_pay,,0
106732,2367,2025-07-23 08:46,completed,apple_pay,,0
106733,668,2025-07-23 09:36,completed,credit_card,,6.95
106734,3547,2025-07-23 11:41,completed,apple_pay,,6.95
106735,1700,2025-07-23 11:45,completed,credit_card,,6.95
106736,1167,2025-07-23 11:54,completed,credit_card,,6.95
106737,3032,2025-07-23 12:54,completed,gift_card,,0
106738,3056,2025-07-23 13:19,completed,paypal,,0
106739,202,2025-07-23 14:21,completed,paypal,,0
106740,3098,2025-07-23 19:02,completed,apple_pay,,0
106741,1320,2025-07-23 21:14,completed,credit_card,,0
106742,1252,2025-07-23 22:10,completed,credit_card,,0
106743,1802,2025-07-24 07:34,completed,credit_card,,0
106744,885,2025-07-24 08:47,completed,credit_card,,0
106745,1152,2025-07-24 09:27,completed,credit_card,,6.95
106746,2443,2025-07-24 09:36,completed,credit_card,,0
106747,1085,2025-07-24 13:44,completed,apple_pay,,0
106748,739,2025-07-24 15:15,completed,paypal,,0
106749,113,2025-07-24 17:31,completed,paypal,,0
106750,1529,2025-07-24 18:14,completed,paypal,,0
106751,1012,2025-07-24 18:20,completed,apple_pay,,0
106752,1097,2025-07-24 21:48,completed,paypal,,0
106753,1418,2025-07-25 07:18,completed,apple_pay,,6.95
106754,1210,2025-07-25 09:47,completed,credit_card,,0
106755,2595,2025-07-25 10:33,completed,gift_card,,6.95
106756,1901,2025-07-25 11:34,completed,apple_pay,,0
106757,2554,2025-07-25 12:33,completed,apple_pay,,6.95
106758,3148,2025-07-25 12:35,completed,credit_card,,0
106759,990,2025-07-25 13:32,completed,credit_card,,0
106760,2776,2025-07-25 13:42,completed,credit_card,,6.95
106761,3320,2025-07-25 14:14,completed,paypal,,0
106762,2004,2025-07-25 15:56,completed,credit_card,,0
106763,2749,2025-07-25 16:12,completed,apple_pay,,0
106764,2436,2025-07-25 17:52,completed,credit_card,,6.95
106765,208,2025-07-25 17:53,completed,credit_card,,0
106766,43,2025-07-25 22:35,returned,paypal,,0
106767,2031,2025-07-26 07:09,completed,apple_pay,,0
106768,1059,2025-07-26 07:23,completed,apple_pay,,0
106769,1687,2025-07-26 08:01,completed,gift_card,WELCOME10,0
106770,1786,2025-07-26 08:08,completed,credit_card,,0
106771,1864,2025-07-26 09:50,completed,paypal,,0
106772,481,2025-07-26 10:41,completed,apple_pay,,0
106773,3173,2025-07-26 11:34,completed,credit_card,,0
106774,803,2025-07-26 12:12,completed,paypal,,0
106775,2460,2025-07-26 15:23,completed,apple_pay,,0
106776,1226,2025-07-26 15:44,completed,paypal,,0
106777,2004,2025-07-26 16:33,completed,credit_card,,0
106778,1396,2025-07-26 17:06,completed,credit_card,,0
106779,2056,2025-07-26 17:27,completed,paypal,,0
106780,2745,2025-07-26 18:22,canceled,apple_pay,,6.95
106781,1478,2025-07-26 20:53,completed,gift_card,,0
106782,2838,2025-07-26 21:03,completed,apple_pay,,0
106783,468,2025-07-26 21:11,returned,credit_card,,0
106784,466,2025-07-27 06:15,completed,credit_card,,6.95
106785,3564,2025-07-27 06:56,completed,gift_card,,0
106786,388,2025-07-27 06:59,completed,credit_card,,6.95
106787,2776,2025-07-27 07:23,completed,credit_card,,0
106788,2067,2025-07-27 10:37,completed,credit_card,WELCOME10,0
106789,456,2025-07-27 10:47,completed,credit_card,,0
106790,441,2025-07-27 11:04,canceled,credit_card,,0
106791,675,2025-07-27 15:18,completed,credit_card,,6.95
106792,2813,2025-07-27 20:35,completed,credit_card,,0
106793,1418,2025-07-27 21:32,completed,credit_card,,6.95
106794,1073,2025-07-27 21:56,completed,apple_pay,,0
106795,1184,2025-07-28 08:24,completed,paypal,,0
106796,384,2025-07-28 10:09,completed,gift_card,,6.95
106797,407,2025-07-28 12:23,completed,apple_pay,,0
106798,3132,2025-07-28 12:37,completed,apple_pay,,0
106799,382,2025-07-28 14:41,completed,credit_card,,0
106800,3208,2025-07-28 17:54,completed,paypal,,0
106801,384,2025-07-28 19:39,completed,credit_card,,0
106802,851,2025-07-28 21:26,completed,credit_card,,6.95
106803,1638,2025-07-28 22:15,completed,credit_card,,0
106804,1654,2025-07-28 23:11,completed,apple_pay,,0
106805,1964,2025-07-28 23:44,completed,credit_card,,0
106806,1007,2025-07-28 23:52,completed,credit_card,,0
106807,829,2025-07-29 06:01,completed,paypal,,0
106808,2336,2025-07-29 07:29,completed,apple_pay,,0
106809,48,2025-07-29 08:37,completed,paypal,,6.95
106810,1349,2025-07-29 10:09,returned,credit_card,,0
106811,1100,2025-07-29 14:49,completed,credit_card,,0
106812,2743,2025-07-29 14:54,completed,credit_card,,0
106813,2968,2025-07-29 18:22,completed,apple_pay,,6.95
106814,1870,2025-07-29 19:30,completed,paypal,,0
106815,2224,2025-07-29 20:04,completed,credit_card,,0
106816,1644,2025-07-29 21:29,completed,gift_card,,0
106817,294,2025-07-29 22:04,completed,credit_card,,0
106818,668,2025-07-29 22:38,completed,credit_card,,0
106819,1685,2025-07-29 23:34,completed,apple_pay,,0
106820,2670,2025-07-30 06:00,completed,credit_card,,6.95
106821,783,2025-07-30 06:53,completed,credit_card,,0
106822,401,2025-07-30 07:54,completed,credit_card,,0
106823,2911,2025-07-30 08:36,completed,paypal,,0
106824,2145,2025-07-30 09:41,completed,credit_card,,0
106825,2227,2025-07-30 14:54,completed,credit_card,,0
106826,2685,2025-07-30 17:21,completed,credit_card,,0
106827,2812,2025-07-30 17:43,completed,credit_card,,6.95
106828,1763,2025-07-30 18:34,completed,credit_card,,6.95
106829,2012,2025-07-30 20:47,canceled,credit_card,,0
106830,1959,2025-07-30 22:23,completed,credit_card,,0
106831,3324,2025-07-31 06:18,completed,credit_card,,0
106832,1397,2025-07-31 07:38,completed,credit_card,WELCOME10,0
106833,44,2025-07-31 10:58,completed,credit_card,,0
106834,1708,2025-07-31 11:34,completed,apple_pay,,0
106835,618,2025-07-31 16:29,completed,credit_card,,0
106836,1786,2025-07-31 17:33,completed,credit_card,,0
106837,3371,2025-07-31 17:52,completed,apple_pay,,0
106838,167,2025-07-31 18:00,completed,gift_card,,0
106839,591,2025-07-31 19:11,completed,credit_card,,6.95
106840,3303,2025-07-31 22:23,completed,credit_card,,6.95
106841,929,2025-07-31 23:35,completed,paypal,,0
106842,234,2025-08-01 07:07,completed,paypal,,0
106843,1042,2025-08-01 08:32,completed,credit_card,,6.95
106844,3118,2025-08-01 10:42,completed,credit_card,,6.95
106845,1152,2025-08-01 11:06,completed,credit_card,,0
106846,260,2025-08-01 11:37,completed,paypal,,0
106847,1827,2025-08-01 13:16,completed,credit_card,WELCOME10,6.95
106848,1002,2025-08-01 13:55,completed,credit_card,,6.95
106849,133,2025-08-01 13:57,canceled,credit_card,,0
106850,2843,2025-08-01 14:16,completed,paypal,,6.95
106851,1708,2025-08-01 14:21,completed,credit_card,,0
106852,3148,2025-08-01 16:38,completed,credit_card,,0
106853,1524,2025-08-01 16:51,completed,credit_card,,6.95
106854,856,2025-08-01 19:06,completed,apple_pay,,0
106855,3521,2025-08-01 19:06,returned,credit_card,,0
106856,3035,2025-08-01 19:21,completed,credit_card,,0
106857,1418,2025-08-01 19:35,completed,paypal,,0
106858,1510,2025-08-01 19:56,completed,credit_card,,0
106859,3311,2025-08-01 23:12,completed,paypal,,0
106860,1934,2025-08-01 23:24,completed,credit_card,,0
106861,112,2025-08-01 23:31,completed,credit_card,,0
106862,2492,2025-08-02 06:50,completed,credit_card,,6.95
106863,2739,2025-08-02 07:44,completed,paypal,,0
106864,2371,2025-08-02 07:58,completed,apple_pay,,0
106865,53,2025-08-02 09:58,canceled,gift_card,,0
106866,2516,2025-08-02 13:37,completed,credit_card,,0
106867,294,2025-08-02 15:17,completed,credit_card,,0
106868,689,2025-08-02 15:47,completed,credit_card,,0
106869,37,2025-08-02 17:02,completed,credit_card,,0
106870,1376,2025-08-02 17:03,completed,paypal,,0
106871,3595,2025-08-02 17:29,completed,paypal,,0
106872,2413,2025-08-02 19:11,completed,credit_card,,0
106873,528,2025-08-02 19:30,completed,credit_card,,0
106874,1729,2025-08-02 19:43,completed,credit_card,,6.95
106875,2105,2025-08-02 21:09,completed,paypal,,6.95
106876,1257,2025-08-02 21:19,completed,credit_card,,0
106877,3008,2025-08-02 23:48,returned,credit_card,,0
106878,13,2025-08-03 06:45,completed,paypal,,0
106879,1870,2025-08-03 08:37,completed,credit_card,,0
106880,2151,2025-08-03 11:47,completed,paypal,,0
106881,1220,2025-08-03 13:13,returned,gift_card,,0
106882,56,2025-08-03 14:09,completed,credit_card,,0
106883,2838,2025-08-03 14:43,completed,gift_card,,0
106884,507,2025-08-03 16:34,completed,apple_pay,,0
106885,2160,2025-08-03 16:52,completed,apple_pay,,0
106886,3570,2025-08-03 19:42,completed,credit_card,,6.95
106887,3148,2025-08-03 19:49,completed,credit_card,,0
106888,1851,2025-08-03 20:14,canceled,apple_pay,,0
106889,2890,2025-08-03 20:29,completed,credit_card,,0
106890,3421,2025-08-03 20:48,completed,credit_card,,0
106891,668,2025-08-03 21:18,completed,credit_card,,0
106892,1996,2025-08-03 23:20,completed,paypal,,0
106893,3361,2025-08-04 07:45,completed,credit_card,,0
106894,1917,2025-08-04 09:00,completed,gift_card,,0
106895,167,2025-08-04 09:15,completed,credit_card,,6.95
106896,2595,2025-08-04 12:57,completed,credit_card,,0
106897,983,2025-08-04 12:58,completed,paypal,,0
106898,3416,2025-08-04 13:21,completed,credit_card,,0
106899,2182,2025-08-04 15:08,completed,credit_card,,0
106900,3335,2025-08-04 15:31,completed,credit_card,,0
106901,1594,2025-08-04 16:14,completed,credit_card,,0
106902,187,2025-08-04 17:06,completed,credit_card,,0
106903,923,2025-08-04 21:21,completed,apple_pay,,0
106904,3449,2025-08-04 22:49,completed,credit_card,,0
106905,313,2025-08-05 07:33,returned,credit_card,,0
106906,1220,2025-08-05 08:45,completed,credit_card,,0
106907,384,2025-08-05 09:33,completed,credit_card,,0
106908,233,2025-08-05 09:43,completed,paypal,,0
106909,443,2025-08-05 10:07,completed,gift_card,,0
106910,3003,2025-08-05 10:07,completed,paypal,,0
106911,1220,2025-08-05 10:24,completed,credit_card,,0
106912,54,2025-08-05 10:52,completed,credit_card,,0
106913,1658,2025-08-05 11:32,completed,credit_card,,0
106914,2242,2025-08-05 12:16,completed,paypal,,6.95
106915,3409,2025-08-05 12:55,completed,credit_card,,0
106916,679,2025-08-05 13:53,completed,credit_card,,6.95
106917,2302,2025-08-05 13:54,completed,credit_card,,0
106918,3032,2025-08-05 17:00,completed,paypal,WELCOME10,0
106919,681,2025-08-05 17:41,completed,paypal,,0
106920,2796,2025-08-05 18:31,completed,gift_card,,0
106921,3591,2025-08-05 18:34,completed,apple_pay,,6.95
106922,2701,2025-08-05 20:49,returned,credit_card,,0
106923,389,2025-08-05 22:42,completed,credit_card,,0
106924,187,2025-08-06 08:15,completed,credit_card,,0
106925,1248,2025-08-06 10:54,completed,credit_card,,6.95
106926,2145,2025-08-06 11:41,completed,credit_card,,0
106927,3014,2025-08-06 11:47,completed,credit_card,,0
106928,967,2025-08-06 15:14,completed,credit_card,,0
106929,2743,2025-08-06 16:29,completed,credit_card,WELCOME10,6.95
106930,922,2025-08-06 16:55,returned,paypal,,0
106931,1454,2025-08-06 20:05,completed,apple_pay,,0
106932,668,2025-08-06 20:24,completed,paypal,,0
106933,3139,2025-08-06 20:42,completed,credit_card,,0
106934,107,2025-08-06 20:50,completed,credit_card,WELCOME10,0
106935,2403,2025-08-06 21:08,completed,paypal,,0
106936,2426,2025-08-06 21:26,completed,credit_card,,0
106937,3244,2025-08-07 06:11,completed,apple_pay,,0
106938,341,2025-08-07 07:10,completed,credit_card,,0
106939,2523,2025-08-07 07:30,completed,credit_card,WELCOME10,0
106940,3107,2025-08-07 12:31,completed,credit_card,,0
106941,1666,2025-08-07 17:07,canceled,gift_card,,0
106942,2151,2025-08-07 22:41,completed,apple_pay,,0
106943,3032,2025-08-08 07:11,completed,credit_card,,0
106944,1981,2025-08-08 07:20,completed,apple_pay,,0
106945,3102,2025-08-08 12:12,completed,credit_card,,0
106946,17,2025-08-08 12:20,completed,paypal,,0
106947,885,2025-08-08 13:58,completed,credit_card,,6.95
106948,3146,2025-08-08 14:15,canceled,paypal,,0
106949,806,2025-08-08 16:22,completed,credit_card,,0
106950,3072,2025-08-08 16:36,completed,apple_pay,,0
106951,1887,2025-08-08 17:36,completed,paypal,,6.95
106952,3465,2025-08-08 17:54,completed,paypal,WELCOME10,6.95
106953,2970,2025-08-08 19:56,completed,credit_card,WELCOME10,0
106954,2021,2025-08-08 20:54,returned,gift_card,,0
106955,1604,2025-08-08 21:12,completed,paypal,,6.95
106956,3557,2025-08-08 22:53,completed,credit_card,,0
106957,381,2025-08-08 23:00,completed,gift_card,,6.95
106958,3371,2025-08-08 23:28,completed,credit_card,,0
106959,2815,2025-08-09 07:03,completed,credit_card,,0
106960,1657,2025-08-09 08:56,completed,paypal,,0
106961,2749,2025-08-09 09:01,completed,credit_card,,0
106962,58,2025-08-09 10:24,completed,credit_card,,0
106963,519,2025-08-09 10:43,completed,apple_pay,,0
106964,2025,2025-08-09 10:55,completed,credit_card,,0
106965,3125,2025-08-09 11:20,completed,credit_card,,0
106966,951,2025-08-09 12:03,completed,paypal,,6.95
106967,1218,2025-08-09 13:11,completed,credit_card,,0
106968,48,2025-08-09 14:27,completed,gift_card,,0
106969,2276,2025-08-09 14:57,completed,credit_card,WELCOME10,6.95
106970,2325,2025-08-09 15:23,completed,credit_card,,6.95
106971,1466,2025-08-09 15:32,completed,credit_card,,0
106972,237,2025-08-09 17:14,completed,apple_pay,,0
106973,1723,2025-08-09 18:20,completed,credit_card,,0
106974,1012,2025-08-09 18:59,completed,credit_card,,0
106975,1802,2025-08-09 19:03,completed,credit_card,,6.95
106976,2436,2025-08-09 19:13,completed,credit_card,,0
106977,1832,2025-08-09 20:10,completed,credit_card,,0
106978,1898,2025-08-09 21:08,completed,paypal,,0
106979,231,2025-08-09 21:32,completed,credit_card,,0
106980,1706,2025-08-09 21:37,completed,paypal,,0
106981,1340,2025-08-09 21:41,completed,credit_card,,0
106982,3496,2025-08-09 22:33,completed,apple_pay,,0
106983,2562,2025-08-10 08:23,completed,credit_card,,0
106984,856,2025-08-10 09:58,completed,gift_card,,0
106985,302,2025-08-10 10:28,completed,credit_card,,0
106986,1830,2025-08-10 11:32,completed,credit_card,,0
106987,144,2025-08-10 12:26,returned,credit_card,,0
106988,1614,2025-08-10 12:39,completed,credit_card,,0
106989,333,2025-08-10 13:06,completed,credit_card,,6.95
106990,2906,2025-08-10 13:08,completed,credit_card,,0
106991,237,2025-08-10 14:54,canceled,gift_card,,0
106992,1870,2025-08-10 15:28,completed,credit_card,,0
106993,1657,2025-08-10 16:45,completed,credit_card,,0
106994,1488,2025-08-10 16:56,completed,credit_card,,0
106995,3069,2025-08-10 17:55,completed,paypal,,0
106996,2219,2025-08-10 20:01,completed,credit_card,,0
106997,3095,2025-08-10 20:54,completed,credit_card,,0
106998,473,2025-08-10 21:36,returned,credit_card,,0
106999,3580,2025-08-10 22:03,completed,credit_card,,0
107000,234,2025-08-10 23:12,completed,credit_card,,0
107001,2770,2025-08-11 11:20,completed,paypal,,6.95
107002,1012,2025-08-11 13:14,completed,credit_card,,0
107003,3559,2025-08-11 13:40,completed,credit_card,,0
107004,458,2025-08-11 16:28,completed,apple_pay,,0
107005,3468,2025-08-11 17:15,completed,apple_pay,,0
107006,1457,2025-08-11 18:57,completed,paypal,WELCOME10,0
107007,994,2025-08-11 20:13,completed,credit_card,,0
107008,1252,2025-08-11 23:02,completed,credit_card,,0
107009,1545,2025-08-12 06:56,completed,apple_pay,,0
107010,1029,2025-08-12 10:00,completed,credit_card,,0
107011,2436,2025-08-12 10:17,completed,credit_card,WELCOME10,0
107012,870,2025-08-12 10:39,completed,apple_pay,,0
107013,2060,2025-08-12 11:31,completed,credit_card,,0
107014,3564,2025-08-12 11:54,completed,credit_card,,6.95
107015,543,2025-08-12 12:10,completed,credit_card,,0
107016,2194,2025-08-12 17:20,completed,gift_card,,0
107017,2187,2025-08-12 17:31,completed,credit_card,,0
107018,3567,2025-08-12 20:02,completed,credit_card,,0
107019,1250,2025-08-12 20:46,completed,gift_card,,6.95
107020,2394,2025-08-12 23:02,completed,credit_card,,0
107021,2214,2025-08-13 06:26,completed,paypal,,0
107022,3564,2025-08-13 07:12,completed,credit_card,,0
107023,2620,2025-08-13 08:31,completed,gift_card,,0
107024,1106,2025-08-13 11:25,completed,credit_card,,0
107025,2743,2025-08-13 12:27,completed,credit_card,,0
107026,1427,2025-08-13 14:21,completed,apple_pay,,6.95
107027,2001,2025-08-13 18:43,completed,credit_card,,0
107028,3274,2025-08-13 19:24,completed,credit_card,,0
107029,3447,2025-08-13 22:14,completed,credit_card,,6.95
107030,1106,2025-08-14 07:59,completed,apple_pay,,0
107031,525,2025-08-14 10:35,completed,credit_card,,6.95
107032,2741,2025-08-14 10:36,completed,gift_card,,0
107033,3159,2025-08-14 13:25,completed,credit_card,,0
107034,2528,2025-08-14 15:10,completed,credit_card,,0
107035,2917,2025-08-14 16:10,completed,apple_pay,,0
107036,47,2025-08-14 17:44,completed,credit_card,,0
107037,384,2025-08-14 17:49,completed,paypal,,0
107038,3032,2025-08-14 17:57,completed,credit_card,,0
107039,3528,2025-08-14 18:09,completed,credit_card,,0
107040,2133,2025-08-14 19:49,completed,apple_pay,,0
107041,2691,2025-08-14 20:28,completed,paypal,,0
107042,1106,2025-08-14 21:32,completed,credit_card,,0
107043,2277,2025-08-14 22:06,completed,credit_card,,0
107044,1712,2025-08-14 22:07,completed,credit_card,,0
107045,2897,2025-08-14 22:46,completed,gift_card,,0
107046,1044,2025-08-14 23:15,completed,credit_card,,0
107047,3013,2025-08-15 06:23,completed,credit_card,,0
107048,2302,2025-08-15 07:42,completed,credit_card,,0
107049,1708,2025-08-15 09:07,completed,credit_card,,0
107050,2356,2025-08-15 10:20,completed,credit_card,,0
107051,1730,2025-08-15 11:10,completed,paypal,,6.95
107052,55,2025-08-15 12:39,completed,credit_card,WELCOME10,0
107053,443,2025-08-15 12:40,returned,credit_card,,0
107054,2160,2025-08-15 13:00,completed,credit_card,,0
107055,2271,2025-08-15 14:50,completed,credit_card,,0
107056,384,2025-08-15 18:31,completed,paypal,,0
107057,3032,2025-08-15 20:32,completed,credit_card,,0
107058,2005,2025-08-15 21:04,returned,apple_pay,WELCOME10,0
107059,1951,2025-08-16 07:13,completed,paypal,,0
107060,3409,2025-08-16 08:05,completed,apple_pay,,6.95
107061,168,2025-08-16 08:26,completed,apple_pay,,6.95
107062,2364,2025-08-16 09:41,completed,paypal,,6.95
107063,1520,2025-08-16 10:08,completed,credit_card,,6.95
107064,2917,2025-08-16 11:33,completed,credit_card,,0
107065,2351,2025-08-16 12:47,completed,gift_card,,6.95
107066,1340,2025-08-16 15:29,completed,gift_card,,6.95
107067,1376,2025-08-16 17:10,completed,credit_card,,0
107068,990,2025-08-16 17:56,canceled,credit_card,,0
107069,830,2025-08-16 20:59,completed,gift_card,,6.95
106931,1454,2025-08-06 20:05,completed,apple_pay,,0
107070,2204,2025-08-16 21:43,completed,paypal,,0
107071,1062,2025-08-16 23:20,completed,credit_card,,0
107072,2514,2025-08-17 06:13,completed,credit_card,,6.95
107073,2844,2025-08-17 07:27,completed,paypal,,0
107074,2035,2025-08-17 08:45,completed,credit_card,,0
107075,3275,2025-08-17 09:50,completed,credit_card,,0
107076,160,2025-08-17 11:45,completed,credit_card,,0
107077,1596,2025-08-17 11:48,completed,paypal,,0
107078,687,2025-08-17 12:18,completed,apple_pay,WELCOME10,0
107079,2325,2025-08-17 13:05,completed,paypal,,0
107080,1777,2025-08-17 13:46,completed,apple_pay,,0
107081,341,2025-08-17 16:10,completed,apple_pay,,0
107082,827,2025-08-17 16:53,completed,paypal,,0
107083,382,2025-08-17 17:50,returned,credit_card,,0
107084,2588,2025-08-17 20:54,returned,credit_card,,0
107085,1126,2025-08-17 22:00,completed,gift_card,,0
107086,3409,2025-08-17 23:34,completed,apple_pay,,6.95
107087,308,2025-08-18 07:28,completed,credit_card,,0
107088,1964,2025-08-18 08:06,completed,gift_card,,6.95
107089,133,2025-08-18 11:01,completed,credit_card,,6.95
107090,1921,2025-08-18 13:38,returned,paypal,,6.95
107091,2618,2025-08-18 14:09,completed,credit_card,,0
107092,3249,2025-08-18 16:28,returned,paypal,,0
107093,445,2025-08-18 18:31,completed,credit_card,,0
107094,3371,2025-08-18 18:34,completed,credit_card,,0
107095,2743,2025-08-18 22:40,canceled,credit_card,,0
107096,1153,2025-08-18 23:01,completed,credit_card,,0
107097,1660,2025-08-19 07:19,completed,credit_card,,0
107098,405,2025-08-19 12:40,completed,paypal,,0
107099,1029,2025-08-19 15:04,completed,paypal,,0
107100,3298,2025-08-19 18:25,completed,gift_card,,0
107101,1381,2025-08-19 18:58,completed,credit_card,,6.95
107102,1696,2025-08-19 19:34,completed,credit_card,,0
107103,925,2025-08-19 22:46,completed,paypal,,0
107104,2763,2025-08-20 08:15,completed,apple_pay,,0
107105,994,2025-08-20 08:52,completed,apple_pay,,0
107106,1469,2025-08-20 09:33,completed,credit_card,,6.95
107107,3037,2025-08-20 10:28,completed,credit_card,,0
107108,370,2025-08-20 10:51,completed,credit_card,,0
107109,1029,2025-08-20 11:52,completed,apple_pay,,6.95
107110,55,2025-08-20 12:07,completed,credit_card,,0
107111,1126,2025-08-20 13:44,completed,paypal,,0
107112,1258,2025-08-20 15:02,completed,apple_pay,,0
107113,2513,2025-08-20 16:41,completed,credit_card,,6.95
107114,1313,2025-08-20 18:18,completed,credit_card,,0
107115,407,2025-08-20 19:11,completed,credit_card,,0
107116,138,2025-08-20 20:07,completed,gift_card,,6.95
107117,2468,2025-08-20 20:31,completed,credit_card,,0
107118,3528,2025-08-20 22:07,completed,credit_card,,0
107119,1569,2025-08-20 22:26,completed,credit_card,,0
107120,2911,2025-08-20 22:34,completed,paypal,,0
107121,2027,2025-08-21 06:02,completed,gift_card,WELCOME10,0
107122,259,2025-08-21 08:53,completed,gift_card,,0
107123,2369,2025-08-21 10:09,completed,apple_pay,,0
107124,788,2025-08-21 10:23,completed,credit_card,,0
107125,2292,2025-08-21 10:58,completed,apple_pay,,0
107126,2856,2025-08-21 11:25,completed,apple_pay,,6.95
107127,1682,2025-08-21 12:54,completed,credit_card,,0
107128,668,2025-08-21 16:42,completed,credit_card,,6.95
107129,2506,2025-08-21 21:47,completed,credit_card,,0
107130,136,2025-08-22 06:18,completed,credit_card,,6.95
107131,3331,2025-08-22 06:52,completed,paypal,,6.95
107132,337,2025-08-22 09:07,completed,credit_card,,0
107133,2468,2025-08-22 10:23,completed,paypal,,0
107134,3087,2025-08-22 12:36,completed,credit_card,,0
107135,1066,2025-08-22 13:26,returned,credit_card,,0
107136,3112,2025-08-22 19:20,completed,credit_card,,0
107137,1198,2025-08-22 19:42,completed,apple_pay,,0
107138,1011,2025-08-22 21:28,completed,credit_card,,0
107139,2436,2025-08-22 21:51,completed,apple_pay,,6.95
107140,124,2025-08-23 07:11,completed,credit_card,,0
107141,841,2025-08-23 07:46,completed,credit_card,,6.95
107142,3401,2025-08-23 09:07,completed,credit_card,,0
107143,236,2025-08-23 09:07,completed,credit_card,,0
107144,1644,2025-08-23 12:13,completed,credit_card,,0
107145,1751,2025-08-23 12:51,completed,credit_card,,0
107146,167,2025-08-23 13:12,completed,paypal,,0
107147,894,2025-08-23 14:58,returned,paypal,,6.95
107148,1644,2025-08-23 18:54,completed,credit_card,,0
107149,3052,2025-08-23 19:02,completed,credit_card,,0
107150,389,2025-08-23 21:49,completed,paypal,,6.95
107151,3505,2025-08-23 21:59,completed,apple_pay,,0
107152,405,2025-08-23 22:05,completed,gift_card,,0
107153,2573,2025-08-23 22:27,completed,credit_card,WELCOME10,0
107154,2492,2025-08-23 22:55,completed,gift_card,,6.95
107155,1857,2025-08-24 06:22,completed,paypal,,0
107156,1184,2025-08-24 07:30,completed,credit_card,,0
107157,2724,2025-08-24 09:55,completed,paypal,,0
107158,1596,2025-08-24 10:32,completed,paypal,,0
107159,1126,2025-08-24 10:38,canceled,credit_card,,0
107160,1552,2025-08-24 11:03,completed,apple_pay,,0
107161,1821,2025-08-24 11:18,returned,credit_card,,0
107162,339,2025-08-24 15:54,completed,credit_card,,6.95
107163,57,2025-08-24 17:41,canceled,credit_card,,0
107164,389,2025-08-24 19:20,canceled,credit_card,,0
107165,97,2025-08-24 21:59,completed,paypal,,0
107166,2968,2025-08-24 22:51,completed,credit_card,,6.95
107167,814,2025-08-24 23:18,completed,paypal,,0
107168,1443,2025-08-25 07:12,completed,apple_pay,,0
107169,3445,2025-08-25 08:08,completed,credit_card,,0
107170,549,2025-08-25 08:08,completed,paypal,,6.95
107171,422,2025-08-25 08:50,completed,credit_card,,0
107172,2971,2025-08-25 14:07,completed,apple_pay,,0
107173,2484,2025-08-25 14:20,completed,credit_card,,0
107174,600,2025-08-25 16:29,completed,credit_card,,0
107175,3250,2025-08-25 18:05,completed,credit_card,WELCOME10,0
107176,1480,2025-08-25 20:12,canceled,credit_card,WELCOME10,6.95
107177,2921,2025-08-26 08:51,completed,apple_pay,,0
107178,2460,2025-08-26 09:24,completed,credit_card,,6.95
107179,2367,2025-08-26 11:16,completed,apple_pay,,0
107180,2227,2025-08-26 14:58,completed,credit_card,,0
107181,135,2025-08-26 15:20,completed,credit_card,WELCOME10,0
107182,842,2025-08-26 15:39,completed,paypal,,0
107183,466,2025-08-26 17:24,returned,apple_pay,WELCOME10,0
107184,2475,2025-08-26 20:46,completed,credit_card,,0
107185,341,2025-08-26 22:54,completed,credit_card,,0
107186,1593,2025-08-26 23:00,completed,paypal,,0
107187,3278,2025-08-26 23:28,completed,paypal,,0
107188,3062,2025-08-27 06:11,completed,credit_card,,6.95
107189,1917,2025-08-27 07:07,completed,apple_pay,,0
107190,2911,2025-08-27 07:21,completed,credit_card,,0
107191,1696,2025-08-27 12:24,completed,gift_card,,0
107192,2995,2025-08-27 15:00,completed,credit_card,,0
107193,1421,2025-08-27 16:41,completed,paypal,,6.95
107194,2951,2025-08-27 17:38,returned,credit_card,,0
107195,1652,2025-08-27 18:02,completed,credit_card,,0
107196,2066,2025-08-27 18:20,completed,credit_card,,0
107197,2620,2025-08-27 21:36,completed,credit_card,,0
107198,3452,2025-08-27 22:24,completed,paypal,,0
107199,1945,2025-08-27 23:42,completed,credit_card,,0
107200,3163,2025-08-28 06:02,completed,credit_card,,6.95
107201,768,2025-08-28 13:03,completed,credit_card,,6.95
107202,3564,2025-08-28 18:39,completed,paypal,,6.95
107203,1664,2025-08-28 21:02,completed,paypal,,6.95
107204,1126,2025-08-28 21:04,completed,apple_pay,,0
107205,384,2025-08-28 21:27,completed,paypal,,0
107206,3564,2025-08-28 22:23,completed,credit_card,WELCOME10,0
107207,56,2025-08-28 22:51,completed,apple_pay,,0
107208,1469,2025-08-28 23:11,completed,credit_card,,6.95
107209,1763,2025-08-29 08:09,completed,apple_pay,,0
107210,2160,2025-08-29 10:38,completed,credit_card,,0
107211,1583,2025-08-29 10:40,completed,paypal,,6.95
107212,2104,2025-08-29 13:15,completed,paypal,,0
107213,668,2025-08-29 13:20,completed,credit_card,,0
107214,2431,2025-08-29 15:39,completed,credit_card,,6.95
107215,2182,2025-08-29 19:18,completed,credit_card,,0
107216,1928,2025-08-29 22:05,completed,paypal,,0
107217,1658,2025-08-29 23:36,completed,paypal,WELCOME10,0
107218,1673,2025-08-30 06:27,completed,credit_card,,6.95
107219,307,2025-08-30 08:16,completed,apple_pay,,6.95
107220,1517,2025-08-30 09:23,completed,paypal,,0
107221,2648,2025-08-30 09:54,completed,paypal,,6.95
107222,2004,2025-08-30 11:22,completed,credit_card,,0
107223,1594,2025-08-30 13:06,canceled,credit_card,,0
107224,687,2025-08-30 13:08,completed,credit_card,,6.95
107225,1258,2025-08-30 13:14,completed,credit_card,,0
107226,2151,2025-08-30 15:56,completed,credit_card,,0
107227,240,2025-08-30 17:31,completed,credit_card,,6.95
107228,2204,2025-08-30 17:44,completed,credit_card,,0
107229,1901,2025-08-30 18:22,completed,credit_card,,0
107230,1981,2025-08-30 19:01,completed,paypal,,0
107231,1026,2025-08-30 21:48,completed,credit_card,,0
107232,594,2025-08-31 12:50,completed,credit_card,,0
107233,1786,2025-08-31 13:03,completed,credit_card,,6.95
107234,519,2025-08-31 15:45,completed,credit_card,,0
107235,856,2025-08-31 15:53,completed,credit_card,,0
107236,2743,2025-08-31 16:09,completed,credit_card,WELCOME10,0
107237,1026,2025-08-31 17:27,returned,credit_card,,0
107238,1480,2025-08-31 17:55,completed,apple_pay,,0
107239,1769,2025-08-31 18:18,completed,credit_card,,0
107240,1918,2025-08-31 18:35,completed,credit_card,,0
107241,2296,2025-08-31 19:22,completed,credit_card,,0
107242,271,2025-08-31 19:26,completed,credit_card,,0
107243,641,2025-08-31 22:01,completed,credit_card,,0
107244,885,2025-08-31 22:26,completed,credit_card,,0
107245,2039,2025-08-31 23:01,completed,credit_card,,0
107246,3593,2025-08-31 23:26,completed,credit_card,,0
107247,2613,2025-09-01 06:01,completed,credit_card,,0
107248,3324,2025-09-01 06:07,completed,apple_pay,,0
107249,1270,2025-09-01 07:01,canceled,credit_card,,0
107250,2977,2025-09-01 08:12,completed,apple_pay,,0
107251,3072,2025-09-01 11:24,completed,credit_card,,0
107252,3159,2025-09-01 13:11,completed,credit_card,,0
107253,1881,2025-09-01 13:42,canceled,credit_card,,6.95
107254,97,2025-09-01 14:05,completed,apple_pay,,0
107255,3207,2025-09-01 15:17,completed,gift_card,,6.95
107256,890,2025-09-01 16:44,completed,paypal,,6.95
107257,894,2025-09-01 20:02,completed,credit_card,,0
107258,135,2025-09-01 20:36,completed,credit_card,,0
107259,717,2025-09-01 21:15,completed,credit_card,,0
107260,737,2025-09-01 22:41,completed,credit_card,,0
107261,3253,2025-09-01 23:47,completed,apple_pay,WELCOME10,6.95
107262,2499,2025-09-02 06:46,completed,paypal,,0
107263,541,2025-09-02 07:30,completed,paypal,,0
107264,2413,2025-09-02 09:08,completed,credit_card,,0
107265,1443,2025-09-02 10:35,completed,credit_card,,0
107266,3087,2025-09-02 11:07,completed,credit_card,,0
107267,52,2025-09-02 12:29,completed,paypal,,0
107268,3207,2025-09-02 12:34,completed,paypal,,0
107269,2515,2025-09-02 13:38,canceled,gift_card,,6.95
107270,30,2025-09-02 14:19,completed,paypal,,0
107271,2361,2025-09-02 14:46,completed,paypal,,0
107272,1478,2025-09-02 16:05,completed,paypal,,0
107273,977,2025-09-02 20:20,canceled,credit_card,WELCOME10,6.95
107274,1089,2025-09-02 23:22,completed,apple_pay,,0
107275,53,2025-09-03 06:07,completed,paypal,,0
107276,2569,2025-09-03 08:43,completed,credit_card,,0
107277,2973,2025-09-03 08:55,completed,credit_card,,0
107278,189,2025-09-03 09:34,completed,credit_card,,0
107279,2480,2025-09-03 10:32,completed,credit_card,,0
107280,713,2025-09-03 11:12,completed,credit_card,,6.95
107281,3253,2025-09-03 12:40,completed,credit_card,,0
107282,535,2025-09-03 14:41,returned,gift_card,,6.95
107283,1320,2025-09-03 18:47,completed,paypal,,0
107284,2240,2025-09-03 21:47,returned,apple_pay,WELCOME10,0
107285,2004,2025-09-03 22:46,completed,paypal,,0
107286,245,2025-09-03 23:18,canceled,apple_pay,,6.95
107287,3496,2025-09-04 08:54,completed,apple_pay,,0
107288,1314,2025-09-04 13:41,completed,credit_card,,0
107289,1043,2025-09-04 18:56,completed,credit_card,,6.95
107290,1321,2025-09-04 18:56,completed,credit_card,,0
107291,3347,2025-09-04 19:12,completed,paypal,,0
107292,2739,2025-09-04 20:57,completed,credit_card,,6.95
107293,2172,2025-09-04 22:01,completed,apple_pay,,0
107294,3593,2025-09-05 06:24,completed,apple_pay,,0
107295,1634,2025-09-05 06:39,completed,apple_pay,,0
107296,2186,2025-09-05 08:12,completed,credit_card,,0
107297,1256,2025-09-05 09:57,completed,credit_card,,0
107298,1517,2025-09-05 11:46,completed,apple_pay,,6.95
107299,2521,2025-09-05 14:12,completed,credit_card,,0
107300,2670,2025-09-05 14:53,completed,paypal,,0
107301,990,2025-09-05 14:59,completed,credit_card,,6.95
107302,1220,2025-09-05 15:28,completed,credit_card,,0
107303,2443,2025-09-05 18:53,completed,credit_card,,0
107304,112,2025-09-05 20:29,completed,credit_card,,6.95
107305,2736,2025-09-05 20:44,returned,paypal,,6.95
107306,2332,2025-09-05 21:57,completed,paypal,,0
107307,2200,2025-09-05 22:08,completed,apple_pay,,0
107308,2693,2025-09-05 23:05,completed,credit_card,,0
107309,525,2025-09-05 23:07,completed,credit_card,,0
107310,13,2025-09-05 23:13,completed,apple_pay,,0
107311,443,2025-09-06 07:58,completed,credit_card,,0
107312,1931,2025-09-06 08:48,completed,credit_card,,0
107313,1775,2025-09-06 09:17,completed,gift_card,,0
107314,70,2025-09-06 09:18,returned,paypal,,6.95
107315,2693,2025-09-06 11:28,completed,credit_card,,0
107316,1491,2025-09-06 11:36,completed,paypal,,0
107317,113,2025-09-06 11:45,completed,credit_card,,0
107318,2705,2025-09-06 17:14,completed,credit_card,,6.95
107319,339,2025-09-06 21:27,completed,credit_card,,6.95
107320,2195,2025-09-06 22:24,completed,paypal,,0
107321,1752,2025-09-06 23:48,completed,apple_pay,,0
107322,739,2025-09-07 07:05,completed,paypal,,0
107323,266,2025-09-07 07:36,completed,credit_card,,6.95
107324,2676,2025-09-07 09:29,completed,credit_card,,6.95
107325,3109,2025-09-07 13:39,completed,credit_card,,0
107326,990,2025-09-07 14:30,completed,gift_card,,0
107327,1517,2025-09-07 15:35,completed,paypal,,0
107328,2777,2025-09-07 16:52,completed,gift_card,,0
107329,529,2025-09-07 21:12,completed,paypal,,0
107330,885,2025-09-07 22:07,completed,gift_card,,6.95
107331,603,2025-09-07 22:26,completed,paypal,,6.95
107332,13,2025-09-08 06:33,completed,paypal,,0
107333,2692,2025-09-08 07:19,completed,paypal,,0
107334,2102,2025-09-08 07:35,completed,gift_card,WELCOME10,0
107335,1460,2025-09-08 08:50,completed,paypal,,0
107336,1110,2025-09-08 12:53,completed,credit_card,,6.95
107337,2884,2025-09-08 12:59,completed,credit_card,,0
107338,1874,2025-09-08 13:07,completed,credit_card,,0
107339,19,2025-09-08 16:18,completed,credit_card,,0
107340,2850,2025-09-08 17:49,completed,apple_pay,,6.95
107341,3004,2025-09-08 20:41,completed,paypal,,0
107342,85,2025-09-08 21:07,completed,credit_card,,0
107343,405,2025-09-08 23:19,completed,credit_card,,0
107344,3037,2025-09-09 07:49,completed,apple_pay,,0
107345,3554,2025-09-09 09:47,completed,paypal,,0
107346,687,2025-09-09 13:14,completed,credit_card,,0
107347,3172,2025-09-09 15:17,returned,credit_card,,0
107348,11,2025-09-09 17:30,completed,credit_card,,6.95
107349,232,2025-09-09 22:08,completed,credit_card,,0
107350,23,2025-09-09 22:11,completed,credit_card,,0
107351,1451,2025-09-09 23:51,completed,credit_card,,0
107352,1517,2025-09-10 06:28,completed,credit_card,,0
107353,1026,2025-09-10 06:41,completed,credit_card,,0
107354,3433,2025-09-10 06:48,canceled,credit_card,,6.95
107355,405,2025-09-10 08:20,completed,credit_card,,0
107356,2595,2025-09-10 09:20,completed,credit_card,,6.95
107357,199,2025-09-10 10:55,completed,credit_card,,0
107358,990,2025-09-10 11:03,completed,credit_card,,0
107359,2856,2025-09-10 13:07,completed,credit_card,,0
107360,1153,2025-09-10 13:33,returned,paypal,,0
107361,213,2025-09-10 13:53,completed,credit_card,,0
104399,2164,2025-01-18 14:28,completed,credit_card,,0
107362,411,2025-09-10 14:02,completed,credit_card,,6.95
107363,1648,2025-09-10 14:08,completed,credit_card,,0
107364,3299,2025-09-10 14:38,completed,credit_card,WELCOME10,0
107365,1320,2025-09-10 19:23,completed,credit_card,,0
107366,1649,2025-09-10 20:14,completed,paypal,,0
107367,2788,2025-09-10 21:12,completed,credit_card,,6.95
107368,1554,2025-09-10 22:40,completed,apple_pay,,0
107369,1664,2025-09-11 09:49,canceled,paypal,,0
107370,741,2025-09-11 11:46,completed,apple_pay,,6.95
107371,894,2025-09-11 12:29,completed,apple_pay,,6.95
107372,496,2025-09-11 12:51,completed,gift_card,,6.95
107373,519,2025-09-11 14:19,completed,apple_pay,,6.95
107374,2685,2025-09-11 17:29,completed,credit_card,,0
107375,2906,2025-09-11 17:42,completed,credit_card,,0
107376,447,2025-09-11 19:49,completed,credit_card,,6.95
107377,1628,2025-09-11 21:09,completed,gift_card,,0
107378,409,2025-09-11 21:53,completed,credit_card,,6.95
107379,234,2025-09-11 22:39,completed,paypal,,0
107380,1729,2025-09-11 22:44,completed,credit_card,,0
107381,1396,2025-09-11 23:31,returned,paypal,,0
107382,391,2025-09-12 06:25,completed,gift_card,,6.95
107383,2804,2025-09-12 11:09,completed,paypal,WELCOME10,0
107384,222,2025-09-12 15:07,returned,gift_card,,0
107385,2467,2025-09-12 15:15,completed,apple_pay,,6.95
107386,3226,2025-09-12 15:16,completed,credit_card,,0
107387,1011,2025-09-12 16:42,completed,credit_card,,6.95
107388,856,2025-09-12 20:44,completed,credit_card,,0
107389,1258,2025-09-12 22:30,completed,credit_card,,0
107390,2126,2025-09-13 06:01,completed,credit_card,,0
107391,234,2025-09-13 06:15,completed,credit_card,,0
107392,507,2025-09-13 09:03,completed,credit_card,WELCOME10,6.95
107393,2595,2025-09-13 09:07,completed,credit_card,WELCOME10,0
107394,3401,2025-09-13 09:26,canceled,credit_card,,0
107395,1648,2025-09-13 10:18,completed,credit_card,,0
107396,3434,2025-09-13 14:52,completed,credit_card,,0
107397,307,2025-09-13 16:15,completed,credit_card,,0
107398,1340,2025-09-13 19:05,completed,credit_card,,0
107399,1917,2025-09-13 19:45,completed,credit_card,,0
107400,934,2025-09-13 20:53,completed,credit_card,,0
107401,2104,2025-09-14 08:32,completed,credit_card,,0
107402,2035,2025-09-14 09:27,completed,credit_card,,0
107403,2909,2025-09-14 10:05,completed,credit_card,,0
107404,3527,2025-09-14 13:54,completed,credit_card,,0
107405,1334,2025-09-14 16:43,completed,credit_card,,6.95
107406,2227,2025-09-14 17:44,completed,apple_pay,,0
107407,2133,2025-09-14 17:56,completed,apple_pay,,0
107408,1682,2025-09-14 19:58,completed,paypal,,6.95
107409,1752,2025-09-14 22:46,completed,paypal,,0
107410,2067,2025-09-14 23:23,completed,credit_card,,0
107411,3271,2025-09-15 06:13,completed,credit_card,,0
107412,185,2025-09-15 07:01,completed,paypal,,0
107413,1115,2025-09-15 08:55,returned,credit_card,,0
107414,1721,2025-09-15 10:36,canceled,credit_card,,6.95
107415,1108,2025-09-15 11:38,completed,paypal,,0
107416,2585,2025-09-15 12:05,returned,paypal,WELCOME10,0
107417,1095,2025-09-15 13:18,completed,credit_card,,6.95
107418,1383,2025-09-15 13:26,completed,paypal,WELCOME10,6.95
107419,2254,2025-09-15 16:17,completed,paypal,,0
107420,1652,2025-09-15 17:40,completed,paypal,,0
107421,1955,2025-09-15 18:37,completed,credit_card,,6.95
107422,863,2025-09-15 19:08,completed,paypal,,0
107423,836,2025-09-15 19:57,completed,credit_card,,0
107424,135,2025-09-15 20:37,completed,credit_card,,0
107425,260,2025-09-15 21:59,completed,apple_pay,,0
107426,382,2025-09-15 23:30,completed,credit_card,,0
107427,2492,2025-09-16 06:55,completed,credit_card,WELCOME10,6.95
107428,2588,2025-09-16 07:59,completed,credit_card,,0
107429,2815,2025-09-16 08:19,completed,credit_card,,0
107430,1596,2025-09-16 10:45,completed,apple_pay,,6.95
107431,2644,2025-09-16 11:39,completed,credit_card,WELCOME10,0
107432,1480,2025-09-16 12:52,completed,credit_card,,0
107433,964,2025-09-16 12:55,completed,credit_card,,0
107434,1681,2025-09-16 13:56,returned,gift_card,,0
107435,2612,2025-09-16 14:27,completed,credit_card,,0
107436,2271,2025-09-16 17:14,completed,credit_card,,6.95
107437,37,2025-09-16 18:27,completed,credit_card,,6.95
107438,399,2025-09-16 19:48,completed,gift_card,,0
107439,3035,2025-09-16 20:08,completed,credit_card,,0
107440,609,2025-09-16 21:14,completed,credit_card,,6.95
107441,1926,2025-09-17 11:28,canceled,paypal,,6.95
107442,721,2025-09-17 12:41,completed,credit_card,,6.95
107443,3147,2025-09-17 13:04,completed,credit_card,,6.95
107444,266,2025-09-17 13:31,completed,paypal,,0
107445,923,2025-09-17 14:57,completed,credit_card,,0
107446,1552,2025-09-17 20:11,completed,credit_card,,6.95
107447,910,2025-09-17 22:17,completed,credit_card,,0
107448,88,2025-09-17 22:40,completed,credit_card,,0
107449,1628,2025-09-18 06:03,completed,credit_card,,0
107450,1649,2025-09-18 11:19,completed,paypal,,6.95
107451,1469,2025-09-18 11:52,completed,paypal,,0
107452,2503,2025-09-18 12:24,completed,paypal,,6.95
107453,2151,2025-09-18 12:24,completed,credit_card,,0
107454,688,2025-09-18 12:43,completed,paypal,,0
107455,2302,2025-09-18 17:40,completed,apple_pay,,0
107456,97,2025-09-18 20:04,completed,credit_card,,0
107457,208,2025-09-18 20:27,completed,paypal,,6.95
107458,19,2025-09-18 21:29,completed,paypal,,0
107459,492,2025-09-18 21:33,completed,credit_card,,0
107460,2187,2025-09-18 21:36,completed,credit_card,,0
107461,2721,2025-09-19 06:27,completed,credit_card,,0
107462,384,2025-09-19 10:23,completed,credit_card,,0
107463,175,2025-09-19 11:09,completed,paypal,,0
107464,1695,2025-09-19 14:45,completed,gift_card,,0
107465,3380,2025-09-19 17:13,completed,credit_card,,0
107466,894,2025-09-19 18:43,completed,paypal,,6.95
107467,905,2025-09-19 19:48,completed,paypal,,0
107468,1226,2025-09-19 21:57,completed,credit_card,,0
107469,1038,2025-09-20 06:34,completed,credit_card,,0
107470,1633,2025-09-20 06:51,completed,credit_card,,6.95
107471,964,2025-09-20 08:50,completed,credit_card,,0
107472,1732,2025-09-20 12:21,completed,credit_card,,0
107473,3449,2025-09-20 12:56,completed,credit_card,,0
107474,1608,2025-09-20 13:12,completed,credit_card,,0
107475,2088,2025-09-20 13:40,completed,credit_card,,0
107476,391,2025-09-20 15:13,completed,paypal,,0
107477,3449,2025-09-20 15:17,completed,credit_card,,0
107478,1827,2025-09-20 17:30,completed,paypal,,0
107479,2977,2025-09-20 18:25,completed,apple_pay,,6.95
107480,2695,2025-09-20 20:36,completed,apple_pay,,0
107481,54,2025-09-20 22:02,completed,gift_card,,0
107482,2159,2025-09-21 06:16,completed,credit_card,,0
107483,934,2025-09-21 06:55,completed,credit_card,,0
107484,3107,2025-09-21 07:27,completed,paypal,,0
107485,1376,2025-09-21 08:15,completed,gift_card,,0
107486,2084,2025-09-21 12:46,completed,credit_card,,0
107487,2459,2025-09-21 13:19,returned,credit_card,,0
107488,3578,2025-09-21 14:24,completed,credit_card,,0
107489,2086,2025-09-21 21:06,completed,apple_pay,,6.95
107490,112,2025-09-21 22:43,completed,credit_card,,0
107491,1767,2025-09-21 22:52,completed,credit_card,,0
107492,1921,2025-09-21 22:53,completed,credit_card,,0
107493,1664,2025-09-21 23:42,completed,apple_pay,,6.95
107494,2477,2025-09-22 06:37,completed,paypal,,0
107495,2615,2025-09-22 08:44,completed,paypal,,0
107496,856,2025-09-22 10:08,completed,credit_card,,0
107497,1673,2025-09-22 11:11,completed,paypal,,0
107498,2194,2025-09-22 16:22,completed,apple_pay,,0
107499,1126,2025-09-22 17:55,completed,paypal,,0
107500,1931,2025-09-22 19:44,completed,apple_pay,,0
107501,579,2025-09-22 20:24,completed,credit_card,,0
107502,722,2025-09-22 20:39,canceled,credit_card,,6.95
107503,1649,2025-09-22 22:07,canceled,credit_card,,0
107504,489,2025-09-22 22:17,returned,credit_card,,6.95
107505,1403,2025-09-22 23:30,canceled,apple_pay,,0
107506,2970,2025-09-23 06:11,completed,credit_card,,0
107507,1717,2025-09-23 08:09,canceled,apple_pay,,0
107508,659,2025-09-23 09:23,completed,paypal,,0
107509,2964,2025-09-23 10:29,completed,credit_card,,6.95
107510,2412,2025-09-23 10:41,completed,credit_card,,6.95
107511,1062,2025-09-23 10:59,completed,credit_card,,0
107512,407,2025-09-23 11:17,completed,credit_card,,0
107513,2159,2025-09-23 12:09,completed,apple_pay,,6.95
107514,3159,2025-09-23 12:12,completed,paypal,WELCOME10,6.95
107515,1912,2025-09-23 14:25,completed,credit_card,,0
107516,737,2025-09-23 18:35,completed,paypal,,6.95
107517,3527,2025-09-23 20:52,completed,credit_card,,0
107518,1058,2025-09-24 07:59,completed,apple_pay,,0
107519,3037,2025-09-24 08:02,completed,credit_card,,6.95
107520,1827,2025-09-24 11:30,completed,paypal,WELCOME10,0
107521,1523,2025-09-24 12:13,completed,credit_card,,0
107522,2917,2025-09-24 13:58,completed,credit_card,,0
107523,384,2025-09-24 14:51,completed,credit_card,,0
107524,489,2025-09-24 15:16,completed,credit_card,,6.95
107525,972,2025-09-24 16:16,completed,credit_card,,0
107526,1552,2025-09-24 17:12,canceled,credit_card,WELCOME10,0
107527,37,2025-09-24 17:19,completed,apple_pay,,0
107528,2886,2025-09-24 17:38,completed,credit_card,,0
100303,853,2024-02-03 08:33,completed,apple_pay,,0
107529,270,2025-09-24 20:09,completed,apple_pay,,0
107530,2189,2025-09-24 20:41,completed,apple_pay,,0
107531,3088,2025-09-24 20:42,completed,credit_card,,0
107532,1996,2025-09-24 22:33,completed,credit_card,,0
107533,2970,2025-09-24 23:53,completed,credit_card,,0
107534,924,2025-09-25 07:30,completed,credit_card,,6.95
107535,3143,2025-09-25 07:47,completed,paypal,,0
107536,52,2025-09-25 08:46,completed,apple_pay,,6.95
107537,3335,2025-09-25 10:09,completed,paypal,,6.95
107538,3371,2025-09-25 10:29,completed,gift_card,,0
107539,928,2025-09-25 10:34,returned,credit_card,,0
107540,2088,2025-09-25 11:01,completed,credit_card,,0
107541,1151,2025-09-25 11:59,completed,credit_card,,6.95
107542,788,2025-09-25 12:20,completed,credit_card,,0
107543,473,2025-09-25 12:45,completed,credit_card,,0
107544,2838,2025-09-25 14:14,completed,paypal,,0
107545,1184,2025-09-25 14:47,completed,credit_card,,0
107546,1813,2025-09-25 15:26,completed,apple_pay,,0
107547,3132,2025-09-25 17:07,canceled,credit_card,,6.95
107548,3396,2025-09-25 17:45,completed,paypal,,0
107549,1851,2025-09-25 19:18,completed,credit_card,,0
107550,1443,2025-09-25 19:57,completed,credit_card,,0
107551,1959,2025-09-25 20:25,returned,paypal,,0
107552,384,2025-09-25 21:04,completed,paypal,,0
107553,2419,2025-09-25 21:51,completed,credit_card,,0
107554,2581,2025-09-25 23:05,completed,paypal,,0
107555,138,2025-09-26 07:31,completed,credit_card,,0
107556,1004,2025-09-26 10:04,completed,credit_card,,6.95
107557,2695,2025-09-26 11:38,completed,credit_card,WELCOME10,6.95
107558,2027,2025-09-26 12:56,completed,credit_card,,0
107559,3578,2025-09-26 14:11,completed,apple_pay,,0
107560,1121,2025-09-26 14:38,completed,paypal,WELCOME10,6.95
107561,505,2025-09-26 17:33,completed,paypal,,6.95
107562,488,2025-09-26 17:52,completed,credit_card,,0
107563,2838,2025-09-26 19:36,completed,credit_card,,0
107564,2913,2025-09-26 19:57,completed,credit_card,,0
107565,1891,2025-09-26 20:22,completed,credit_card,,0
107566,3243,2025-09-26 22:37,completed,paypal,,0
107567,3032,2025-09-26 22:58,completed,credit_card,,0
107568,1393,2025-09-26 23:49,completed,credit_card,,0
107569,2394,2025-09-27 06:16,completed,paypal,,0
107570,384,2025-09-27 07:21,completed,credit_card,,0
107571,2676,2025-09-27 09:56,completed,apple_pay,,0
107572,1038,2025-09-27 10:56,completed,credit_card,,0
107573,476,2025-09-27 12:05,completed,credit_card,WELCOME10,0
107574,1393,2025-09-27 12:27,completed,paypal,,0
107575,3490,2025-09-27 12:44,completed,apple_pay,,0
107576,2271,2025-09-27 16:07,completed,paypal,,0
107577,2487,2025-09-27 16:35,completed,credit_card,,0
107578,2984,2025-09-27 23:00,completed,credit_card,,0
107579,1517,2025-09-27 23:30,completed,paypal,,0
107580,2232,2025-09-28 09:32,completed,credit_card,,0
107581,2770,2025-09-28 13:52,completed,credit_card,,0
107582,3411,2025-09-28 15:01,completed,credit_card,,0
107583,32,2025-09-28 17:05,completed,credit_card,,0
107584,2277,2025-09-28 19:01,completed,paypal,,0
107585,2743,2025-09-29 10:04,completed,credit_card,,0
107586,3392,2025-09-29 10:53,completed,credit_card,,0
107587,2721,2025-09-29 12:00,completed,credit_card,,0
107588,2044,2025-09-29 12:07,completed,credit_card,,0
107589,2901,2025-09-29 12:27,completed,credit_card,WELCOME10,0
107590,2884,2025-09-29 12:45,completed,credit_card,,0
107591,2848,2025-09-29 13:04,completed,credit_card,,6.95
107592,1503,2025-09-29 14:59,completed,apple_pay,,6.95
107593,2338,2025-09-29 15:15,completed,paypal,,0
107594,1730,2025-09-29 15:39,completed,paypal,,6.95
107595,13,2025-09-29 18:08,completed,credit_card,,0
107596,1085,2025-09-29 18:25,completed,paypal,,0
107597,1949,2025-09-29 18:47,completed,credit_card,,0
107598,53,2025-09-29 21:04,canceled,apple_pay,,0
107599,883,2025-09-29 22:12,completed,credit_card,,0
107600,5,2025-09-29 22:19,completed,paypal,,0
107601,1026,2025-09-29 22:33,completed,credit_card,,6.95
107602,3132,2025-09-29 22:48,completed,credit_card,,0
107603,3032,2025-09-29 22:52,completed,apple_pay,,0
107604,678,2025-09-29 23:28,returned,credit_card,,0
107605,1121,2025-09-30 06:07,completed,credit_card,,0
107606,1126,2025-09-30 06:49,completed,credit_card,,0
107607,1097,2025-09-30 09:17,completed,apple_pay,,0
107608,1243,2025-09-30 09:27,completed,apple_pay,,0
107609,3207,2025-09-30 09:55,completed,paypal,,0
107610,388,2025-09-30 10:49,completed,credit_card,,0
107611,1510,2025-09-30 10:51,completed,paypal,,0
107612,2067,2025-09-30 12:59,completed,credit_card,,0
107613,999,2025-09-30 14:32,completed,credit_card,,0
107614,1380,2025-09-30 19:57,completed,paypal,,0
107615,3122,2025-09-30 23:10,completed,credit_card,,6.95
107616,2194,2025-10-01 06:27,completed,apple_pay,,6.95
107617,3142,2025-10-01 08:42,completed,paypal,,0
107618,1141,2025-10-01 08:50,completed,paypal,,0
107619,708,2025-10-01 09:15,completed,credit_card,,0
107620,1253,2025-10-01 10:31,completed,credit_card,,0
107621,1255,2025-10-01 10:51,completed,gift_card,,0
107622,3426,2025-10-01 13:03,completed,gift_card,WELCOME10,0
107623,1264,2025-10-01 14:36,completed,gift_card,,6.95
107624,353,2025-10-01 15:01,completed,credit_card,,0
107625,2485,2025-10-01 16:08,completed,paypal,,6.95
107626,2343,2025-10-01 16:10,completed,credit_card,,6.95
107627,2709,2025-10-01 16:50,completed,credit_card,,0
107628,307,2025-10-01 17:09,completed,credit_card,,0
107629,2110,2025-10-01 17:17,completed,credit_card,,0
107630,3012,2025-10-01 19:01,completed,credit_card,WELCOME10,0
107631,2485,2025-10-01 20:23,completed,credit_card,,6.95
107632,3503,2025-10-02 06:59,completed,credit_card,WELCOME10,0
107633,2383,2025-10-02 07:37,completed,credit_card,,0
107634,2144,2025-10-02 08:04,returned,credit_card,,0
107635,1813,2025-10-02 08:10,returned,credit_card,,0
107636,2358,2025-10-02 09:45,completed,paypal,,0
107637,2169,2025-10-02 14:24,completed,gift_card,WELCOME10,0
107638,1552,2025-10-02 15:57,completed,credit_card,,0
107639,2886,2025-10-02 16:54,completed,paypal,,6.95
107640,456,2025-10-02 18:51,completed,credit_card,,0
107641,1981,2025-10-02 21:29,completed,credit_card,,0
107642,3008,2025-10-02 21:42,completed,paypal,,6.95
107643,2893,2025-10-02 22:03,completed,paypal,,0
107644,3554,2025-10-02 23:06,completed,credit_card,,0
107645,233,2025-10-03 08:08,completed,apple_pay,WELCOME10,6.95
107646,2897,2025-10-03 12:58,completed,credit_card,,0
107647,1320,2025-10-03 13:31,completed,paypal,,0
107648,1265,2025-10-03 13:58,completed,paypal,,0
107649,2412,2025-10-03 14:38,completed,paypal,,0
107650,1552,2025-10-03 14:47,completed,apple_pay,,6.95
107651,1682,2025-10-03 15:42,completed,paypal,,0
107652,456,2025-10-03 15:59,completed,gift_card,,6.95
107653,2813,2025-10-03 16:01,canceled,credit_card,,6.95
107654,1964,2025-10-03 16:09,completed,paypal,,0
107655,234,2025-10-03 16:34,completed,credit_card,,0
107656,2978,2025-10-03 18:32,completed,gift_card,WELCOME10,0
107657,1857,2025-10-03 19:50,completed,paypal,,0
107658,88,2025-10-04 06:21,completed,credit_card,,0
107659,1514,2025-10-04 07:23,completed,paypal,,0
107660,58,2025-10-04 08:27,completed,credit_card,,6.95
107661,3147,2025-10-04 08:33,completed,apple_pay,WELCOME10,0
107662,2965,2025-10-04 10:54,completed,credit_card,,0
107663,11,2025-10-04 11:49,completed,paypal,,0
107664,266,2025-10-04 12:23,completed,credit_card,,0
107665,687,2025-10-04 12:32,completed,credit_card,WELCOME10,6.95
107666,1149,2025-10-04 12:42,completed,credit_card,,6.95
107667,3496,2025-10-04 12:43,completed,credit_card,,0
107668,3219,2025-10-04 14:24,completed,credit_card,WELCOME10,6.95
107669,1648,2025-10-04 15:14,returned,credit_card,,0
107670,594,2025-10-04 15:22,completed,credit_card,,0
107671,1874,2025-10-04 16:12,completed,credit_card,,0
107672,1925,2025-10-04 16:34,completed,credit_card,,0
107673,2312,2025-10-05 06:13,completed,credit_card,,6.95
107674,148,2025-10-05 07:37,returned,credit_card,,0
107675,1295,2025-10-05 09:56,completed,credit_card,,0
107676,492,2025-10-05 09:59,completed,credit_card,,0
107677,3524,2025-10-05 11:05,completed,apple_pay,,0
107678,3396,2025-10-05 11:45,canceled,credit_card,,0
107679,1589,2025-10-05 13:48,completed,credit_card,,0
107680,1702,2025-10-05 14:07,returned,credit_card,,0
107681,814,2025-10-05 17:31,completed,apple_pay,,0
107682,3259,2025-10-05 17:41,canceled,apple_pay,WELCOME10,0
107683,659,2025-10-05 18:21,completed,paypal,,0
107684,2521,2025-10-05 18:29,completed,paypal,,0
107685,1887,2025-10-05 18:46,completed,paypal,,0
107686,2481,2025-10-05 19:23,completed,credit_card,,0
107687,2425,2025-10-05 19:56,completed,credit_card,,0
107688,830,2025-10-05 20:15,completed,credit_card,,6.95
107689,962,2025-10-05 20:23,completed,gift_card,,0
107690,1532,2025-10-05 22:06,completed,credit_card,,0
107691,1635,2025-10-05 22:53,returned,apple_pay,,0
107692,208,2025-10-05 23:40,completed,credit_card,,0
107693,1209,2025-10-06 06:27,completed,credit_card,,0
107694,496,2025-10-06 06:51,completed,credit_card,,6.95
107695,3416,2025-10-06 11:06,completed,credit_card,,6.95
107696,1649,2025-10-06 11:58,completed,credit_card,,0
107697,2326,2025-10-06 12:47,completed,credit_card,,0
107698,2569,2025-10-06 14:14,completed,paypal,,6.95
107699,1174,2025-10-06 14:34,completed,paypal,,0
107700,266,2025-10-06 14:34,completed,apple_pay,,0
107701,2571,2025-10-06 15:24,completed,paypal,,0
107702,1340,2025-10-06 17:43,completed,credit_card,,0
107703,2597,2025-10-06 17:55,completed,paypal,,6.95
107704,1320,2025-10-06 20:28,completed,credit_card,,6.95
107705,2425,2025-10-06 22:24,completed,credit_card,,0
107706,2644,2025-10-07 07:37,completed,credit_card,,6.95
107707,1411,2025-10-07 10:32,completed,credit_card,,6.95
107708,3275,2025-10-07 11:49,completed,credit_card,,6.95
107709,425,2025-10-07 12:30,completed,credit_card,,0
107710,3504,2025-10-07 14:28,completed,credit_card,,6.95
107711,1793,2025-10-07 18:04,completed,apple_pay,,0
107712,1596,2025-10-07 18:14,completed,credit_card,,0
107713,2197,2025-10-08 08:35,returned,credit_card,,0
107714,2626,2025-10-08 10:54,completed,apple_pay,,6.95
107715,2123,2025-10-08 10:55,completed,paypal,,0
107716,1085,2025-10-08 10:59,completed,credit_card,,0
107717,1106,2025-10-08 13:25,completed,credit_card,WELCOME10,6.95
107718,2460,2025-10-08 14:36,completed,apple_pay,,0
107719,11,2025-10-08 14:42,completed,credit_card,,6.95
107720,1473,2025-10-08 15:45,completed,credit_card,,0
107721,2084,2025-10-08 16:08,completed,apple_pay,,0
107722,3490,2025-10-08 16:28,completed,apple_pay,WELCOME10,6.95
107723,152,2025-10-08 17:34,completed,paypal,,0
107724,44,2025-10-08 17:41,completed,credit_card,,0
107725,151,2025-10-08 21:09,completed,credit_card,,0
107726,2027,2025-10-09 09:02,completed,credit_card,,0
107727,1582,2025-10-09 10:12,canceled,apple_pay,,0
107728,1320,2025-10-09 11:35,completed,credit_card,,0
107729,1334,2025-10-09 12:06,completed,credit_card,,0
107730,1676,2025-10-09 13:46,completed,credit_card,,0
107731,2877,2025-10-09 14:13,completed,credit_card,,0
107732,579,2025-10-09 14:18,returned,credit_card,,0
107733,3098,2025-10-09 18:51,returned,apple_pay,,0
107734,2486,2025-10-09 19:19,completed,paypal,,0
107735,2618,2025-10-09 19:33,completed,paypal,,0
107736,3496,2025-10-09 20:34,completed,paypal,,0
107737,2982,2025-10-09 21:42,completed,credit_card,,0
107738,501,2025-10-09 22:20,completed,credit_card,,0
107739,905,2025-10-09 22:37,completed,credit_card,,0
107740,13,2025-10-09 23:03,completed,credit_card,,0
107741,409,2025-10-09 23:03,completed,paypal,,0
107742,3186,2025-10-10 07:11,completed,credit_card,,0
107743,3462,2025-10-10 09:11,completed,paypal,,0
107744,1418,2025-10-10 11:18,completed,credit_card,,0
107745,1071,2025-10-10 12:46,completed,credit_card,,0
107746,2538,2025-10-10 13:32,completed,apple_pay,,0
107747,2273,2025-10-10 17:05,completed,credit_card,,0
107748,3304,2025-10-10 18:21,completed,apple_pay,,0
107749,687,2025-10-10 18:23,completed,credit_card,,6.95
107750,509,2025-10-10 19:46,completed,apple_pay,,0
107751,1141,2025-10-10 21:00,completed,paypal,,0
107752,2436,2025-10-10 21:41,completed,apple_pay,,0
107753,135,2025-10-11 08:27,completed,paypal,,6.95
107754,1436,2025-10-11 09:40,completed,paypal,,0
107755,482,2025-10-11 09:59,completed,paypal,,6.95
107756,2901,2025-10-11 10:06,completed,credit_card,,6.95
107757,984,2025-10-11 10:42,completed,gift_card,,0
107758,259,2025-10-11 10:47,completed,credit_card,,0
107759,1752,2025-10-11 12:09,completed,credit_card,,0
107760,2367,2025-10-11 13:35,completed,credit_card,,0
107761,2741,2025-10-11 14:58,completed,credit_card,,0
107762,1370,2025-10-11 15:34,completed,credit_card,,0
107763,443,2025-10-11 17:06,canceled,paypal,,6.95
107764,2033,2025-10-11 17:23,completed,apple_pay,WELCOME10,0
107765,1376,2025-10-11 19:08,completed,credit_card,,0
107766,1524,2025-10-11 20:50,completed,paypal,,0
107767,2123,2025-10-11 22:40,completed,credit_card,,0
107768,2961,2025-10-11 23:09,completed,paypal,,0
107769,934,2025-10-11 23:15,completed,credit_card,,0
107770,3505,2025-10-12 07:41,canceled,apple_pay,,0
107771,2163,2025-10-12 10:32,completed,gift_card,WELCOME10,6.95
107772,1226,2025-10-12 10:34,completed,paypal,,6.95
107773,3278,2025-10-12 11:30,completed,credit_card,,0
107774,2232,2025-10-12 12:01,completed,credit_card,,0
107775,1205,2025-10-12 13:10,completed,credit_card,,0
107776,555,2025-10-12 14:32,completed,apple_pay,,0
107777,2143,2025-10-12 16:52,completed,credit_card,,0
107778,849,2025-10-12 20:32,completed,paypal,,0
107779,3578,2025-10-12 20:48,completed,credit_card,,0
107780,240,2025-10-12 22:16,completed,apple_pay,,0
107781,2206,2025-10-12 22:16,completed,gift_card,,0
107782,600,2025-10-12 23:15,completed,paypal,,0
107783,2391,2025-10-12 23:39,completed,paypal,,0
107784,1436,2025-10-13 08:17,completed,credit_card,,0
107785,135,2025-10-13 10:33,completed,credit_card,,0
107786,962,2025-10-13 11:52,completed,credit_card,,6.95
107787,150,2025-10-13 12:21,completed,credit_card,,0
107788,2312,2025-10-13 13:35,completed,paypal,,0
107789,2137,2025-10-13 14:40,completed,credit_card,,0
107790,3132,2025-10-13 17:25,completed,paypal,,0
107791,1732,2025-10-13 19:14,completed,paypal,,0
107792,48,2025-10-13 20:36,completed,apple_pay,,0
107793,1604,2025-10-13 23:35,completed,credit_card,,0
107794,1329,2025-10-14 07:23,completed,credit_card,,0
107795,1339,2025-10-14 07:52,completed,credit_card,,0
107796,3331,2025-10-14 09:46,completed,credit_card,,6.95
107797,1466,2025-10-14 10:56,completed,credit_card,,6.95
107798,1552,2025-10-14 11:14,canceled,credit_card,,0
107799,689,2025-10-14 11:24,completed,credit_card,,6.95
107800,2492,2025-10-14 12:59,completed,paypal,WELCOME10,0
107801,482,2025-10-14 13:34,completed,apple_pay,,0
107802,2841,2025-10-14 14:45,completed,paypal,,0
107803,3031,2025-10-14 16:35,completed,credit_card,,0
107804,1630,2025-10-14 19:34,completed,apple_pay,,0
107805,2613,2025-10-14 19:53,completed,credit_card,,0
107806,899,2025-10-14 21:11,completed,paypal,WELCOME10,6.95
107807,977,2025-10-14 21:26,returned,credit_card,,6.95
107808,856,2025-10-14 21:43,completed,paypal,,0
107809,2909,2025-10-14 22:52,completed,credit_card,,6.95
107810,2719,2025-10-14 23:10,canceled,paypal,,0
107811,3540,2025-10-15 07:02,completed,gift_card,,6.95
107812,3564,2025-10-15 08:31,completed,paypal,,0
107813,512,2025-10-15 13:21,returned,paypal,,0
107814,1925,2025-10-15 15:32,completed,paypal,,0
107815,1368,2025-10-15 16:31,completed,credit_card,,0
107816,2473,2025-10-15 17:39,completed,credit_card,,0
107817,1906,2025-10-15 19:16,completed,credit_card,,0
107818,1448,2025-10-15 21:13,completed,paypal,,6.95
107819,186,2025-10-15 21:24,completed,credit_card,,0
107820,2581,2025-10-15 23:41,returned,paypal,,0
107821,1552,2025-10-16 09:33,completed,credit_card,,0
107822,2009,2025-10-16 11:28,completed,paypal,,0
107823,890,2025-10-16 12:40,completed,credit_card,WELCOME10,0
107824,788,2025-10-16 12:45,completed,apple_pay,,0
107825,788,2025-10-16 12:58,completed,credit_card,,6.95
107826,1169,2025-10-16 13:25,completed,apple_pay,,0
107827,2433,2025-10-16 14:43,completed,apple_pay,,0
107828,3309,2025-10-16 15:33,completed,paypal,,0
107829,3412,2025-10-16 17:51,completed,credit_card,,0
107830,2083,2025-10-16 20:31,completed,paypal,,6.95
107831,3132,2025-10-16 21:23,completed,apple_pay,,0
107832,2834,2025-10-16 23:18,canceled,paypal,,0
107833,2865,2025-10-17 06:14,completed,credit_card,,0
107834,2934,2025-10-17 06:22,completed,credit_card,,0
107835,1763,2025-10-17 06:35,completed,apple_pay,,0
107836,623,2025-10-17 07:17,completed,credit_card,,0
107837,2775,2025-10-17 08:59,completed,paypal,,0
107838,2242,2025-10-17 09:31,completed,credit_card,WELCOME10,0
107839,1011,2025-10-17 10:33,completed,paypal,,0
107840,2860,2025-10-17 14:31,completed,gift_card,,0
107841,3556,2025-10-17 14:43,completed,paypal,,0
107842,948,2025-10-17 15:04,completed,credit_card,,6.95
107843,3000,2025-10-17 15:35,completed,apple_pay,,0
107844,972,2025-10-17 15:36,completed,apple_pay,,0
107845,2703,2025-10-17 15:59,completed,apple_pay,,0
107846,501,2025-10-17 17:08,completed,credit_card,,0
107847,2185,2025-10-17 18:08,completed,gift_card,,6.95
107848,713,2025-10-17 20:10,completed,credit_card,,6.95
107849,3014,2025-10-17 20:16,completed,apple_pay,,6.95
107850,3043,2025-10-17 21:14,completed,credit_card,,0
107851,1035,2025-10-17 21:43,completed,apple_pay,,0
107852,3121,2025-10-17 22:16,canceled,gift_card,,0
107853,1628,2025-10-17 22:56,completed,credit_card,,0
107854,476,2025-10-18 07:42,completed,paypal,,0
107855,1157,2025-10-18 08:59,completed,credit_card,,0
107856,2257,2025-10-18 09:22,completed,credit_card,,0
107857,1532,2025-10-18 09:41,completed,credit_card,,0
107858,3584,2025-10-18 09:47,completed,credit_card,,0
107859,1223,2025-10-18 10:35,completed,credit_card,,0
107860,1710,2025-10-18 10:44,completed,credit_card,,6.95
107861,2775,2025-10-18 11:19,completed,gift_card,,0
107862,1029,2025-10-18 11:53,completed,credit_card,,0
107863,398,2025-10-18 12:03,completed,credit_card,,0
107864,2406,2025-10-18 12:48,completed,credit_card,,0
107865,3248,2025-10-18 12:51,completed,apple_pay,,0
107866,48,2025-10-18 13:46,completed,credit_card,,0
107867,2286,2025-10-18 13:53,completed,credit_card,,0
107868,1073,2025-10-18 14:19,completed,credit_card,,0
107869,641,2025-10-18 14:35,completed,credit_card,,0
107870,106,2025-10-18 18:15,completed,credit_card,,6.95
107871,608,2025-10-18 18:59,completed,paypal,,6.95
107872,32,2025-10-18 22:55,completed,gift_card,,0
107873,2148,2025-10-18 23:15,completed,gift_card,,0
107874,2260,2025-10-19 06:40,completed,apple_pay,,0
107875,302,2025-10-19 07:16,completed,apple_pay,WELCOME10,0
107876,1589,2025-10-19 08:04,completed,gift_card,,0
107877,3594,2025-10-19 08:49,completed,apple_pay,,0
107878,2367,2025-10-19 09:47,completed,credit_card,,6.95
107879,1264,2025-10-19 12:11,completed,paypal,,0
107880,2155,2025-10-19 13:48,completed,credit_card,,0
107881,3516,2025-10-19 15:48,completed,credit_card,,6.95
107882,1736,2025-10-19 18:02,completed,credit_card,,0
107883,2579,2025-10-19 18:37,completed,paypal,,0
107884,1340,2025-10-20 07:23,completed,apple_pay,,0
107885,1635,2025-10-20 07:58,completed,credit_card,,0
107886,2605,2025-10-20 08:06,completed,credit_card,,0
107887,3041,2025-10-20 08:16,completed,paypal,,0
107888,294,2025-10-20 08:57,completed,credit_card,,0
107889,856,2025-10-20 11:57,completed,credit_card,,0
107890,1202,2025-10-20 13:10,completed,paypal,,6.95
107891,3193,2025-10-20 14:24,completed,apple_pay,,0
107892,13,2025-10-20 15:51,completed,paypal,,0
107893,2460,2025-10-20 16:15,completed,apple_pay,,6.95
107894,409,2025-10-20 16:34,completed,credit_card,,0
107895,1396,2025-10-20 20:54,completed,apple_pay,,6.95
107896,1026,2025-10-20 21:02,completed,paypal,,0
107897,1250,2025-10-20 21:27,completed,paypal,,6.95
107898,861,2025-10-20 22:05,completed,paypal,,0
107899,1103,2025-10-20 23:00,completed,paypal,,0
107900,359,2025-10-21 06:14,returned,credit_card,,6.95
107901,1790,2025-10-21 06:29,completed,apple_pay,,6.95
107902,1265,2025-10-21 06:51,completed,credit_card,,0
107903,1589,2025-10-21 09:28,completed,credit_card,,6.95
107904,807,2025-10-21 12:12,completed,credit_card,,0
107905,1874,2025-10-21 13:48,completed,apple_pay,,6.95
107906,2421,2025-10-21 14:27,completed,paypal,,0
107907,1337,2025-10-21 15:43,canceled,credit_card,,0
107908,2086,2025-10-21 17:55,completed,credit_card,,0
107909,1416,2025-10-21 20:25,completed,credit_card,WELCOME10,6.95
107910,3468,2025-10-21 21:08,completed,credit_card,,0
107911,1468,2025-10-21 21:39,completed,credit_card,,0
107912,88,2025-10-21 23:05,completed,credit_card,,6.95
107913,1729,2025-10-22 06:04,completed,credit_card,,6.95
107914,443,2025-10-22 07:27,completed,credit_card,,0
107915,3411,2025-10-22 10:59,completed,paypal,,0
107916,2348,2025-10-22 12:02,completed,credit_card,,0
107917,595,2025-10-22 12:21,completed,credit_card,,0
107918,2316,2025-10-22 12:44,completed,credit_card,,0
107919,652,2025-10-22 12:59,completed,credit_card,,0
107920,2695,2025-10-22 15:23,completed,credit_card,,6.95
107921,2214,2025-10-22 16:26,completed,credit_card,,6.95
107922,3000,2025-10-22 16:38,completed,paypal,,6.95
107923,1964,2025-10-22 17:43,completed,credit_card,,0
107924,1511,2025-10-22 18:14,canceled,credit_card,,6.95
107925,1815,2025-10-22 20:00,completed,credit_card,,0
107926,3147,2025-10-22 20:06,completed,credit_card,,0
107927,2453,2025-10-22 22:46,completed,credit_card,,0
107928,2640,2025-10-22 23:26,completed,apple_pay,,6.95
107929,3546,2025-10-22 23:47,completed,paypal,,0
107930,810,2025-10-23 07:56,completed,paypal,,0
107931,2669,2025-10-23 09:11,completed,credit_card,,6.95
107932,401,2025-10-23 09:35,completed,credit_card,,0
107933,2989,2025-10-23 13:40,completed,credit_card,,0
107934,1874,2025-10-23 15:12,completed,credit_card,,0
107935,890,2025-10-23 15:38,completed,credit_card,,0
107936,1505,2025-10-23 16:14,completed,gift_card,,0
107937,1511,2025-10-23 17:38,completed,credit_card,,6.95
107938,2469,2025-10-23 17:58,completed,apple_pay,,0
107939,1121,2025-10-23 19:08,completed,credit_card,,6.95
107940,3197,2025-10-23 20:14,completed,gift_card,,6.95
107941,3538,2025-10-23 20:26,completed,paypal,,0
107942,457,2025-10-23 21:28,completed,credit_card,,0
107943,2596,2025-10-23 22:00,returned,credit_card,WELCOME10,0
107944,2173,2025-10-23 22:05,completed,apple_pay,,0
107945,479,2025-10-24 07:41,completed,paypal,,0
107946,54,2025-10-24 08:33,completed,paypal,,6.95
107947,1115,2025-10-24 08:50,completed,credit_card,,0
107948,3416,2025-10-24 10:47,completed,gift_card,,0
107949,1264,2025-10-24 12:55,completed,credit_card,,0
107950,519,2025-10-24 13:05,completed,credit_card,,0
107951,794,2025-10-24 15:28,completed,credit_card,,0
107952,1661,2025-10-24 16:23,completed,apple_pay,,0
107953,356,2025-10-24 17:55,completed,credit_card,,0
107954,1712,2025-10-24 18:38,completed,credit_card,,6.95
107955,2597,2025-10-24 19:18,completed,credit_card,WELCOME10,0
107956,2613,2025-10-24 19:36,completed,paypal,,0
107957,15,2025-10-24 20:50,returned,apple_pay,,0
107958,2544,2025-10-24 21:01,completed,credit_card,,0
107959,2009,2025-10-25 07:38,completed,paypal,,0
107960,1536,2025-10-25 10:20,completed,credit_card,,6.95
107961,648,2025-10-25 10:30,completed,paypal,,0
107962,245,2025-10-25 12:04,completed,paypal,,6.95
107963,2917,2025-10-25 12:21,completed,credit_card,,6.95
107964,3564,2025-10-25 13:33,completed,paypal,,0
107965,2414,2025-10-25 13:56,completed,credit_card,,0
107966,2436,2025-10-25 14:23,completed,paypal,,0
107967,3032,2025-10-25 14:55,completed,credit_card,,0
107968,1654,2025-10-25 15:13,completed,credit_card,,0
107969,2605,2025-10-25 18:33,completed,credit_card,,6.95
107970,1418,2025-10-25 22:05,completed,paypal,,6.95
107971,97,2025-10-26 08:57,completed,gift_card,,0
107972,2679,2025-10-26 13:29,completed,credit_card,,0
107973,1243,2025-10-26 14:27,completed,apple_pay,,0
107974,3339,2025-10-26 18:29,completed,credit_card,,0
107975,138,2025-10-26 18:35,completed,credit_card,,0
107976,2695,2025-10-26 19:07,canceled,credit_card,,6.95
107977,861,2025-10-26 20:32,completed,apple_pay,,0
107978,2256,2025-10-26 22:47,completed,credit_card,,0
107979,972,2025-10-27 07:34,completed,credit_card,,0
107980,3570,2025-10-27 07:41,completed,apple_pay,,0
107981,3320,2025-10-27 10:52,completed,apple_pay,,6.95
107982,1443,2025-10-27 10:53,completed,credit_card,,0
107983,3002,2025-10-27 11:42,completed,credit_card,,6.95
107984,1040,2025-10-27 12:04,completed,credit_card,,0
107985,2775,2025-10-27 12:49,completed,paypal,,0
107986,3119,2025-10-27 13:03,completed,credit_card,,6.95
107987,2887,2025-10-27 13:31,canceled,credit_card,,0
107988,3413,2025-10-27 16:17,completed,apple_pay,,0
107989,928,2025-10-27 21:17,completed,apple_pay,,6.95
107990,2109,2025-10-27 21:49,completed,credit_card,WELCOME10,0
107991,364,2025-10-28 09:09,completed,credit_card,,0
107992,3079,2025-10-28 11:13,completed,paypal,,0
107993,1974,2025-10-28 12:47,completed,credit_card,,0
107994,5,2025-10-28 14:21,completed,paypal,,0
107995,422,2025-10-28 17:26,completed,credit_card,,0
107996,2060,2025-10-28 20:51,completed,credit_card,,0
107997,3014,2025-10-28 21:00,completed,apple_pay,,6.95
107998,419,2025-10-28 22:47,completed,paypal,,0
107999,2729,2025-10-28 23:41,completed,credit_card,,6.95
108000,1383,2025-10-29 10:09,completed,apple_pay,,6.95
108001,443,2025-10-29 12:13,completed,credit_card,,6.95
108002,3098,2025-10-29 16:18,completed,credit_card,,0
108003,187,2025-10-29 17:50,completed,credit_card,,0
108004,3490,2025-10-29 18:50,completed,credit_card,,6.95
108005,922,2025-10-29 20:07,completed,credit_card,,0
108006,1411,2025-10-29 22:03,completed,credit_card,,0
108007,3344,2025-10-29 22:17,completed,apple_pay,,0
108008,2343,2025-10-29 23:20,canceled,gift_card,,6.95
108009,3216,2025-10-29 23:34,completed,credit_card,,0
108010,1269,2025-10-29 23:40,completed,credit_card,,0
108011,2245,2025-10-30 07:56,completed,paypal,,0
108012,1767,2025-10-30 11:32,completed,credit_card,,6.95
108013,14,2025-10-30 12:31,completed,credit_card,,0
108014,2506,2025-10-30 17:12,completed,credit_card,,6.95
108015,2433,2025-10-30 17:19,completed,paypal,WELCOME10,0
108016,2495,2025-10-30 20:08,completed,apple_pay,,0
108017,3032,2025-10-30 20:58,completed,apple_pay,,0
108018,781,2025-10-31 08:32,completed,credit_card,,0
108019,595,2025-10-31 08:54,completed,credit_card,,0
108020,2111,2025-10-31 10:22,completed,apple_pay,,6.95
108021,2178,2025-10-31 17:06,completed,paypal,,0
108022,398,2025-10-31 19:31,completed,credit_card,,0
108023,1011,2025-10-31 20:05,completed,credit_card,,0
108024,1151,2025-10-31 20:55,returned,paypal,,0
108025,3032,2025-10-31 21:31,canceled,credit_card,,0
108026,473,2025-10-31 22:42,completed,paypal,,0
108027,2481,2025-11-01 07:11,completed,credit_card,,0
108028,48,2025-11-01 08:49,completed,credit_card,,6.95
108029,2426,2025-11-01 09:45,completed,credit_card,,0
108030,443,2025-11-01 09:50,completed,apple_pay,HOLIDAY20,0
108031,591,2025-11-01 10:19,completed,credit_card,,0
108032,2886,2025-11-01 11:27,completed,apple_pay,HOLIDAY20,6.95
108033,1170,2025-11-01 13:04,completed,credit_card,HOLIDAY20,0
108034,1416,2025-11-01 14:04,completed,apple_pay,HOLIDAY20,6.95
108035,3493,2025-11-01 14:22,completed,credit_card,WELCOME10,0
108036,266,2025-11-01 15:20,completed,apple_pay,,0
108037,1873,2025-11-01 16:57,completed,credit_card,WELCOME10,6.95
108038,301,2025-11-01 16:58,completed,credit_card,HOLIDAY20,0
108039,2388,2025-11-01 17:44,completed,credit_card,HOLIDAY20,6.95
108040,1992,2025-11-01 17:51,completed,credit_card,,6.95
108041,49,2025-11-01 19:04,completed,gift_card,HOLIDAY20,6.95
108042,3438,2025-11-01 19:56,completed,apple_pay,HOLIDAY20,0
108043,3388,2025-11-01 21:44,completed,credit_card,,0
108044,880,2025-11-01 21:49,completed,credit_card,HOLIDAY20,0
108045,1184,2025-11-01 22:18,completed,credit_card,,0
108046,1126,2025-11-02 06:18,canceled,credit_card,,0
108047,3009,2025-11-02 06:31,completed,apple_pay,HOLIDAY20,0
108048,2708,2025-11-02 09:00,completed,credit_card,HOLIDAY20,6.95
108049,3524,2025-11-02 09:40,completed,credit_card,,0
108050,2679,2025-11-02 10:53,completed,paypal,,0
108051,1569,2025-11-02 11:12,completed,credit_card,,0
108052,2126,2025-11-02 11:17,completed,credit_card,HOLIDAY20,0
108053,647,2025-11-02 12:42,completed,credit_card,,0
108054,1676,2025-11-02 12:47,completed,paypal,,0
108055,6,2025-11-02 13:45,completed,credit_card,,0
108056,2205,2025-11-02 14:02,completed,credit_card,HOLIDAY20,0
108057,1779,2025-11-02 15:42,completed,credit_card,,0
108058,3024,2025-11-02 15:42,completed,paypal,,0
108059,2478,2025-11-02 17:19,completed,credit_card,,0
108060,2739,2025-11-02 18:03,completed,credit_card,,6.95
108061,290,2025-11-02 18:59,returned,credit_card,HOLIDAY20,0
108062,657,2025-11-02 19:16,completed,credit_card,,0
108063,1026,2025-11-02 19:36,completed,paypal,HOLIDAY20,6.95
106989,333,2025-08-10 13:06,completed,credit_card,,6.95
108064,2782,2025-11-02 19:39,completed,gift_card,,0
108065,167,2025-11-02 21:51,completed,apple_pay,HOLIDAY20,0
108066,3250,2025-11-02 22:21,completed,paypal,,0
108067,1682,2025-11-03 07:32,completed,credit_card,,0
108068,522,2025-11-03 08:46,completed,credit_card,HOLIDAY20,0
108069,3141,2025-11-03 08:50,completed,paypal,HOLIDAY20,0
108070,2371,2025-11-03 09:14,completed,apple_pay,WELCOME10,0
108071,966,2025-11-03 09:26,completed,gift_card,WELCOME10,0
108072,231,2025-11-03 10:29,completed,credit_card,,0
108073,2111,2025-11-03 11:22,completed,paypal,,0
108074,1959,2025-11-03 12:17,completed,credit_card,HOLIDAY20,0
108075,1141,2025-11-03 13:50,completed,credit_card,,6.95
108076,1191,2025-11-03 13:56,completed,paypal,,0
108077,1989,2025-11-03 14:05,completed,credit_card,HOLIDAY20,6.95
108078,2679,2025-11-03 16:04,completed,credit_card,,6.95
108079,1839,2025-11-03 17:09,completed,credit_card,,0
108080,398,2025-11-03 17:47,completed,paypal,,0
108081,2620,2025-11-03 17:52,returned,credit_card,HOLIDAY20,0
108082,551,2025-11-03 19:11,completed,gift_card,,0
108083,2371,2025-11-03 19:45,completed,apple_pay,,0
108084,2924,2025-11-03 21:06,completed,credit_card,HOLIDAY20,6.95
108085,3275,2025-11-03 23:07,completed,credit_card,,6.95
108086,1913,2025-11-03 23:45,completed,paypal,HOLIDAY20,0
108087,150,2025-11-04 06:51,completed,paypal,,0
108088,2676,2025-11-04 07:27,completed,credit_card,HOLIDAY20,0
108089,3497,2025-11-04 07:58,completed,apple_pay,HOLIDAY20,0
108090,1452,2025-11-04 11:52,completed,paypal,,0
108091,3219,2025-11-04 12:03,completed,credit_card,HOLIDAY20,0
108092,405,2025-11-04 14:43,completed,credit_card,,0
108093,3032,2025-11-04 15:41,completed,apple_pay,HOLIDAY20,0
108094,1200,2025-11-04 16:29,completed,credit_card,,0
108095,2679,2025-11-04 16:40,completed,credit_card,HOLIDAY20,0
108096,2560,2025-11-04 17:29,returned,credit_card,HOLIDAY20,0
108097,905,2025-11-04 18:10,completed,apple_pay,,6.95
108098,496,2025-11-04 21:25,completed,credit_card,,0
108099,1243,2025-11-04 23:11,completed,credit_card,,6.95
108100,54,2025-11-04 23:13,returned,paypal,HOLIDAY20,0
108101,972,2025-11-05 07:48,completed,paypal,,0
108102,1870,2025-11-05 08:41,completed,credit_card,,0
108103,1605,2025-11-05 08:50,completed,credit_card,,6.95
108104,1599,2025-11-05 09:29,completed,paypal,,0
108105,1681,2025-11-05 10:03,completed,credit_card,HOLIDAY20,0
108106,1898,2025-11-05 10:14,completed,gift_card,,0
108107,185,2025-11-05 10:16,completed,credit_card,HOLIDAY20,6.95
108108,1732,2025-11-05 10:31,completed,credit_card,HOLIDAY20,0
108109,3595,2025-11-05 13:31,completed,credit_card,,0
108110,3177,2025-11-05 14:06,completed,apple_pay,,6.95
108111,1436,2025-11-05 14:38,completed,credit_card,,0
108112,1992,2025-11-05 17:56,completed,credit_card,HOLIDAY20,6.95
108113,3411,2025-11-05 18:19,completed,credit_card,,0
108114,2828,2025-11-05 20:02,completed,credit_card,HOLIDAY20,6.95
108115,1767,2025-11-05 20:58,completed,apple_pay,,0
108116,3122,2025-11-05 21:01,completed,credit_card,HOLIDAY20,0
108117,2361,2025-11-05 21:13,completed,credit_card,HOLIDAY20,0
108118,3564,2025-11-05 23:22,completed,gift_card,WELCOME10,6.95
108119,135,2025-11-06 07:50,completed,credit_card,,0
108120,1376,2025-11-06 08:00,completed,credit_card,,0
108121,135,2025-11-06 08:52,completed,credit_card,,0
108122,2743,2025-11-06 08:58,completed,paypal,,0
108123,456,2025-11-06 11:02,completed,gift_card,HOLIDAY20,0
108124,2877,2025-11-06 12:28,completed,gift_card,HOLIDAY20,0
108125,3334,2025-11-06 15:34,completed,paypal,,0
108126,2867,2025-11-06 16:22,completed,credit_card,HOLIDAY20,0
108127,1213,2025-11-06 17:45,completed,paypal,HOLIDAY20,0
108128,3420,2025-11-06 19:09,completed,gift_card,HOLIDAY20,0
108129,2460,2025-11-06 20:07,completed,paypal,HOLIDAY20,6.95
108130,2314,2025-11-06 21:15,completed,credit_card,HOLIDAY20,6.95
108131,2245,2025-11-06 21:40,completed,paypal,,0
108132,2562,2025-11-06 23:22,completed,paypal,,0
108133,948,2025-11-07 07:01,completed,credit_card,HOLIDAY20,0
108134,1898,2025-11-07 08:01,completed,apple_pay,,6.95
108135,1707,2025-11-07 08:36,completed,credit_card,HOLIDAY20,6.95
108136,1648,2025-11-07 09:36,completed,credit_card,,6.95
108137,1380,2025-11-07 10:24,completed,credit_card,,0
108138,1241,2025-11-07 12:15,returned,gift_card,,0
108139,2194,2025-11-07 14:36,completed,paypal,,0
108140,475,2025-11-07 15:47,completed,credit_card,,0
108141,983,2025-11-07 16:40,completed,credit_card,HOLIDAY20,0
108142,934,2025-11-07 17:18,completed,credit_card,HOLIDAY20,0
108143,1865,2025-11-07 18:26,completed,credit_card,HOLIDAY20,0
108144,1246,2025-11-07 19:09,completed,paypal,,0
108145,301,2025-11-07 22:41,completed,credit_card,,0
108146,3358,2025-11-07 23:21,completed,apple_pay,WELCOME10,0
108147,2741,2025-11-08 06:47,completed,credit_card,HOLIDAY20,0
108148,3014,2025-11-08 06:53,completed,apple_pay,,0
108149,3139,2025-11-08 07:33,completed,credit_card,,0
108150,2911,2025-11-08 07:42,completed,credit_card,,0
108151,1400,2025-11-08 10:51,completed,credit_card,HOLIDAY20,0
108152,564,2025-11-08 11:16,completed,credit_card,,0
108153,1044,2025-11-08 11:29,completed,paypal,,0
108154,1633,2025-11-08 11:45,completed,paypal,HOLIDAY20,0
108155,3339,2025-11-08 13:15,completed,credit_card,,6.95
108156,2245,2025-11-08 13:15,completed,apple_pay,,6.95
108157,1210,2025-11-08 13:51,completed,apple_pay,,0
108158,1998,2025-11-08 14:16,returned,credit_card,,6.95
108159,2279,2025-11-08 14:40,completed,credit_card,,0
108160,3569,2025-11-08 15:07,completed,credit_card,,0
108161,301,2025-11-08 15:09,completed,credit_card,,6.95
108162,1427,2025-11-08 17:15,completed,credit_card,HOLIDAY20,0
108163,2437,2025-11-08 18:19,completed,gift_card,WELCOME10,0
108164,519,2025-11-08 19:14,completed,apple_pay,,6.95
108165,1926,2025-11-08 19:28,canceled,credit_card,HOLIDAY20,0
108166,1582,2025-11-08 19:51,completed,credit_card,,0
108167,2283,2025-11-08 20:58,completed,apple_pay,,6.95
108168,2867,2025-11-08 21:05,completed,apple_pay,HOLIDAY20,6.95
108169,1185,2025-11-08 22:21,completed,paypal,HOLIDAY20,6.95
108170,514,2025-11-08 23:06,completed,apple_pay,HOLIDAY20,0
108171,3275,2025-11-08 23:30,completed,apple_pay,,0
108172,1813,2025-11-09 06:46,completed,paypal,,0
108173,980,2025-11-09 08:53,completed,credit_card,,6.95
108174,1864,2025-11-09 10:25,completed,apple_pay,,6.95
108175,672,2025-11-09 10:59,completed,credit_card,,0
108176,94,2025-11-09 12:16,completed,credit_card,,6.95
108177,364,2025-11-09 12:42,completed,credit_card,,6.95
108178,2769,2025-11-09 13:32,completed,apple_pay,HOLIDAY20,0
108179,2110,2025-11-09 14:54,completed,credit_card,,0
108180,2743,2025-11-09 15:34,completed,credit_card,,0
108181,13,2025-11-09 15:38,completed,credit_card,HOLIDAY20,0
108182,788,2025-11-09 16:27,completed,credit_card,HOLIDAY20,0
108183,2197,2025-11-09 17:18,canceled,apple_pay,HOLIDAY20,6.95
108184,3133,2025-11-09 17:23,completed,credit_card,,0
108185,2891,2025-11-09 17:35,completed,paypal,,0
108186,3278,2025-11-09 18:25,completed,credit_card,HOLIDAY20,6.95
108187,1676,2025-11-09 21:13,completed,paypal,HOLIDAY20,0
108188,2743,2025-11-09 21:19,completed,apple_pay,,0
108189,2995,2025-11-09 22:07,completed,credit_card,,0
108190,2831,2025-11-09 22:56,completed,credit_card,HOLIDAY20,0
108191,1551,2025-11-09 23:39,completed,credit_card,,0
108192,2414,2025-11-10 07:56,completed,credit_card,,0
108193,1652,2025-11-10 08:21,completed,credit_card,,0
108194,971,2025-11-10 08:50,completed,credit_card,HOLIDAY20,6.95
108195,2148,2025-11-10 09:03,completed,credit_card,,0
108196,2391,2025-11-10 10:52,completed,paypal,HOLIDAY20,0
108197,2577,2025-11-10 10:59,completed,paypal,,0
108198,2088,2025-11-10 11:07,completed,credit_card,,0
108199,1532,2025-11-10 11:52,completed,credit_card,,0
108200,1340,2025-11-10 13:05,completed,credit_card,,0
108201,2695,2025-11-10 13:41,completed,paypal,,0
108202,302,2025-11-10 14:17,canceled,apple_pay,,0
108203,969,2025-11-10 16:50,completed,credit_card,,6.95
108204,1300,2025-11-10 18:12,completed,apple_pay,,0
108205,2096,2025-11-10 18:35,completed,credit_card,,0
108206,2086,2025-11-10 20:42,completed,apple_pay,HOLIDAY20,0
108207,2185,2025-11-10 21:47,returned,credit_card,HOLIDAY20,0
108208,1951,2025-11-10 21:52,completed,paypal,,0
108209,1518,2025-11-10 22:13,completed,credit_card,,0
108210,3496,2025-11-10 23:37,completed,paypal,,0
108211,594,2025-11-11 06:16,completed,credit_card,,6.95
108212,1730,2025-11-11 06:50,completed,apple_pay,,0
108213,2643,2025-11-11 09:14,completed,credit_card,,6.95
108214,2695,2025-11-11 10:57,completed,credit_card,HOLIDAY20,0
108215,1153,2025-11-11 11:30,canceled,apple_pay,HOLIDAY20,0
108216,2775,2025-11-11 11:35,completed,apple_pay,,0
108217,407,2025-11-11 12:00,completed,paypal,HOLIDAY20,0
108218,1874,2025-11-11 13:42,completed,credit_card,HOLIDAY20,6.95
108219,3177,2025-11-11 16:55,completed,credit_card,,0
108220,2391,2025-11-11 17:12,completed,credit_card,HOLIDAY20,0
108221,682,2025-11-11 18:18,completed,credit_card,,0
108222,2743,2025-11-11 18:21,canceled,paypal,HOLIDAY20,0
108223,3564,2025-11-11 19:22,completed,paypal,,0
108224,1300,2025-11-11 20:50,completed,credit_card,,0
108225,1659,2025-11-11 20:57,completed,paypal,WELCOME10,6.95
108226,2615,2025-11-11 21:08,returned,apple_pay,HOLIDAY20,0
108227,2538,2025-11-12 08:16,completed,credit_card,HOLIDAY20,0
108228,1764,2025-11-12 08:29,completed,credit_card,,6.95
108229,1200,2025-11-12 08:31,completed,gift_card,,0
108230,13,2025-11-12 08:49,completed,credit_card,,0
108231,1468,2025-11-12 08:59,completed,credit_card,,0
108232,2865,2025-11-12 09:13,completed,credit_card,,6.95
108233,2320,2025-11-12 09:51,completed,credit_card,HOLIDAY20,0
108234,2900,2025-11-12 09:59,completed,credit_card,HOLIDAY20,0
108235,1913,2025-11-12 11:01,returned,paypal,HOLIDAY20,6.95
108236,3468,2025-11-12 16:38,completed,credit_card,,0
108237,3278,2025-11-12 17:39,completed,credit_card,,0
108238,1803,2025-11-12 17:40,completed,credit_card,,6.95
108239,3320,2025-11-12 19:19,returned,credit_card,WELCOME10,6.95
108240,1767,2025-11-12 19:27,completed,credit_card,,0
108241,2884,2025-11-12 23:32,completed,paypal,,0
108242,3275,2025-11-12 23:36,canceled,paypal,HOLIDAY20,0
108243,1801,2025-11-13 06:08,returned,credit_card,,0
108244,1376,2025-11-13 08:25,completed,paypal,,0
108245,41,2025-11-13 08:56,completed,apple_pay,,0
108246,2588,2025-11-13 10:47,completed,credit_card,HOLIDAY20,6.95
108247,3358,2025-11-13 13:36,completed,paypal,,0
108248,405,2025-11-13 13:38,completed,credit_card,HOLIDAY20,0
108249,1505,2025-11-13 15:43,completed,credit_card,HOLIDAY20,0
108250,1005,2025-11-13 16:52,completed,apple_pay,,6.95
103810,89,2024-12-05 08:26,completed,credit_card,HOLIDAY20,0
108251,721,2025-11-13 21:43,returned,credit_card,HOLIDAY20,6.95
108252,2911,2025-11-14 09:52,completed,credit_card,,0
108253,1173,2025-11-14 11:27,completed,credit_card,HOLIDAY20,0
108254,2205,2025-11-14 14:19,completed,paypal,,0
108255,235,2025-11-14 15:08,completed,credit_card,,0
108256,2348,2025-11-14 17:36,completed,credit_card,HOLIDAY20,6.95
108257,2170,2025-11-14 17:46,canceled,apple_pay,,0
108258,2243,2025-11-14 17:51,completed,apple_pay,HOLIDAY20,6.95
108259,3187,2025-11-14 18:58,completed,apple_pay,HOLIDAY20,0
108260,579,2025-11-14 20:23,completed,credit_card,HOLIDAY20,0
108261,231,2025-11-14 21:08,completed,paypal,,0
108262,2283,2025-11-14 21:46,completed,paypal,,6.95
108263,1451,2025-11-14 23:04,completed,credit_card,,0
108264,488,2025-11-15 07:30,completed,apple_pay,,0
108265,2590,2025-11-15 08:27,completed,apple_pay,,0
108266,3305,2025-11-15 08:52,completed,paypal,,0
108267,2433,2025-11-15 09:07,completed,credit_card,HOLIDAY20,0
108268,1778,2025-11-15 10:07,completed,credit_card,,6.95
108269,721,2025-11-15 11:24,completed,credit_card,HOLIDAY20,0
108270,1311,2025-11-15 13:12,completed,credit_card,HOLIDAY20,0
108271,3413,2025-11-15 14:21,returned,credit_card,HOLIDAY20,0
108272,1149,2025-11-15 15:51,completed,credit_card,,0
108273,2901,2025-11-15 16:17,completed,apple_pay,,0
108274,3588,2025-11-15 16:56,completed,apple_pay,,0
108275,3216,2025-11-15 18:48,completed,credit_card,HOLIDAY20,0
108276,2086,2025-11-15 19:18,completed,credit_card,,0
108277,2151,2025-11-15 19:34,completed,credit_card,,6.95
108278,1328,2025-11-15 19:38,completed,apple_pay,,0
108279,1463,2025-11-15 20:22,completed,credit_card,HOLIDAY20,0
108280,1718,2025-11-15 20:51,completed,credit_card,HOLIDAY20,0
108281,2859,2025-11-15 21:41,completed,credit_card,HOLIDAY20,6.95
108282,1835,2025-11-15 22:21,completed,gift_card,,6.95
108283,307,2025-11-16 06:33,canceled,credit_card,,0
108284,2828,2025-11-16 08:11,completed,credit_card,WELCOME10,0
108285,2110,2025-11-16 08:17,completed,credit_card,,0
108286,803,2025-11-16 09:06,completed,credit_card,,0
108287,1141,2025-11-16 09:18,completed,credit_card,HOLIDAY20,0
108288,1658,2025-11-16 10:09,completed,credit_card,,0
108289,1460,2025-11-16 10:11,completed,apple_pay,HOLIDAY20,0
108290,1666,2025-11-16 10:33,completed,paypal,,0
108291,2487,2025-11-16 11:11,completed,credit_card,,0
108292,721,2025-11-16 11:12,completed,credit_card,HOLIDAY20,6.95
108293,3554,2025-11-16 11:41,completed,apple_pay,HOLIDAY20,6.95
108294,1926,2025-11-16 12:20,completed,credit_card,,0
108295,1659,2025-11-16 13:29,completed,credit_card,,0
108296,1710,2025-11-16 13:47,completed,apple_pay,HOLIDAY20,6.95
108297,557,2025-11-16 13:48,completed,credit_card,,0
108298,3219,2025-11-16 14:42,completed,credit_card,,0
108299,443,2025-11-16 16:06,completed,credit_card,HOLIDAY20,6.95
108300,3248,2025-11-16 16:38,completed,credit_card,,0
108301,1256,2025-11-16 17:30,returned,paypal,,0
108302,2887,2025-11-16 18:17,completed,credit_card,HOLIDAY20,0
108303,13,2025-11-16 18:22,completed,credit_card,,0
108304,1230,2025-11-16 18:50,completed,apple_pay,,0
108305,2877,2025-11-16 19:15,completed,credit_card,HOLIDAY20,0
108306,2227,2025-11-16 20:32,completed,paypal,HOLIDAY20,0
108307,2375,2025-11-16 20:47,completed,credit_card,,0
108308,1632,2025-11-16 23:50,completed,apple_pay,HOLIDAY20,6.95
108309,3503,2025-11-17 09:33,returned,credit_card,,0
108310,863,2025-11-17 11:47,completed,paypal,,0
108311,225,2025-11-17 12:17,completed,credit_card,HOLIDAY20,6.95
108312,1466,2025-11-17 13:15,completed,credit_card,,0
108313,1360,2025-11-17 14:22,completed,credit_card,,0
108314,2856,2025-11-17 15:17,completed,paypal,,0
108315,1693,2025-11-17 15:25,completed,credit_card,,0
108316,1589,2025-11-17 18:53,completed,credit_card,WELCOME10,0
108317,123,2025-11-17 19:27,completed,credit_card,,0
108318,2013,2025-11-17 19:57,completed,credit_card,,0
108319,3177,2025-11-17 20:18,completed,apple_pay,HOLIDAY20,6.95
108320,1248,2025-11-17 21:44,completed,credit_card,,0
108321,487,2025-11-17 22:09,completed,paypal,,6.95
108322,489,2025-11-17 22:59,canceled,credit_card,HOLIDAY20,0
108323,1875,2025-11-17 23:11,completed,credit_card,,0
108324,2013,2025-11-17 23:43,completed,apple_pay,HOLIDAY20,0
108325,13,2025-11-17 23:45,completed,credit_card,HOLIDAY20,6.95
108326,462,2025-11-18 06:20,completed,paypal,,0
108327,3452,2025-11-18 06:29,completed,credit_card,,0
108328,407,2025-11-18 06:49,completed,credit_card,,0
108329,2867,2025-11-18 06:56,completed,credit_card,HOLIDAY20,0
108330,1250,2025-11-18 08:10,completed,credit_card,HOLIDAY20,0
108331,1633,2025-11-18 08:22,completed,credit_card,,6.95
108332,1061,2025-11-18 10:03,completed,credit_card,,0
108333,1443,2025-11-18 10:57,completed,paypal,,0
108334,594,2025-11-18 11:39,completed,apple_pay,HOLIDAY20,0
108335,1865,2025-11-18 15:26,completed,credit_card,HOLIDAY20,0
108336,3375,2025-11-18 15:35,completed,credit_card,,0
108337,2743,2025-11-18 15:45,completed,apple_pay,HOLIDAY20,0
108338,2982,2025-11-18 17:06,completed,gift_card,,0
108339,2828,2025-11-18 18:52,completed,credit_card,HOLIDAY20,0
108340,1297,2025-11-18 20:17,completed,credit_card,,0
108341,3429,2025-11-18 20:35,completed,paypal,HOLIDAY20,0
108342,2613,2025-11-18 21:28,completed,credit_card,HOLIDAY20,6.95
108343,2679,2025-11-18 21:53,completed,gift_card,,0
108344,521,2025-11-18 22:31,completed,credit_card,,6.95
108345,295,2025-11-18 23:33,completed,paypal,,0
108346,101,2025-11-18 23:38,completed,credit_card,,0
108347,2434,2025-11-19 07:02,completed,credit_card,,0
108348,3122,2025-11-19 07:59,completed,credit_card,,6.95
108349,2151,2025-11-19 08:04,completed,credit_card,,0
108350,1328,2025-11-19 08:07,completed,credit_card,,0
108351,2433,2025-11-19 10:12,completed,credit_card,HOLIDAY20,0
108352,2227,2025-11-19 10:36,completed,paypal,HOLIDAY20,0
108353,2884,2025-11-19 12:52,completed,credit_card,,0
108354,2857,2025-11-19 13:02,completed,credit_card,,0
108355,1443,2025-11-19 14:12,completed,credit_card,,0
108356,213,2025-11-19 15:33,completed,credit_card,HOLIDAY20,0
108357,1227,2025-11-19 15:52,completed,gift_card,,0
108358,2786,2025-11-19 16:12,completed,credit_card,HOLIDAY20,0
108359,943,2025-11-19 16:57,completed,apple_pay,HOLIDAY20,6.95
108360,445,2025-11-19 17:40,completed,credit_card,HOLIDAY20,6.95
108361,1073,2025-11-19 17:41,completed,credit_card,,0
108362,1974,2025-11-19 20:54,completed,apple_pay,,0
108363,2062,2025-11-19 21:52,completed,paypal,,0
108364,319,2025-11-20 06:02,completed,credit_card,,0
108365,2679,2025-11-20 07:12,returned,apple_pay,,0
108366,2164,2025-11-20 07:15,completed,credit_card,,0
108367,2008,2025-11-20 07:43,completed,apple_pay,,0
108368,1961,2025-11-20 07:56,completed,credit_card,,0
108369,549,2025-11-20 08:48,completed,credit_card,HOLIDAY20,0
108370,579,2025-11-20 12:59,completed,paypal,,0
108371,1536,2025-11-20 14:08,completed,credit_card,HOLIDAY20,6.95
108372,2911,2025-11-20 14:18,completed,credit_card,,0
108373,266,2025-11-20 14:48,completed,credit_card,,0
108374,849,2025-11-20 16:53,completed,paypal,HOLIDAY20,0
108375,2658,2025-11-20 16:57,completed,apple_pay,,0
101813,464,2024-06-23 07:28,completed,credit_card,,0
108376,2191,2025-11-20 18:09,completed,credit_card,,0
108377,2457,2025-11-20 19:13,completed,apple_pay,HOLIDAY20,6.95
108378,1622,2025-11-20 19:30,completed,apple_pay,,0
108379,2273,2025-11-20 22:29,returned,credit_card,HOLIDAY20,0
108380,94,2025-11-20 23:15,canceled,credit_card,,0
108381,2538,2025-11-21 06:04,completed,credit_card,HOLIDAY20,0
108382,675,2025-11-21 07:25,completed,credit_card,HOLIDAY20,0
108383,1532,2025-11-21 07:27,canceled,credit_card,HOLIDAY20,0
108384,1564,2025-11-21 07:56,completed,gift_card,,0
108385,2620,2025-11-21 08:40,completed,credit_card,HOLIDAY20,0
108386,2302,2025-11-21 09:03,completed,paypal,HOLIDAY20,6.95
108387,398,2025-11-21 09:57,completed,credit_card,HOLIDAY20,6.95
108388,752,2025-11-21 10:52,completed,credit_card,HOLIDAY20,6.95
108389,1026,2025-11-21 11:21,completed,paypal,HOLIDAY20,0
108390,1487,2025-11-21 15:10,completed,paypal,,0
108391,938,2025-11-21 15:31,completed,credit_card,,0
108392,3429,2025-11-21 18:04,completed,apple_pay,,0
108393,3597,2025-11-21 18:07,completed,paypal,,0
108394,2857,2025-11-21 20:37,completed,credit_card,WELCOME10,0
108395,1815,2025-11-21 21:41,completed,credit_card,HOLIDAY20,0
108396,2271,2025-11-21 22:32,completed,gift_card,,0
108397,302,2025-11-22 09:27,completed,credit_card,,0
108398,1003,2025-11-22 09:43,completed,credit_card,,0
108399,2039,2025-11-22 10:11,completed,credit_card,,0
108400,2379,2025-11-22 10:53,completed,credit_card,,6.95
108401,3347,2025-11-22 11:24,completed,apple_pay,,6.95
108402,3452,2025-11-22 11:27,completed,credit_card,HOLIDAY20,0
108403,3392,2025-11-22 12:00,completed,paypal,HOLIDAY20,0
108404,1376,2025-11-22 14:43,completed,credit_card,,0
108405,2232,2025-11-22 15:00,completed,gift_card,,0
108406,2939,2025-11-22 17:44,completed,paypal,,0
108407,678,2025-11-22 17:45,completed,credit_card,,0
108408,1040,2025-11-22 18:00,completed,credit_card,HOLIDAY20,0
108409,728,2025-11-22 19:47,completed,apple_pay,,0
108410,1648,2025-11-22 20:07,completed,paypal,HOLIDAY20,6.95
108411,2492,2025-11-22 21:06,completed,paypal,HOLIDAY20,0
108412,2302,2025-11-22 21:42,completed,credit_card,,0
108413,3530,2025-11-22 22:52,completed,paypal,,0
108414,2292,2025-11-23 06:10,completed,apple_pay,HOLIDAY20,0
108415,1267,2025-11-23 07:41,completed,credit_card,HOLIDAY20,0
108416,1168,2025-11-23 09:08,completed,apple_pay,,6.95
108417,2185,2025-11-23 09:08,completed,credit_card,HOLIDAY20,0
108418,886,2025-11-23 11:26,completed,paypal,,0
108419,2097,2025-11-23 11:57,completed,credit_card,HOLIDAY20,0
108420,3275,2025-11-23 12:45,canceled,paypal,,0
108421,2383,2025-11-23 16:38,completed,credit_card,,6.95
108422,2844,2025-11-23 16:45,completed,credit_card,HOLIDAY20,0
108423,1561,2025-11-23 17:59,completed,paypal,HOLIDAY20,0
108424,1898,2025-11-23 18:31,completed,credit_card,HOLIDAY20,0
108425,2796,2025-11-23 19:14,completed,credit_card,HOLIDAY20,6.95
108426,3169,2025-11-23 19:41,completed,credit_card,,0
108427,528,2025-11-23 19:55,completed,credit_card,,0
108428,1707,2025-11-23 21:12,completed,paypal,,0
108429,579,2025-11-23 21:52,canceled,apple_pay,HOLIDAY20,0
108430,1321,2025-11-23 23:43,completed,paypal,,0
108431,2838,2025-11-24 06:37,completed,credit_card,WELCOME10,0
108432,2402,2025-11-24 07:07,completed,paypal,,6.95
108433,1102,2025-11-24 08:46,completed,credit_card,,0
108434,393,2025-11-24 09:26,completed,credit_card,,0
108435,3556,2025-11-24 10:00,completed,credit_card,HOLIDAY20,0
108436,1392,2025-11-24 10:16,completed,credit_card,,0
108437,1619,2025-11-24 10:49,completed,gift_card,,0
108438,2743,2025-11-24 11:06,completed,credit_card,,0
108439,649,2025-11-24 11:25,completed,credit_card,,0
108440,3292,2025-11-24 12:29,completed,credit_card,HOLIDAY20,0
108441,192,2025-11-24 12:37,completed,apple_pay,,0
108442,1813,2025-11-24 12:52,completed,credit_card,,0
108443,2170,2025-11-24 13:03,completed,credit_card,HOLIDAY20,0
108444,1209,2025-11-24 13:22,completed,paypal,HOLIDAY20,0
108445,626,2025-11-24 13:37,returned,credit_card,HOLIDAY20,6.95
108446,2380,2025-11-24 14:47,completed,credit_card,HOLIDAY20,0
108447,407,2025-11-24 15:02,completed,credit_card,HOLIDAY20,0
108448,3014,2025-11-24 15:31,completed,credit_card,,6.95
108449,49,2025-11-24 15:41,completed,paypal,HOLIDAY20,0
108450,3018,2025-11-24 15:46,completed,credit_card,,0
108451,1813,2025-11-24 15:49,completed,credit_card,HOLIDAY20,6.95
108452,2004,2025-11-24 16:02,completed,credit_card,WELCOME10,0
108453,3142,2025-11-24 16:39,completed,paypal,HOLIDAY20,0
108454,1902,2025-11-24 16:55,canceled,apple_pay,,0
108455,55,2025-11-24 17:33,completed,apple_pay,,6.95
108456,1315,2025-11-24 18:57,completed,apple_pay,,0
108457,2151,2025-11-24 19:02,completed,credit_card,,6.95
108458,88,2025-11-24 21:33,completed,paypal,,0
108459,403,2025-11-24 22:33,completed,paypal,HOLIDAY20,6.95
108460,1995,2025-11-24 23:49,canceled,credit_card,,0
108461,803,2025-11-25 06:39,completed,apple_pay,HOLIDAY20,0
108462,1557,2025-11-25 07:39,completed,paypal,HOLIDAY20,0
108463,339,2025-11-25 08:41,completed,apple_pay,,0
108464,41,2025-11-25 08:46,completed,credit_card,,0
108465,1478,2025-11-25 09:35,completed,credit_card,HOLIDAY20,6.95
108466,427,2025-11-25 09:38,completed,apple_pay,,0
108467,1026,2025-11-25 10:30,completed,paypal,,6.95
108468,3490,2025-11-25 11:23,completed,credit_card,,0
108469,1466,2025-11-25 11:47,completed,gift_card,,0
108470,614,2025-11-25 11:48,completed,credit_card,,0
108471,2901,2025-11-25 12:02,completed,credit_card,HOLIDAY20,0
108472,1035,2025-11-25 12:47,completed,credit_card,,0
108473,1448,2025-11-25 12:47,completed,apple_pay,,0
108474,2851,2025-11-25 13:06,completed,gift_card,,6.95
108475,800,2025-11-25 13:06,completed,credit_card,,0
108476,1344,2025-11-25 13:09,completed,credit_card,HOLIDAY20,0
108477,2153,2025-11-25 13:20,completed,credit_card,,0
108478,2693,2025-11-25 13:53,completed,paypal,,6.95
108479,2009,2025-11-25 14:07,completed,apple_pay,,0
108480,704,2025-11-25 14:19,completed,credit_card,WELCOME10,0
108481,668,2025-11-25 14:59,completed,paypal,,0
108482,135,2025-11-25 15:03,returned,credit_card,,0
108483,317,2025-11-25 15:06,returned,credit_card,,0
108484,1551,2025-11-25 15:08,completed,credit_card,,6.95
108485,301,2025-11-25 15:10,returned,credit_card,,0
108486,890,2025-11-25 15:21,completed,credit_card,,0
108487,2361,2025-11-25 15:55,completed,credit_card,,6.95
108488,2056,2025-11-25 16:31,completed,credit_card,,6.95
108489,65,2025-11-25 16:34,completed,gift_card,HOLIDAY20,0
108490,3489,2025-11-25 16:40,completed,credit_card,,0
108491,1673,2025-11-25 16:40,completed,credit_card,,0
108492,1891,2025-11-25 16:43,completed,paypal,,0
108493,2187,2025-11-25 16:58,completed,paypal,HOLIDAY20,0
108494,1691,2025-11-25 17:18,completed,apple_pay,,0
108495,1820,2025-11-25 17:40,completed,apple_pay,HOLIDAY20,0
108496,2906,2025-11-25 17:51,completed,apple_pay,HOLIDAY20,0
108497,1705,2025-11-25 18:12,completed,credit_card,,6.95
108498,668,2025-11-25 19:16,completed,paypal,,0
108499,2984,2025-11-25 19:45,completed,credit_card,,0
108500,2485,2025-11-25 20:09,completed,credit_card,,0
108501,271,2025-11-25 20:14,completed,credit_card,,0
108502,2424,2025-11-25 20:16,completed,credit_card,HOLIDAY20,0
108503,2385,2025-11-25 20:52,completed,credit_card,HOLIDAY20,6.95
108504,3126,2025-11-25 20:53,completed,paypal,HOLIDAY20,6.95
108505,886,2025-11-25 22:40,completed,credit_card,,0
108506,1026,2025-11-25 23:02,completed,apple_pay,HOLIDAY20,0
108507,591,2025-11-25 23:11,completed,credit_card,HOLIDAY20,0
108508,3169,2025-11-25 23:17,canceled,apple_pay,,0
108509,1295,2025-11-26 06:43,completed,paypal,WELCOME10,6.95
108510,3557,2025-11-26 07:04,completed,credit_card,,0
108511,991,2025-11-26 07:28,completed,paypal,,0
108512,719,2025-11-26 07:35,completed,credit_card,HOLIDAY20,6.95
108513,2271,2025-11-26 08:17,completed,apple_pay,,6.95
108514,1870,2025-11-26 08:35,canceled,paypal,,0
108515,23,2025-11-26 08:39,completed,paypal,HOLIDAY20,6.95
108516,2110,2025-11-26 09:48,completed,credit_card,HOLIDAY20,0
108517,917,2025-11-26 09:54,completed,credit_card,,6.95
108518,443,2025-11-26 10:42,completed,credit_card,,6.95
108519,2208,2025-11-26 11:40,completed,credit_card,,0
108520,2691,2025-11-26 11:45,returned,paypal,HOLIDAY20,6.95
108521,802,2025-11-26 13:13,completed,apple_pay,,0
108522,3122,2025-11-26 13:45,completed,apple_pay,,6.95
108523,1874,2025-11-26 14:18,completed,apple_pay,,0
108524,13,2025-11-26 14:25,completed,paypal,,0
108525,3306,2025-11-26 14:28,completed,credit_card,,0
108526,2100,2025-11-26 15:16,completed,credit_card,HOLIDAY20,6.95
108527,3147,2025-11-26 15:44,completed,credit_card,,0
108528,832,2025-11-26 15:54,completed,paypal,HOLIDAY20,6.95
100048,3320,2024-01-06 16:37,completed,credit_card,,6.95
108529,2946,2025-11-26 17:06,completed,gift_card,,0
108530,2710,2025-11-26 18:10,completed,credit_card,HOLIDAY20,0
108531,3490,2025-11-26 19:18,completed,apple_pay,,0
108532,2027,2025-11-26 19:40,returned,credit_card,,0
108533,3172,2025-11-26 20:24,completed,credit_card,,0
108534,2980,2025-11-26 20:58,completed,credit_card,HOLIDAY20,6.95
108535,2320,2025-11-26 21:06,completed,credit_card,HOLIDAY20,0
108536,1411,2025-11-26 21:36,completed,apple_pay,,6.95
108537,279,2025-11-26 21:48,completed,paypal,,0
108538,2187,2025-11-26 22:04,completed,credit_card,HOLIDAY20,0
108539,924,2025-11-26 22:15,completed,credit_card,,0
108540,943,2025-11-26 23:06,completed,paypal,,0
108541,2615,2025-11-26 23:32,completed,credit_card,,0
108542,1629,2025-11-26 23:38,completed,apple_pay,,0
108543,914,2025-11-27 06:34,completed,gift_card,HOLIDAY20,0
108544,231,2025-11-27 06:36,completed,paypal,,0
108545,2027,2025-11-27 07:01,canceled,paypal,HOLIDAY20,0
108546,720,2025-11-27 07:03,completed,credit_card,,0
108547,779,2025-11-27 07:13,completed,paypal,,6.95
108548,3413,2025-11-27 07:30,completed,credit_card,HOLIDAY20,0
108549,1293,2025-11-27 08:52,completed,paypal,HOLIDAY20,0
108550,2796,2025-11-27 09:20,completed,apple_pay,HOLIDAY20,0
108551,648,2025-11-27 09:58,completed,apple_pay,,0
108552,1478,2025-11-27 11:07,completed,credit_card,,6.95
108553,947,2025-11-27 11:29,completed,gift_card,,6.95
108554,2185,2025-11-27 11:35,completed,credit_card,,6.95
108555,2787,2025-11-27 11:43,completed,apple_pay,HOLIDAY20,6.95
108556,1996,2025-11-27 12:40,completed,paypal,HOLIDAY20,0
108557,2413,2025-11-27 13:58,completed,apple_pay,HOLIDAY20,0
108558,943,2025-11-27 15:57,completed,paypal,HOLIDAY20,6.95
108559,382,2025-11-27 16:46,completed,credit_card,HOLIDAY20,0
108560,260,2025-11-27 17:51,completed,paypal,,0
108561,647,2025-11-27 18:04,completed,credit_card,,0
108562,627,2025-11-27 18:36,completed,credit_card,,0
108563,3149,2025-11-27 18:43,completed,paypal,HOLIDAY20,0
108564,1091,2025-11-27 19:20,completed,credit_card,HOLIDAY20,0
108565,1673,2025-11-27 19:22,completed,credit_card,,0
108566,1011,2025-11-27 19:41,completed,credit_card,,0
108567,2715,2025-11-27 19:57,completed,credit_card,HOLIDAY20,0
108568,2538,2025-11-27 21:01,completed,gift_card,,0
108569,493,2025-11-27 21:01,completed,apple_pay,,0
108570,1843,2025-11-27 22:19,completed,credit_card,,0
108571,498,2025-11-27 22:36,completed,paypal,,6.95
108572,3401,2025-11-27 22:43,completed,paypal,,0
108573,1760,2025-11-28 06:10,completed,credit_card,,0
108574,848,2025-11-28 07:43,completed,apple_pay,HOLIDAY20,0
108575,3062,2025-11-28 08:48,completed,credit_card,,0
108576,1589,2025-11-28 08:53,completed,apple_pay,,0
108577,2485,2025-11-28 09:03,returned,credit_card,,0
108578,1887,2025-11-28 09:17,completed,credit_card,,0
108579,3557,2025-11-28 09:44,completed,apple_pay,HOLIDAY20,0
108580,3421,2025-11-28 09:47,completed,apple_pay,HOLIDAY20,0
108581,551,2025-11-28 11:35,completed,credit_card,,6.95
108582,2793,2025-11-28 11:39,completed,paypal,,0
108583,1297,2025-11-28 12:12,completed,paypal,,6.95
108584,1205,2025-11-28 12:22,completed,credit_card,HOLIDAY20,6.95
108585,1995,2025-11-28 12:43,completed,apple_pay,HOLIDAY20,0
108586,977,2025-11-28 14:07,completed,paypal,,0
108587,3122,2025-11-28 14:09,completed,credit_card,,0
108588,922,2025-11-28 14:12,completed,credit_card,,0
108589,302,2025-11-28 15:43,completed,paypal,HOLIDAY20,0
108590,1691,2025-11-28 16:19,completed,credit_card,,0
108591,2027,2025-11-28 16:38,completed,credit_card,,6.95
108592,3014,2025-11-28 17:02,completed,credit_card,,0
108593,982,2025-11-28 17:39,completed,apple_pay,HOLIDAY20,0
108594,1847,2025-11-28 17:55,completed,paypal,,0
108595,1532,2025-11-28 17:59,completed,credit_card,HOLIDAY20,0
105006,384,2025-03-11 22:13,completed,credit_card,,0
108596,3275,2025-11-28 18:38,completed,credit_card,HOLIDAY20,0
108597,2433,2025-11-28 18:52,completed,gift_card,HOLIDAY20,0
108598,1267,2025-11-28 18:54,completed,gift_card,,6.95
108599,1344,2025-11-28 19:56,completed,paypal,HOLIDAY20,0
108600,2101,2025-11-28 20:08,completed,paypal,,6.95
108601,1153,2025-11-28 20:46,completed,credit_card,,0
108602,1166,2025-11-28 21:07,canceled,credit_card,,0
108603,972,2025-11-28 22:19,completed,credit_card,,6.95
108604,1265,2025-11-28 22:24,completed,credit_card,HOLIDAY20,6.95
108605,3216,2025-11-28 23:11,completed,paypal,HOLIDAY20,0
108606,13,2025-11-28 23:32,completed,apple_pay,,0
108607,1835,2025-11-29 06:03,completed,credit_card,,0
108608,2173,2025-11-29 06:21,completed,credit_card,HOLIDAY20,0
108609,280,2025-11-29 07:24,completed,credit_card,,0
108610,135,2025-11-29 07:32,completed,paypal,HOLIDAY20,0
108611,648,2025-11-29 07:48,completed,credit_card,HOLIDAY20,6.95
108612,2729,2025-11-29 08:05,completed,credit_card,,0
108613,427,2025-11-29 08:10,completed,paypal,WELCOME10,6.95
108614,2816,2025-11-29 08:28,completed,credit_card,,6.95
108615,487,2025-11-29 08:33,completed,paypal,HOLIDAY20,6.95
108616,2254,2025-11-29 08:55,completed,credit_card,HOLIDAY20,6.95
108617,1890,2025-11-29 09:22,completed,credit_card,,6.95
108618,1079,2025-11-29 09:30,completed,credit_card,,6.95
108619,2440,2025-11-29 10:12,completed,credit_card,,0
108620,3098,2025-11-29 12:04,completed,credit_card,HOLIDAY20,0
108621,2516,2025-11-29 12:18,completed,credit_card,,0
108622,1616,2025-11-29 12:20,completed,apple_pay,,6.95
108623,372,2025-11-29 13:19,returned,credit_card,,0
108624,1717,2025-11-29 13:27,completed,credit_card,HOLIDAY20,6.95
108625,3095,2025-11-29 13:28,completed,credit_card,,0
108626,187,2025-11-29 13:30,completed,credit_card,,0
108627,2334,2025-11-29 13:47,completed,paypal,,0
108628,2737,2025-11-29 13:50,completed,apple_pay,,0
108629,1026,2025-11-29 13:50,completed,paypal,HOLIDAY20,0
108630,1649,2025-11-29 14:30,completed,credit_card,,6.95
108631,2440,2025-11-29 14:38,completed,paypal,HOLIDAY20,0
108632,1324,2025-11-29 14:43,completed,credit_card,,0
108633,403,2025-11-29 14:50,completed,paypal,,0
108634,2770,2025-11-29 15:03,completed,credit_card,HOLIDAY20,0
108635,2039,2025-11-29 15:06,completed,apple_pay,,0
108636,2613,2025-11-29 15:13,completed,credit_card,,0
108637,920,2025-11-29 16:32,returned,apple_pay,HOLIDAY20,6.95
108638,2436,2025-11-29 16:57,completed,credit_card,,6.95
108639,1626,2025-11-29 17:10,completed,paypal,,0
108640,1635,2025-11-29 17:57,completed,credit_card,,0
108641,2787,2025-11-29 18:02,completed,credit_card,,0
108642,1368,2025-11-29 18:16,completed,credit_card,,0
108643,2172,2025-11-29 18:18,completed,credit_card,HOLIDAY20,0
108644,2271,2025-11-29 19:07,completed,paypal,WELCOME10,0
108645,2588,2025-11-29 19:33,completed,credit_card,,0
108646,2834,2025-11-29 19:53,returned,paypal,,0
108647,2828,2025-11-29 20:03,completed,paypal,,0
108648,742,2025-11-29 20:03,returned,credit_card,,0
108649,2153,2025-11-29 21:15,completed,paypal,HOLIDAY20,0
108650,2697,2025-11-29 21:51,returned,gift_card,HOLIDAY20,0
108651,934,2025-11-29 21:55,completed,apple_pay,,0
108652,3423,2025-11-29 22:39,completed,paypal,HOLIDAY20,6.95
108653,3098,2025-11-29 22:59,completed,apple_pay,HOLIDAY20,0
108654,3456,2025-11-29 23:30,completed,apple_pay,HOLIDAY20,6.95
108655,1485,2025-11-29 23:49,completed,credit_card,HOLIDAY20,0
108656,886,2025-11-29 23:50,completed,paypal,,0
108657,1416,2025-11-29 23:51,completed,credit_card,,6.95
108658,2027,2025-11-30 06:11,completed,apple_pay,,0
108659,3416,2025-11-30 06:17,completed,paypal,HOLIDAY20,0
108660,52,2025-11-30 06:33,completed,credit_card,HOLIDAY20,0
108661,383,2025-11-30 06:54,completed,gift_card,HOLIDAY20,0
108662,192,2025-11-30 06:55,completed,paypal,,0
108663,938,2025-11-30 07:26,completed,credit_card,HOLIDAY20,0
108664,914,2025-11-30 08:16,completed,credit_card,,0
108585,1995,2025-11-28 12:43,completed,apple_pay,HOLIDAY20,0
108665,1652,2025-11-30 08:27,completed,credit_card,HOLIDAY20,0
108666,3585,2025-11-30 10:53,completed,credit_card,,6.95
108667,1269,2025-11-30 11:22,completed,credit_card,WELCOME10,0
108668,1681,2025-11-30 11:24,completed,gift_card,,0
108669,382,2025-11-30 11:27,completed,credit_card,HOLIDAY20,6.95
108670,2009,2025-11-30 11:37,completed,credit_card,,0
108671,2982,2025-11-30 11:39,completed,gift_card,,0
108672,266,2025-11-30 11:49,returned,gift_card,,0
108673,832,2025-11-30 12:43,completed,credit_card,,0
108674,3452,2025-11-30 13:09,completed,credit_card,,0
108675,2562,2025-11-30 14:15,completed,apple_pay,,0
108676,590,2025-11-30 14:47,completed,paypal,,0
108677,1648,2025-11-30 15:37,completed,credit_card,,0
108678,3474,2025-11-30 15:56,completed,credit_card,,0
108679,1985,2025-11-30 16:42,completed,credit_card,,0
108680,1443,2025-11-30 16:53,completed,paypal,,0
108681,364,2025-11-30 17:15,completed,paypal,,0
108682,1250,2025-11-30 17:19,completed,credit_card,,0
108683,2516,2025-11-30 18:23,completed,credit_card,,0
108684,3239,2025-11-30 18:48,completed,credit_card,,0
108685,422,2025-11-30 19:19,completed,credit_card,,6.95
108686,1958,2025-11-30 19:42,completed,credit_card,HOLIDAY20,0
108687,971,2025-11-30 20:19,completed,gift_card,,0
108688,2714,2025-11-30 20:47,canceled,credit_card,,0
108689,388,2025-11-30 20:55,completed,credit_card,,0
108690,1803,2025-11-30 21:15,completed,gift_card,HOLIDAY20,0
108691,2388,2025-11-30 22:05,completed,credit_card,,0
108692,2048,2025-11-30 22:57,completed,credit_card,,0
108693,1629,2025-11-30 23:03,completed,paypal,,0
108694,3229,2025-11-30 23:10,completed,gift_card,,6.95
108695,447,2025-11-30 23:31,returned,credit_card,,0
108696,689,2025-11-30 23:38,completed,paypal,,0
108697,2243,2025-12-01 07:47,completed,apple_pay,HOLIDAY20,0
108698,2428,2025-12-01 07:58,completed,credit_card,HOLIDAY20,0
108699,3094,2025-12-01 11:53,completed,apple_pay,,6.95
108700,594,2025-12-01 13:29,completed,paypal,,0
108701,1334,2025-12-01 14:52,completed,credit_card,HOLIDAY20,0
108702,2470,2025-12-01 16:08,completed,paypal,HOLIDAY20,0
107493,1664,2025-09-21 23:42,completed,apple_pay,,6.95
108703,2739,2025-12-01 16:18,returned,credit_card,,0
108704,2286,2025-12-01 20:18,completed,credit_card,,6.95
108705,2917,2025-12-01 20:40,completed,credit_card,,6.95
108706,2088,2025-12-01 21:26,completed,apple_pay,HOLIDAY20,6.95
108707,2989,2025-12-01 22:38,completed,apple_pay,,6.95
108708,595,2025-12-02 07:55,returned,apple_pay,,6.95
108709,271,2025-12-02 08:06,completed,credit_card,,0
108710,641,2025-12-02 08:27,completed,credit_card,,0
108711,2428,2025-12-02 08:39,completed,apple_pay,,0
108712,982,2025-12-02 10:13,completed,paypal,,0
108713,3149,2025-12-02 10:50,completed,credit_card,HOLIDAY20,0
108714,317,2025-12-02 11:37,completed,credit_card,,0
108715,2924,2025-12-02 13:26,completed,credit_card,,0
108716,1241,2025-12-02 15:26,completed,apple_pay,HOLIDAY20,6.95
108717,1101,2025-12-02 15:34,completed,credit_card,HOLIDAY20,6.95
108718,3282,2025-12-02 15:43,completed,credit_card,,6.95
108719,1162,2025-12-02 16:37,completed,credit_card,HOLIDAY20,0
108720,943,2025-12-02 19:08,completed,credit_card,,0
108721,2424,2025-12-02 20:01,completed,credit_card,HOLIDAY20,6.95
108722,1803,2025-12-02 20:54,completed,credit_card,HOLIDAY20,0
108723,987,2025-12-02 21:43,completed,credit_card,HOLIDAY20,6.95
108724,576,2025-12-03 06:06,completed,credit_card,,6.95
108725,48,2025-12-03 07:13,completed,paypal,HOLIDAY20,0
108726,1223,2025-12-03 07:54,completed,credit_card,HOLIDAY20,0
108727,3423,2025-12-03 09:01,completed,credit_card,HOLIDAY20,0
108728,3177,2025-12-03 09:14,completed,credit_card,,0
108729,1858,2025-12-03 09:41,completed,apple_pay,HOLIDAY20,6.95
108730,2485,2025-12-03 09:42,canceled,credit_card,,0
108731,2532,2025-12-03 09:52,completed,credit_card,HOLIDAY20,0
108732,1718,2025-12-03 10:06,completed,credit_card,,0
108733,1682,2025-12-03 10:23,completed,apple_pay,HOLIDAY20,6.95
108734,1029,2025-12-03 10:35,completed,apple_pay,HOLIDAY20,0
108735,138,2025-12-03 11:59,completed,paypal,,0
108736,3264,2025-12-03 12:49,completed,apple_pay,,0
108737,2834,2025-12-03 13:41,canceled,paypal,,0
108738,1436,2025-12-03 13:48,completed,credit_card,,0
108739,2498,2025-12-03 14:47,completed,credit_card,,6.95
108740,1726,2025-12-03 16:09,completed,credit_card,,6.95
108741,2048,2025-12-03 16:17,returned,credit_card,HOLIDAY20,6.95
108742,1642,2025-12-03 17:42,completed,paypal,,0
108743,1682,2025-12-03 21:44,completed,apple_pay,,0
108744,1805,2025-12-03 23:12,canceled,credit_card,HOLIDAY20,0
108745,2579,2025-12-03 23:49,completed,apple_pay,,0
108746,1242,2025-12-04 06:32,completed,credit_card,HOLIDAY20,0
108747,1365,2025-12-04 06:33,completed,apple_pay,,0
108748,2377,2025-12-04 07:28,completed,credit_card,,0
108749,1436,2025-12-04 10:16,completed,credit_card,,0
108750,649,2025-12-04 11:03,completed,credit_card,,0
108751,1363,2025-12-04 12:51,completed,apple_pay,,0
108752,1703,2025-12-04 12:52,completed,credit_card,,0
108753,2894,2025-12-04 13:26,completed,apple_pay,,0
108754,2080,2025-12-04 13:36,completed,credit_card,,0
108755,1878,2025-12-04 14:49,completed,gift_card,,0
108756,411,2025-12-04 15:06,completed,paypal,,6.95
108757,192,2025-12-04 15:09,completed,gift_card,HOLIDAY20,0
108758,885,2025-12-04 17:26,completed,paypal,,0
108759,2222,2025-12-04 18:11,completed,apple_pay,HOLIDAY20,6.95
108760,300,2025-12-04 18:22,completed,credit_card,,0
108761,385,2025-12-04 20:18,completed,apple_pay,HOLIDAY20,6.95
108762,803,2025-12-04 20:29,completed,paypal,,6.95
108763,1760,2025-12-04 22:12,completed,paypal,WELCOME10,0
108764,3250,2025-12-04 22:22,completed,credit_card,HOLIDAY20,6.95
108765,3131,2025-12-04 22:40,completed,credit_card,HOLIDAY20,6.95
108766,1433,2025-12-04 22:46,completed,apple_pay,,6.95
108767,1989,2025-12-04 22:55,completed,gift_card,,6.95
108768,1488,2025-12-04 22:56,completed,credit_card,,0
108769,1569,2025-12-04 22:58,completed,paypal,HOLIDAY20,0
108770,1243,2025-12-04 23:35,returned,gift_card,,0
108771,948,2025-12-04 23:41,completed,apple_pay,,6.95
108772,6,2025-12-05 07:09,completed,apple_pay,,0
108773,2770,2025-12-05 07:49,completed,gift_card,,0
108774,577,2025-12-05 08:09,completed,credit_card,,0
108775,2679,2025-12-05 08:15,completed,credit_card,HOLIDAY20,6.95
108776,454,2025-12-05 08:15,completed,credit_card,HOLIDAY20,0
108777,3339,2025-12-05 10:25,completed,paypal,,6.95
108778,2626,2025-12-05 11:39,completed,paypal,,0
108779,564,2025-12-05 12:03,completed,credit_card,,6.95
108780,3366,2025-12-05 12:49,completed,credit_card,HOLIDAY20,0
108781,1712,2025-12-05 13:39,completed,credit_card,,0
108782,2651,2025-12-05 14:48,completed,credit_card,HOLIDAY20,6.95
108783,2033,2025-12-05 15:25,completed,credit_card,HOLIDAY20,0
108784,2481,2025-12-05 15:32,completed,paypal,,0
108785,1184,2025-12-05 16:17,completed,paypal,,6.95
108786,2286,2025-12-05 16:35,returned,paypal,HOLIDAY20,0
108787,3449,2025-12-05 16:44,canceled,gift_card,,0
108788,1054,2025-12-05 20:00,completed,credit_card,,0
108789,17,2025-12-05 20:08,completed,credit_card,,0
108790,2353,2025-12-05 21:09,completed,credit_card,,0
108791,642,2025-12-05 21:20,completed,credit_card,HOLIDAY20,6.95
108792,2640,2025-12-05 21:26,completed,credit_card,HOLIDAY20,0
108793,972,2025-12-05 21:48,completed,apple_pay,,0
108794,3578,2025-12-05 21:56,completed,gift_card,,0
108795,2710,2025-12-05 22:16,completed,paypal,,6.95
108796,1887,2025-12-05 23:17,completed,paypal,,6.95
108797,727,2025-12-05 23:35,completed,apple_pay,,0
108798,3538,2025-12-06 06:51,completed,credit_card,,0
108799,922,2025-12-06 07:37,canceled,paypal,,0
108800,3470,2025-12-06 08:40,returned,credit_card,,0
108801,29,2025-12-06 08:53,completed,credit_card,,0
108802,1729,2025-12-06 09:02,completed,paypal,,0
108803,2838,2025-12-06 10:33,completed,credit_card,HOLIDAY20,0
108804,2698,2025-12-06 11:23,completed,apple_pay,,0
108805,2630,2025-12-06 11:24,completed,apple_pay,HOLIDAY20,0
108806,1223,2025-12-06 11:26,completed,gift_card,,0
108807,3405,2025-12-06 11:34,completed,credit_card,,0
108808,1269,2025-12-06 12:46,canceled,apple_pay,HOLIDAY20,0
108809,1311,2025-12-06 14:34,completed,credit_card,HOLIDAY20,6.95
108810,2715,2025-12-06 14:52,completed,paypal,HOLIDAY20,0
108811,2736,2025-12-06 15:29,completed,credit_card,WELCOME10,0
108812,687,2025-12-06 15:39,completed,credit_card,,0
108813,1448,2025-12-06 16:01,completed,apple_pay,,0
108814,1659,2025-12-06 17:38,completed,credit_card,,0
108815,3122,2025-12-06 19:21,completed,apple_pay,HOLIDAY20,0
108816,3346,2025-12-06 23:45,completed,credit_card,,0
108817,2314,2025-12-07 07:05,completed,paypal,,0
108818,2994,2025-12-07 07:15,completed,gift_card,HOLIDAY20,0
108819,3034,2025-12-07 10:43,completed,credit_card,HOLIDAY20,6.95
108820,1704,2025-12-07 11:06,completed,credit_card,,0
108821,1020,2025-12-07 11:25,completed,credit_card,,0
108822,2958,2025-12-07 11:31,completed,credit_card,,0
108823,2917,2025-12-07 13:06,canceled,paypal,HOLIDAY20,0
108824,1803,2025-12-07 13:32,completed,paypal,,0
108825,2377,2025-12-07 13:37,completed,credit_card,,0
108826,1702,2025-12-07 14:19,completed,credit_card,,0
108827,962,2025-12-07 16:05,canceled,gift_card,HOLIDAY20,6.95
108828,3189,2025-12-07 16:48,completed,gift_card,,0
108829,413,2025-12-07 16:55,completed,paypal,,0
108830,3371,2025-12-07 17:31,completed,credit_card,,0
108831,192,2025-12-07 20:20,completed,apple_pay,HOLIDAY20,0
108832,1433,2025-12-07 22:24,completed,paypal,,0
108833,1219,2025-12-07 22:35,completed,credit_card,,0
108834,2266,2025-12-07 22:45,completed,apple_pay,,6.95
108835,2926,2025-12-07 22:52,completed,credit_card,HOLIDAY20,6.95
108836,87,2025-12-08 06:06,completed,apple_pay,HOLIDAY20,6.95
108837,422,2025-12-08 09:11,completed,credit_card,,0
108838,3039,2025-12-08 11:16,completed,credit_card,,0
108839,2893,2025-12-08 11:28,completed,credit_card,,0
108840,187,2025-12-08 12:30,completed,credit_card,HOLIDAY20,0
108841,2491,2025-12-08 14:14,returned,credit_card,,0
108842,307,2025-12-08 14:18,completed,credit_card,,0
108843,947,2025-12-08 14:34,returned,gift_card,,0
108844,1995,2025-12-08 14:59,completed,credit_card,,0
108845,1831,2025-12-08 16:40,completed,gift_card,WELCOME10,0
108846,2245,2025-12-08 17:17,completed,apple_pay,HOLIDAY20,6.95
108847,2743,2025-12-08 18:00,completed,credit_card,,0
108848,1340,2025-12-08 19:16,completed,credit_card,HOLIDAY20,0
108849,2312,2025-12-08 20:21,completed,gift_card,HOLIDAY20,6.95
108850,2194,2025-12-08 21:48,completed,paypal,,0
108851,747,2025-12-08 21:54,completed,gift_card,HOLIDAY20,0
108852,3362,2025-12-08 22:09,returned,credit_card,,0
108853,2225,2025-12-08 22:27,completed,credit_card,,6.95
108854,2308,2025-12-08 23:18,returned,credit_card,,0
108855,983,2025-12-09 06:21,completed,credit_card,,6.95
108856,967,2025-12-09 07:33,completed,apple_pay,,0
108857,647,2025-12-09 09:06,completed,credit_card,HOLIDAY20,6.95
108858,2028,2025-12-09 13:01,completed,paypal,,0
108859,3306,2025-12-09 14:07,canceled,credit_card,,0
108860,512,2025-12-09 14:50,completed,paypal,,6.95
108861,1998,2025-12-09 14:56,completed,credit_card,,6.95
108862,1001,2025-12-09 16:15,completed,paypal,WELCOME10,0
108863,1793,2025-12-09 19:28,completed,credit_card,,0
108864,885,2025-12-09 21:15,completed,credit_card,,0
108865,2692,2025-12-09 23:06,completed,credit_card,,0
108866,1353,2025-12-10 07:50,completed,credit_card,,0
108867,19,2025-12-10 09:00,completed,paypal,,0
108868,1870,2025-12-10 10:53,completed,credit_card,,0
108869,405,2025-12-10 11:55,returned,credit_card,HOLIDAY20,0
108870,1898,2025-12-10 12:49,completed,credit_card,,0
108871,579,2025-12-10 13:28,completed,credit_card,HOLIDAY20,0
108872,601,2025-12-10 15:20,returned,credit_card,,0
108873,1473,2025-12-10 15:23,completed,credit_card,,0
108874,1964,2025-12-10 20:23,completed,credit_card,HOLIDAY20,6.95
108875,1464,2025-12-10 22:06,completed,credit_card,HOLIDAY20,0
108876,54,2025-12-10 22:15,completed,credit_card,HOLIDAY20,6.95
108877,1443,2025-12-10 23:43,completed,apple_pay,,0
108878,2579,2025-12-11 06:19,completed,paypal,,0
108879,890,2025-12-11 07:51,completed,credit_card,HOLIDAY20,0
108880,1508,2025-12-11 07:59,completed,credit_card,,0
108881,2571,2025-12-11 08:44,completed,credit_card,,0
108882,2511,2025-12-11 09:56,completed,credit_card,HOLIDAY20,0
108883,2371,2025-12-11 10:20,completed,paypal,,6.95
108884,3032,2025-12-11 12:00,completed,credit_card,,6.95
108885,1917,2025-12-11 12:04,returned,gift_card,,0
108886,1061,2025-12-11 13:12,completed,credit_card,HOLIDAY20,0
108887,3098,2025-12-11 14:31,completed,apple_pay,,6.95
108888,3412,2025-12-11 17:04,completed,credit_card,HOLIDAY20,0
108889,852,2025-12-11 19:06,completed,paypal,HOLIDAY20,6.95
108890,2700,2025-12-11 19:13,completed,credit_card,,0
108891,2323,2025-12-11 21:20,completed,credit_card,,0
108892,2414,2025-12-11 21:36,completed,paypal,HOLIDAY20,6.95
108893,2613,2025-12-11 21:55,completed,apple_pay,,0
108894,1313,2025-12-11 23:03,completed,gift_card,HOLIDAY20,0
108895,1443,2025-12-11 23:24,completed,credit_card,HOLIDAY20,0
108896,814,2025-12-11 23:40,completed,credit_card,,0
108897,1956,2025-12-12 08:59,completed,credit_card,,6.95
108898,3373,2025-12-12 09:29,completed,credit_card,,0
108899,501,2025-12-12 13:47,completed,credit_card,,0
108900,2413,2025-12-12 14:00,completed,paypal,,0
108901,1890,2025-12-12 14:03,completed,credit_card,,0
108902,2457,2025-12-12 15:55,canceled,apple_pay,,0
108903,271,2025-12-12 16:40,canceled,gift_card,,0
108904,967,2025-12-12 18:17,completed,paypal,HOLIDAY20,0
108905,443,2025-12-12 19:36,completed,gift_card,,0
108906,294,2025-12-12 20:38,completed,apple_pay,,6.95
108907,2901,2025-12-12 21:42,completed,credit_card,HOLIDAY20,0
108908,2008,2025-12-12 21:54,completed,credit_card,WELCOME10,0
108909,3306,2025-12-13 06:53,completed,credit_card,,6.95
108910,1149,2025-12-13 06:53,completed,credit_card,,6.95
108911,819,2025-12-13 07:49,completed,credit_card,HOLIDAY20,6.95
108912,2485,2025-12-13 08:14,completed,paypal,HOLIDAY20,0
108913,3507,2025-12-13 08:45,completed,gift_card,,6.95
108914,2205,2025-12-13 09:10,completed,credit_card,,0
108915,1971,2025-12-13 09:20,completed,paypal,,0
108916,3543,2025-12-13 10:22,completed,credit_card,,0
108917,363,2025-12-13 11:14,completed,apple_pay,,6.95
108918,2343,2025-12-13 11:33,completed,credit_card,,6.95
108919,455,2025-12-13 11:38,completed,apple_pay,,0
108920,2546,2025-12-13 11:52,completed,credit_card,,0
108921,3185,2025-12-13 13:09,completed,credit_card,,0
108922,2214,2025-12-13 14:03,completed,credit_card,,0
108923,1340,2025-12-13 14:06,completed,credit_card,HOLIDAY20,6.95
108924,675,2025-12-13 14:11,completed,credit_card,,6.95
108925,3119,2025-12-13 15:03,completed,credit_card,,0
108926,2312,2025-12-13 16:29,completed,apple_pay,HOLIDAY20,0
108927,3248,2025-12-13 16:32,completed,credit_card,,0
108928,2227,2025-12-13 17:04,completed,paypal,HOLIDAY20,0
108929,3438,2025-12-13 17:39,completed,credit_card,,0
108930,3499,2025-12-13 17:41,completed,paypal,,0
108931,755,2025-12-13 19:21,completed,credit_card,HOLIDAY20,0
108932,2424,2025-12-13 20:15,completed,credit_card,,0
108933,783,2025-12-13 21:59,completed,apple_pay,HOLIDAY20,0
108934,1961,2025-12-13 22:20,completed,credit_card,,0
108935,3423,2025-12-13 23:34,completed,credit_card,HOLIDAY20,0
108936,1403,2025-12-14 06:54,completed,apple_pay,HOLIDAY20,6.95
108937,2679,2025-12-14 07:07,completed,credit_card,,0
108938,113,2025-12-14 09:22,completed,paypal,,6.95
108939,590,2025-12-14 09:26,completed,credit_card,HOLIDAY20,0
108940,2973,2025-12-14 10:32,completed,apple_pay,HOLIDAY20,6.95
108941,966,2025-12-14 11:00,completed,apple_pay,,0
108942,2367,2025-12-14 11:23,completed,credit_card,,6.95
108943,381,2025-12-14 12:07,completed,paypal,HOLIDAY20,0
108944,2715,2025-12-14 12:20,completed,credit_card,,0
108945,474,2025-12-14 12:34,completed,credit_card,HOLIDAY20,0
108946,2008,2025-12-14 12:56,completed,credit_card,,0
108947,3157,2025-12-14 13:27,completed,apple_pay,HOLIDAY20,0
108948,1294,2025-12-14 14:02,completed,credit_card,,0
108949,441,2025-12-14 14:49,completed,apple_pay,,6.95
108950,928,2025-12-14 14:51,completed,paypal,HOLIDAY20,0
108951,2292,2025-12-14 15:01,returned,paypal,,0
108952,13,2025-12-14 15:27,completed,apple_pay,,0
108953,668,2025-12-14 15:27,completed,credit_card,HOLIDAY20,0
108954,485,2025-12-14 17:31,completed,gift_card,HOLIDAY20,0
108955,579,2025-12-14 17:52,completed,credit_card,,0
108956,2033,2025-12-14 18:11,completed,paypal,,0
108957,3120,2025-12-14 19:33,completed,apple_pay,,0
108958,803,2025-12-14 20:29,completed,gift_card,,0
108959,3363,2025-12-14 21:08,canceled,credit_card,HOLIDAY20,6.95
108960,1858,2025-12-14 22:17,completed,apple_pay,HOLIDAY20,0
108961,1858,2025-12-14 22:48,completed,paypal,HOLIDAY20,0
108962,2105,2025-12-14 22:50,completed,gift_card,,0
108963,1501,2025-12-15 07:34,completed,credit_card,WELCOME10,6.95
108964,3570,2025-12-15 07:34,completed,paypal,,0
108965,2108,2025-12-15 08:22,completed,credit_card,WELCOME10,0
108966,3068,2025-12-15 10:09,completed,credit_card,HOLIDAY20,0
108967,3051,2025-12-15 10:22,completed,credit_card,HOLIDAY20,6.95
108968,721,2025-12-15 11:13,completed,paypal,,0
108969,2197,2025-12-15 12:20,completed,credit_card,,0
108970,1170,2025-12-15 15:32,completed,credit_card,,0
108971,886,2025-12-15 16:15,completed,credit_card,,0
108972,405,2025-12-15 18:18,completed,apple_pay,,0
108973,398,2025-12-15 18:28,completed,apple_pay,,0
108974,2417,2025-12-15 20:00,completed,paypal,,0
108975,1761,2025-12-15 20:18,completed,paypal,WELCOME10,6.95
108976,648,2025-12-15 23:27,canceled,credit_card,HOLIDAY20,6.95
108977,48,2025-12-15 23:47,completed,paypal,HOLIDAY20,0
108978,899,2025-12-16 06:22,returned,paypal,,0
108979,1269,2025-12-16 06:43,completed,credit_card,,0
108980,886,2025-12-16 07:20,completed,paypal,,6.95
108981,2214,2025-12-16 08:56,completed,credit_card,,0
108982,2383,2025-12-16 12:09,completed,gift_card,,0
108983,1381,2025-12-16 12:55,completed,gift_card,,0
108984,1311,2025-12-16 14:05,completed,gift_card,HOLIDAY20,0
108985,443,2025-12-16 16:35,completed,credit_card,,0
108986,2286,2025-12-16 18:07,completed,paypal,,0
108987,441,2025-12-16 18:56,completed,apple_pay,,0
108988,2492,2025-12-16 19:08,completed,paypal,HOLIDAY20,0
108989,890,2025-12-16 21:11,completed,paypal,,0
108990,249,2025-12-16 22:00,completed,credit_card,,0
108991,48,2025-12-16 22:23,completed,paypal,,0
108992,972,2025-12-16 22:38,completed,apple_pay,,6.95
108993,1998,2025-12-16 23:08,completed,credit_card,,6.95
108994,45,2025-12-16 23:43,completed,paypal,HOLIDAY20,0
108995,1893,2025-12-17 06:00,completed,apple_pay,,0
108996,1151,2025-12-17 06:37,completed,paypal,,0
102517,1254,2024-08-28 20:08,completed,paypal,,0
108997,648,2025-12-17 06:39,completed,credit_card,HOLIDAY20,0
108998,781,2025-12-17 07:01,returned,credit_card,WELCOME10,0
108999,411,2025-12-17 07:52,completed,credit_card,,6.95
109000,1889,2025-12-17 08:33,completed,credit_card,HOLIDAY20,0
109001,1280,2025-12-17 10:10,completed,credit_card,,0
109002,3499,2025-12-17 11:11,completed,credit_card,,0
109003,981,2025-12-17 11:25,completed,credit_card,HOLIDAY20,0
109004,2377,2025-12-17 11:34,completed,apple_pay,HOLIDAY20,0
109005,2194,2025-12-17 11:49,completed,apple_pay,HOLIDAY20,0
109006,2481,2025-12-17 13:18,completed,paypal,,0
109007,1510,2025-12-17 14:45,completed,credit_card,,6.95
109008,1200,2025-12-17 15:19,completed,credit_card,HOLIDAY20,0
109009,3298,2025-12-17 18:05,completed,apple_pay,,0
109010,112,2025-12-17 18:23,completed,paypal,,0
109011,3172,2025-12-17 18:53,completed,gift_card,,0
109012,2970,2025-12-17 20:19,completed,credit_card,,6.95
109013,3427,2025-12-17 21:45,completed,credit_card,HOLIDAY20,0
109014,3232,2025-12-17 22:26,completed,credit_card,,6.95
109015,1321,2025-12-17 23:10,completed,apple_pay,,0
109016,2640,2025-12-17 23:35,completed,apple_pay,HOLIDAY20,0
109017,1528,2025-12-17 23:38,completed,credit_card,HOLIDAY20,6.95
109018,906,2025-12-17 23:51,completed,credit_card,,6.95
109019,443,2025-12-18 06:07,completed,apple_pay,,6.95
109020,2377,2025-12-18 06:21,completed,credit_card,,0
109021,3015,2025-12-18 06:34,completed,paypal,,0
109022,2166,2025-12-18 06:49,completed,paypal,WELCOME10,0
109023,2334,2025-12-18 07:09,completed,credit_card,HOLIDAY20,6.95
109024,802,2025-12-18 07:40,completed,credit_card,,0
109025,2114,2025-12-18 09:48,completed,credit_card,HOLIDAY20,0
109026,2953,2025-12-18 10:06,completed,paypal,,6.95
109027,103,2025-12-18 10:28,completed,credit_card,,0
109028,2911,2025-12-18 10:53,completed,paypal,,0
109029,2039,2025-12-18 11:10,completed,paypal,,0
109030,79,2025-12-18 11:38,completed,paypal,HOLIDAY20,6.95
109031,2787,2025-12-18 12:23,completed,credit_card,,0
109032,780,2025-12-18 12:29,completed,paypal,,0
109033,924,2025-12-18 13:40,completed,credit_card,,0
109034,2887,2025-12-18 16:26,completed,apple_pay,,0
109035,1629,2025-12-18 17:25,completed,paypal,,0
109036,1448,2025-12-18 19:59,completed,credit_card,,0
109037,2194,2025-12-18 20:02,completed,credit_card,HOLIDAY20,6.95
109038,367,2025-12-18 20:11,completed,credit_card,,6.95
109039,2383,2025-12-18 22:03,completed,credit_card,HOLIDAY20,0
109040,2746,2025-12-19 06:45,completed,credit_card,,0
109041,3014,2025-12-19 07:02,returned,apple_pay,HOLIDAY20,0
109042,3172,2025-12-19 08:01,completed,credit_card,,0
109043,1812,2025-12-19 08:23,completed,credit_card,HOLIDAY20,0
109044,2721,2025-12-19 09:08,canceled,credit_card,HOLIDAY20,0
109045,216,2025-12-19 09:22,completed,credit_card,,0
109046,2897,2025-12-19 11:13,completed,apple_pay,,0
109047,21,2025-12-19 11:36,completed,credit_card,,6.95
109048,188,2025-12-19 14:09,completed,credit_card,HOLIDAY20,0
109049,3490,2025-12-19 14:45,completed,credit_card,HOLIDAY20,0
109050,2160,2025-12-19 15:31,completed,credit_card,,0
109051,1469,2025-12-19 16:05,completed,credit_card,HOLIDAY20,0
109052,1230,2025-12-19 16:58,completed,credit_card,,0
109053,1466,2025-12-19 18:19,completed,apple_pay,,0
109054,2750,2025-12-19 18:45,completed,credit_card,,0
109055,3062,2025-12-19 20:34,completed,gift_card,HOLIDAY20,0
109056,3500,2025-12-19 20:53,completed,apple_pay,,0
109057,2,2025-12-19 21:09,completed,credit_card,,0
109058,2424,2025-12-19 22:05,completed,credit_card,,0
109059,2138,2025-12-20 06:38,completed,paypal,HOLIDAY20,0
109060,3597,2025-12-20 07:22,completed,credit_card,,0
109061,1964,2025-12-20 07:50,completed,credit_card,HOLIDAY20,0
109062,1485,2025-12-20 08:56,completed,apple_pay,HOLIDAY20,0
109063,2121,2025-12-20 10:03,completed,credit_card,HOLIDAY20,0
109064,2048,2025-12-20 10:07,completed,credit_card,,6.95
109065,3287,2025-12-20 10:25,completed,apple_pay,,0
109066,516,2025-12-20 10:57,completed,credit_card,,0
109067,1503,2025-12-20 13:15,completed,credit_card,HOLIDAY20,6.95
109068,1981,2025-12-20 13:27,completed,credit_card,HOLIDAY20,6.95
109069,1044,2025-12-20 14:28,completed,credit_card,HOLIDAY20,6.95
109070,886,2025-12-20 14:58,completed,paypal,,6.95
109071,947,2025-12-20 17:09,completed,credit_card,,0
109072,301,2025-12-20 17:40,completed,gift_card,,0
109073,3447,2025-12-20 21:39,completed,paypal,HOLIDAY20,6.95
109074,2151,2025-12-20 21:50,completed,credit_card,,0
109075,1898,2025-12-21 08:39,completed,credit_card,,6.95
109076,717,2025-12-21 09:00,completed,credit_card,,0
109077,769,2025-12-21 11:06,completed,apple_pay,,0
109078,1932,2025-12-21 12:36,completed,paypal,HOLIDAY20,0
109079,1673,2025-12-21 14:32,completed,credit_card,,0
109080,2867,2025-12-21 18:22,canceled,credit_card,HOLIDAY20,0
109081,598,2025-12-21 21:06,completed,gift_card,HOLIDAY20,0
109082,549,2025-12-21 21:21,completed,credit_card,HOLIDAY20,0
109083,721,2025-12-21 21:40,completed,credit_card,HOLIDAY20,6.95
109084,97,2025-12-21 22:25,completed,credit_card,HOLIDAY20,6.95
109085,1717,2025-12-21 23:06,completed,credit_card,,6.95
108138,1241,2025-11-07 12:15,returned,gift_card,,0
109086,1902,2025-12-22 07:39,completed,paypal,HOLIDAY20,0
109087,3358,2025-12-22 08:35,completed,credit_card,HOLIDAY20,0
109088,444,2025-12-22 10:00,completed,credit_card,,0
109089,1532,2025-12-22 10:14,completed,paypal,HOLIDAY20,0
109090,489,2025-12-22 11:16,returned,credit_card,,0
109091,151,2025-12-22 11:52,completed,credit_card,,0
109092,56,2025-12-22 11:54,completed,credit_card,HOLIDAY20,6.95
109093,2022,2025-12-22 14:17,returned,paypal,HOLIDAY20,6.95
109094,2160,2025-12-22 14:18,completed,paypal,,0
109095,924,2025-12-22 14:20,completed,apple_pay,HOLIDAY20,6.95
109096,2887,2025-12-22 15:25,completed,credit_card,HOLIDAY20,0
109097,1209,2025-12-22 15:50,completed,gift_card,,6.95
109098,3319,2025-12-22 16:12,completed,apple_pay,,0
109099,1589,2025-12-22 17:38,completed,credit_card,HOLIDAY20,0
109100,512,2025-12-22 19:06,completed,paypal,HOLIDAY20,6.95
109101,3429,2025-12-22 19:47,completed,credit_card,,0
109102,2775,2025-12-22 20:17,completed,apple_pay,,6.95
109103,3096,2025-12-22 20:49,completed,credit_card,,0
109104,17,2025-12-22 20:51,completed,gift_card,,0
109105,3060,2025-12-22 21:10,completed,credit_card,,0
109106,3540,2025-12-23 08:58,completed,credit_card,HOLIDAY20,6.95
109107,3306,2025-12-23 10:48,returned,paypal,HOLIDAY20,0
109108,2184,2025-12-23 11:07,completed,credit_card,HOLIDAY20,6.95
109109,1835,2025-12-23 11:35,completed,paypal,HOLIDAY20,0
109110,2428,2025-12-23 12:30,completed,credit_card,HOLIDAY20,6.95
109111,2197,2025-12-23 17:06,completed,credit_card,,6.95
109112,487,2025-12-23 17:12,completed,credit_card,,0
109113,3015,2025-12-23 18:57,completed,paypal,HOLIDAY20,0
109114,1676,2025-12-23 19:02,completed,credit_card,HOLIDAY20,0
109115,2039,2025-12-23 19:04,completed,credit_card,,0
109116,1312,2025-12-23 23:14,completed,credit_card,,0
109117,2649,2025-12-24 07:56,completed,credit_card,WELCOME10,0
109118,13,2025-12-24 08:35,completed,paypal,,6.95
109119,445,2025-12-24 09:06,completed,credit_card,,0
109120,51,2025-12-24 10:12,completed,paypal,,6.95
109121,1061,2025-12-24 11:43,returned,credit_card,,0
109122,3401,2025-12-24 12:59,completed,credit_card,HOLIDAY20,6.95
109123,728,2025-12-24 13:40,completed,credit_card,HOLIDAY20,0
109124,492,2025-12-24 23:31,completed,credit_card,,0
109125,5,2025-12-25 06:10,completed,apple_pay,HOLIDAY20,6.95
109126,1487,2025-12-25 09:21,completed,credit_card,,6.95
109127,2381,2025-12-25 09:36,completed,credit_card,,0
109128,934,2025-12-25 11:05,completed,apple_pay,,6.95
109129,1506,2025-12-25 12:31,completed,gift_card,HOLIDAY20,6.95
109130,1887,2025-12-25 12:34,completed,credit_card,,0
109131,2194,2025-12-25 13:05,completed,credit_card,HOLIDAY20,0
109132,2887,2025-12-25 15:28,completed,apple_pay,HOLIDAY20,6.95
109133,3266,2025-12-25 16:06,completed,paypal,,0
109134,2143,2025-12-25 19:00,completed,credit_card,HOLIDAY20,6.95
109135,364,2025-12-25 19:16,completed,paypal,,0
109136,1071,2025-12-25 21:30,canceled,credit_card,,0
109137,422,2025-12-25 22:33,completed,credit_card,,6.95
109138,2491,2025-12-26 06:54,completed,credit_card,,0
109139,575,2025-12-26 10:54,completed,paypal,,0
109140,3112,2025-12-26 14:54,completed,apple_pay,,0
109141,2911,2025-12-26 16:11,canceled,credit_card,,0
109142,642,2025-12-26 19:22,completed,credit_card,,0
109143,3162,2025-12-26 20:20,completed,credit_card,,0
109144,3192,2025-12-26 20:40,completed,credit_card,,0
109145,2027,2025-12-26 20:47,completed,gift_card,,6.95
109146,1770,2025-12-26 23:21,completed,credit_card,,0
109147,127,2025-12-27 09:59,completed,credit_card,,0
109148,1162,2025-12-27 14:19,completed,credit_card,,0
109149,790,2025-12-27 16:36,completed,apple_pay,,6.95
109150,909,2025-12-27 16:39,returned,paypal,,0
109151,1975,2025-12-27 16:50,completed,paypal,,0
109152,2613,2025-12-27 17:38,completed,credit_card,,0
109153,2001,2025-12-27 18:06,completed,credit_card,,0
109154,2227,2025-12-27 18:11,completed,credit_card,,0
109155,2385,2025-12-27 20:00,completed,paypal,,0
109156,1696,2025-12-27 20:38,completed,credit_card,HOLIDAY20,0
109157,3066,2025-12-27 22:47,completed,credit_card,,6.95
109158,74,2025-12-28 08:49,completed,paypal,,6.95
109159,788,2025-12-28 11:12,completed,credit_card,,0
109160,237,2025-12-28 12:01,completed,credit_card,HOLIDAY20,6.95
109161,3056,2025-12-28 12:34,completed,paypal,HOLIDAY20,6.95
109162,2386,2025-12-28 12:54,completed,credit_card,,0
109163,2325,2025-12-28 12:56,canceled,apple_pay,HOLIDAY20,6.95
109164,266,2025-12-28 13:11,completed,credit_card,HOLIDAY20,0
109165,642,2025-12-28 15:03,completed,credit_card,,0
109166,2159,2025-12-28 15:09,completed,credit_card,,6.95
109167,2417,2025-12-28 15:21,completed,credit_card,HOLIDAY20,6.95
109168,522,2025-12-28 15:58,completed,gift_card,HOLIDAY20,0
109169,269,2025-12-28 17:26,completed,paypal,,6.95
109170,3207,2025-12-28 18:44,completed,credit_card,,0
109171,3493,2025-12-28 18:48,completed,credit_card,HOLIDAY20,6.95
109172,3069,2025-12-28 20:26,returned,gift_card,HOLIDAY20,0
109173,2361,2025-12-28 21:24,completed,apple_pay,,0
109174,266,2025-12-28 22:29,completed,paypal,,0
109175,579,2025-12-29 07:29,completed,paypal,HOLIDAY20,0
109176,2086,2025-12-29 14:33,completed,paypal,,0
109177,2582,2025-12-29 14:41,completed,gift_card,,0
109178,1243,2025-12-29 15:48,completed,gift_card,,6.95
109179,399,2025-12-29 17:12,completed,credit_card,,6.95
109180,2577,2025-12-29 17:52,completed,credit_card,HOLIDAY20,0
109181,859,2025-12-29 21:41,completed,credit_card,,0
109182,2691,2025-12-29 22:14,completed,gift_card,HOLIDAY20,6.95
109183,2741,2025-12-30 07:24,completed,apple_pay,,6.95
109184,518,2025-12-30 08:08,completed,credit_card,,6.95
109185,773,2025-12-30 08:16,completed,apple_pay,,0
109186,2654,2025-12-30 08:53,completed,credit_card,,6.95
109187,3088,2025-12-30 09:56,completed,gift_card,,0
109188,544,2025-12-30 10:34,completed,credit_card,HOLIDAY20,6.95
109189,1964,2025-12-30 10:37,completed,apple_pay,,0
109190,803,2025-12-30 14:03,completed,credit_card,,0
109191,1383,2025-12-30 17:07,completed,credit_card,,6.95
109192,476,2025-12-30 19:01,completed,credit_card,,0
109193,446,2025-12-30 19:11,completed,paypal,HOLIDAY20,6.95
109194,485,2025-12-30 21:40,completed,paypal,WELCOME10,0
109195,3304,2025-12-30 22:36,completed,credit_card,,0
109196,2033,2025-12-31 06:42,completed,credit_card,,0
109197,3405,2025-12-31 08:38,completed,gift_card,,0
109198,249,2025-12-31 12:31,completed,credit_card,,0
109199,3275,2025-12-31 12:50,completed,credit_card,HOLIDAY20,0
109200,369,2025-12-31 13:33,completed,credit_card,,0
109201,785,2025-12-31 14:03,completed,paypal,,0
109202,2687,2025-12-31 14:10,completed,apple_pay,HOLIDAY20,6.95
109203,3499,2025-12-31 16:50,completed,credit_card,HOLIDAY20,6.95
109204,3410,2025-12-31 17:40,completed,credit_card,HOLIDAY20,0
109205,2911,2025-12-31 18:21,completed,credit_card,,0
109206,1157,2025-12-31 21:38,completed,credit_card,,6.95
109207,2208,2025-12-31 23:23,completed,paypal,HOLIDAY20,0
